,UWI,Name,Status,Operator,Spud_Date,Geologic_Formation,Depth,Data_Source,Plugged,Leak_Detected,Surface_Casing_Visible,Off_Shore,Latitude,Longitude
0,300C406120115450,WINDY POINT NO.1(C-40),Abandoned,Imperial Oil Limited,1920-01-01,,,OROGO,Unknown,,,False,61.3168,-115.8681
1,300A376500125450,BLUEFISH NO.1(A-37),Abandoned,Imperial Oil Limited,1921-01-01,,,OROGO,Unknown,,,False,64.9334,-125.8518
2,300C356520126300,FORT NORMAN NO. 1,Abandoned,Imperial Oil Limited,1921-01-01,,,OROGO,Unknown,,,False,65.2334,-126.6185
3,300C256520126450,C-1 LOCATION (LINK),Abandoned,Northwest Oils Ltd,1921-01-01,,,OROGO,Unknown,,,False,65.2334,-126.8352
4,302C256520126450,C-2 LOCATION (LINK),Abandoned,Northwest Oils Ltd,1922-01-01,,,OROGO,Unknown,,,False,65.2334,-126.8352
5,300H156530127300,CANOL HOOSIER RIDGE NO.1(H-15),Abandoned,Imperial Oil Limited,1942-01-01,,,OROGO,Unknown,,,False,65.4044,-127.5391
6,300A166530127300,CANOL HOOSIER RIDGE NO.2(A-16),Abandoned,Imperial Oil Limited,1943-01-01,,,OROGO,Unknown,,,False,65.4168,-127.5383
7,300J766520126450,MAC NO.1(J-76),Abandoned,Imperial Oil Limited,1943-01-01,,,OROGO,Unknown,,,False,65.2584,-126.9852
8,302A376500125450,CANOL BLUEFISH NO. 1A,Abandoned,Imperial Oil Limited,1943-01-01,,,OROGO,Unknown,,,False,64.9337,-125.8501
9,300P056520127000,MAC NO.2,Abandoned,Imperial Oil Limited,1943-01-01,,,OROGO,Unknown,,,False,65.2476,-127.008
10,300A526520126450,LOON CREEK NO. 1,Abandoned,Imperial Oil Limited,1943-01-01,,,OROGO,Unknown,,,False,65.1851,-126.9082
11,300B466520127000,RAY NO. 1,Abandoned,Imperial Oil Limited,1944-01-01,,,OROGO,Unknown,,,False,65.2517,-127.1374
12,300H246550128451,SANS SAULT NO.1(H-24),Abandoned,Imperial Oil Limited,1944-01-01,,,OROGO,Unknown,,,False,65.7221,-128.8208
13,300G446530127150,MORROW CREEK NO.1(G-44),Abandoned,Imperial Oil Limited,1944-01-01,,,OROGO,Unknown,,,False,65.3875,-127.3872
14,300N286510126000,VERMILION RIDGE NO. 1,Abandoned,Imperial Oil Limited,1944-01-01,,,OROGO,Unknown,,,False,65.1309,-126.0851
15,300L286520126450,SEEPAGE LAKE NO.1(L-28),Abandoned,Imperial Oil Limited,1944-01-01,,,OROGO,Unknown,,,False,65.2945,-126.8419
16,300G126520127000,LOONEX NO. 1 (G-12),Abandoned,Imperial Oil Limited,1944-01-01,,,OROGO,Unknown,,,False,65.1887,-127.0444
17,300F396520127000,RAIDER ISLAND NO.1(F-39),Abandoned,Imperial Oil Limited,1945-01-01,,,OROGO,Unknown,,,False,65.3041,-127.1176
18,300G786510126150,LOON CREEK NO.2(G-78),Abandoned,Imperial Oil Limited,1945-01-01,,,OROGO,Unknown,,,False,65.1223,-126.4826
19,300G516520126150,CANYON CREEK NO.1(G-51),Abandoned,Imperial Oil Limited,1945-01-01,,,OROGO,Unknown,,,False,65.1729,-126.4161
20,300H406530127300,JUDILE NO.1(H-40),Abandoned,Imperial Oil Limited,1945-01-01,,,OROGO,Unknown,,,False,65.49,-127.6014
21,300J206510126150,CANYON CREEK NO.2(J-20),Abandoned,Imperial Oil Limited,1945-01-01,,,OROGO,Unknown,,,False,65.1601,-126.2949
22,300J426420124300,REDSTONE NO.1(J-42),Abandoned,Imperial Oil Limited,1945-01-01,,,OROGO,Unknown,,,False,64.1951,-124.6404
23,300H736540129000,WHIRLPOOL NO.1(H-73),Abandoned,Imperial Oil Limited,1946-01-01,,,OROGO,Unknown,,,False,65.5403,-129.2234
24,300K596120118300,NORTH WEST TERRITORIES NO.2 (K-59),Abandoned,N.W.T. Petroleums Ltd.,1951-01-01,,,OROGO,Unknown,,,False,61.309,-118.6764
25,300D476120116450,DEEP BAY NO.1(D-47),Abandoned,N.W.T. Petroleums Ltd.,1952-01-01,,,OROGO,Unknown,,,False,61.2668,-116.9014
26,300C196120116451,DEEP BAY NO.2(C-19),Abandoned,N.W.T. Petroleums Ltd.,1952-01-01,,,OROGO,Unknown,,,False,61.3001,-116.8014
27,300G776150120300,WESTEROL 3-A G-77,Abandoned,Western Homestead Oils Ltd.,1952-01-01,,,OROGO,Unknown,,,False,61.774,-120.7315
28,300A806140120300,WESTEROL NO.7A (A-80),Abandoned,Petcal Company Ltd,1952-01-01,,,OROGO,Unknown,,,False,61.6537,-120.7276
29,300M776150121000,WESTEROL 4-A (M-77),Abandoned,Anderson F.W.,1952-01-01,,,OROGO,Unknown,,,False,61.7804,-121.2476
30,300J656210122000,TRAIL CREEK NO.1(J-65),Abandoned,British American Oil Company Ltd [The],1952-01-01,,,OROGO,Unknown,,,False,62.0751,-122.2015
31,300C616130116300,DEEP BAY NO.3(C-61),Abandoned,N.W.T. Petroleums Ltd.,1952-01-01,,,OROGO,Unknown,,,False,61.3335,-116.7097
32,300C206120116450,DEEP BAY NO.4(C-20),Abandoned,N.W.T. Petroleums Ltd.,1952-01-01,,,OROGO,Unknown,,,False,61.3168,-116.8014
33,300B696110116300,BIG ISLAND NO.1(B-69),Abandoned,N.W.T. Petroleums Ltd.,1953-01-01,,,OROGO,Unknown,,,False,61.1335,-116.7014
34,300B186130121451,LIARD RAPIDS NO. 1-A (B-18),Abandoned,New Ranchmens Oil Co. Ltd.,1953-01-01,,,OROGO,Unknown,,,False,61.4501,-121.796
35,300C386110116450,BIG ISLAND NO.2(C-38),Abandoned,N.W.T. Petroleums Ltd.,1953-01-01,,,OROGO,Unknown,,,False,61.1168,-116.8681
36,300C166230123150,ROOT RIVER NO.1(C-16),Abandoned,British American Oil Company Ltd [The],1953-01-01,,,OROGO,Unknown,,,False,62.4168,-123.3016
37,300D516220122450,LONE MOUNTAIN NO.1(D-51),Abandoned,British American Oil Company Ltd [The],1953-01-01,,,OROGO,Unknown,,,False,62.1668,-122.9349
38,300B596210122300,LONE MOUNTAIN NO.2(B-59),Abandoned,British American Oil Company Ltd [The],1953-01-01,,,OROGO,Unknown,,,False,62.1334,-122.6682
39,300B436140120300,JEAN MARIE CREEK NO.1(B-43),Abandoned,British American Oil Company Ltd [The],1953-01-01,,,OROGO,Unknown,,,False,61.5334,-120.639
40,300F296050116300,HEART LAKE NO.1(F-29),Abandoned,N.W.T. Petroleums Ltd.,1954-01-01,,,OROGO,Unknown,,,False,60.8051,-116.5864
41,300G506010121000,ISLAND RIVER NO. 1 (G-50),Abandoned,Imperial Oil Limited,1954-01-01,,,OROGO,Unknown,,,False,60.1581,-121.1394
42,300C196050116450,DESMARAIS LAKE NO.1(C-19),Abandoned,N.W.T. Petroleums Ltd.,1954-01-01,,,OROGO,Unknown,,,False,60.8001,-116.8014
43,302L666040116001,ESCARPMENT LAKE NO.1(L-66),Abandoned,N.W.T. Petroleums Ltd.,1954-01-01,,,OROGO,Unknown,,,False,60.5954,-116.218
44,300D666040116000,ESCARPMENT LAKE NO.2(D-66),Abandoned,N.W.T. Petroleums Ltd.,1954-01-01,,,OROGO,Unknown,,,False,60.6026,-116.2022
45,300I416100116300,HEART LAKE NO.2 (I-41),Abandoned,N.W.T. Petroleums Ltd.,1954-01-01,,,OROGO,Unknown,,,False,60.8418,-116.6264
46,300O166100118451,RABBIT LAKE NO.1(O-16),Abandoned,Briggs D. Todd,1955-01-01,,,OROGO,Unknown,,,False,60.9309,-118.7927
47,300O256100118450,RABBIT LAKE NO. 2(O-25),Abandoned,Briggs D. Todd,1955-01-01,,,OROGO,Unknown,,,False,60.9149,-118.8283
48,300A776040116000,ESCARPMENT LAKE NO.3(A-77),Abandoned,N.W.T. Petroleums Ltd.,1955-01-01,,,OROGO,Unknown,,,False,60.6015,-116.2233
49,300D066100118300,FOETUS LAKE NO.1 (D-06),Abandoned,Briggs D. Todd,1955-01-01,,,OROGO,Unknown,,,False,60.9203,-118.5316
50,300O466100116300,GREAT SLAVE LAKE NO.1 (O-46),Abandoned,J.C. Sproule Associates,1956-01-01,,,OROGO,Unknown,,,False,60.9301,-116.6348
51,300C276050117151,N.E.TATHLINA LAKE NO.1(C-27),Abandoned,Briggs D. Todd,1956-01-01,,,OROGO,Unknown,,,False,60.7671,-117.3304
52,300M366120122300,LIARD RIVER NO.1(M-36),Abandoned,Shell Canada Resources Limited,1956-01-01,,,OROGO,Unknown,,,False,61.2654,-122.6224
53,300K186050117150,N.E.TATHLINA LAKE NO.2(K-18),Abandoned,Briggs D. Todd,1957-01-01,,,OROGO,Unknown,,,False,60.7936,-117.3007
54,300B736010122450,BOVIE LAKE NO.1 (B-73),Abandoned,Texaco Canada Resources Ltd.,1957-01-01,,,OROGO,Unknown,,,False,60.0359,-122.9783
55,300B076100118451,RABBIT LAKE NO.3(B-07),Abandoned,Briggs D. Todd,1957-01-01,,,OROGO,Unknown,,,False,60.9353,-118.7636
56,300H576010117450,KAKISA RIVER NO. 1 (H-57),Abandoned,Shell Canada Resources Limited,1957-01-01,,,OROGO,Unknown,,,False,60.1062,-117.915
57,300F016050117300,TATHLINA LAKE NO.3(F-01),Abandoned,Briggs D. Todd,1958-01-01,,,OROGO,Unknown,,,False,60.675,-117.5208
58,300K656050117150,TATHLINA LAKE NO.5(K-65),Abandoned,Briggs D. Todd,1958-01-01,,,OROGO,Unknown,,,False,60.7455,-117.4559
59,300K336100120300,TROUT RIVER NO.1(K-33),Abandoned,Briggs D. Todd,1958-01-01,,,OROGO,Unknown,,,False,60.8751,-120.6148
60,300L266040120300,TETCHO LAKE NO.1(L-26),Abandoned,Briggs D. Todd,1958-01-01,,,OROGO,Unknown,,,False,60.5951,-120.5891
61,300J536050117150,TATHLINA LAKE NO.7(J-53),Abandoned,Briggs D. Todd,1958-01-01,,,OROGO,Unknown,,,False,60.7093,-117.3967
62,300F256050117150,TATHLINA LAKE NO.8(F-25),Abandoned,Briggs D. Todd,1958-01-01,,,OROGO,Unknown,,,False,60.7411,-117.3309
63,300I486110120150,TURKEY LAKE NO.1 (I-48),Abandoned,Briggs D. Todd,1958-01-01,,,OROGO,Unknown,,,False,61.1251,-120.3765
64,300E756040116300,ALEXANDRA NO.5(E-75),Abandoned,Shell Canada Resources Limited,1958-01-01,,,OROGO,Unknown,,,False,60.5709,-116.7457
65,300K556030117450,ALEXANDRA NO.2(K-55),Abandoned,Shell Canada Resources Limited,1959-01-01,,,OROGO,Unknown,,,False,60.4086,-117.9274
66,300K216110118300,NORTHEAST RABBIT LAKE NO.1(K-21),Abandoned,Briggs D. Todd,1959-01-01,,,OROGO,Unknown,,,False,61.0096,-118.5873
67,300A776010118150,KAKISA RIVER NO.2 (A-77),Abandoned,Shell Canada Resources Limited,1959-01-01,,,OROGO,Unknown,,,False,60.1036,-118.4733
68,300L506020117450,ALEXANDRA NO.4(L-50),Abandoned,Shell Canada Resources Limited,1959-01-01,,,OROGO,Unknown,,,False,60.328,-117.906
69,300G486040117451,WEST TATHLINA LAKE NO.1(G-48),Abandoned,Briggs D. Todd,1959-01-01,,,OROGO,Unknown,,,False,60.6227,-117.887
70,300D756120122300,LIARD RIVER NO.2(D-75),Abandoned,Shell Canada Resources Limited,1959-01-01,,,OROGO,Unknown,,,False,61.2351,-122.7513
71,300J566030118000,ALEXANDRA NO.1(J-56),Abandoned,Shell Canada Resources Limited,1959-01-01,,,OROGO,Unknown,,,False,60.4273,-118.1728
72,300D346050117150,NORTHEAST TATHLINA LAKE NO.9(D-34),Abandoned,Briggs D. Todd,1959-01-01,,,OROGO,Unknown,,,False,60.7201,-117.3728
73,300O666130115450,SULPHUR BAY NO.1(O-66),Abandoned,Kore Petroleums Ltd.,1959-01-01,,,OROGO,Unknown,,,False,61.4315,-115.9514
74,300I446010122150,CELIBETA NO. 1 (I-44),Abandoned,Home Oil Company Limited,1959-01-01,,,OROGO,Unknown,,,False,60.062,-122.3826
75,300H786010122000,CELIBETA NO. 2 (H-78),Abandoned,Paramount Resources Ltd.,1959-01-01,,,OROGO,Unknown,,,False,60.1248,-122.2282
76,300G196040117450,WEST TATHLINA NO.2(G-19),Abandoned,Briggs D. Todd,1959-01-01,,,OROGO,Unknown,,,False,60.6384,-117.7923
77,300P026220118150,DAVIDSON CREEK P-02,Abandoned,Imperial Oil Limited,1960-01-01,,,OROGO,Unknown,,,False,62.1865,-118.2545
78,300P756710128150,ROND LAKE NO.1(P-75),Abandoned,Western Decalta Petroleum Ltd.,1960-01-01,,,OROGO,Unknown,,,False,67.08,-128.4766
79,300A716050117300,W.TATHLINA LAKE NO.3(A-71),Abandoned,Briggs D. Todd,1960-01-01,,,OROGO,Unknown,,,False,60.6668,-117.7214
80,300F396030116450,ALEXANDRA NO.1(F-39),Abandoned,Murphy Oil Company Ltd.,1960-01-01,,,OROGO,Unknown,,,False,60.4742,-116.8608
81,300G776300118450,WINDFLOWER G-77,Abandoned,Imperial Oil Limited,1960-01-01,,,OROGO,Unknown,,,False,62.9407,-118.9853
82,300D186100120150,TROUT RIVER NO.2(D-18),Abandoned,Briggs D. Todd,1960-01-01,,,OROGO,Unknown,,,False,60.9526,-120.312
83,300I196100120000,TROUT RIVER NO.3(I-19),Abandoned,Briggs D. Todd,1960-01-01,,,OROGO,Unknown,,,False,60.979,-120.0334
84,300F566710128150,ROND LAKE NO.2(F-56),Abandoned,Western Decalta Petroleum Ltd.,1960-01-01,,,OROGO,Unknown,,,False,67.0909,-128.4305
85,300C356350120300,LAC TACHE C-35,Abandoned,Imperial Oil Limited,1960-01-01,,,OROGO,Unknown,,,False,63.7377,-120.6141
86,300F726320120150,CARTRIDGE F-72,Abandoned,Imperial Oil Limited,1960-01-01,,,OROGO,Unknown,,,False,63.1888,-120.486
87,300A106100120150,TROUT RIVER NO.4(A-10),Abandoned,Briggs D. Todd,1960-01-01,,,OROGO,Unknown,,,False,60.9865,-120.252
88,300A486710128150,ROND LAKE NO.3(A-48),Abandoned,Western Decalta Petroleum Ltd.,1960-01-01,,,OROGO,Unknown,,,False,67.1168,-128.3788
89,300J266020116300,ALEXANDRA FALLS NO.2(J-26),Abandoned,J.C. Sproule Associates,1960-01-01,,,OROGO,Unknown,,,False,60.2587,-116.5797
90,300D066100120300,TROUT RIVER NO.5(D-06),Abandoned,Briggs D. Todd,1960-01-01,,,OROGO,Unknown,,,False,60.9176,-120.5276
91,300L476710128150,ROND LAKE NO.4(L-47),Abandoned,Western Decalta Petroleum Ltd.,1960-01-01,,,OROGO,Unknown,,,False,67.1084,-128.4021
92,300K186100120150,TROUT RIVER NO.6(K-18),Abandoned,Briggs D. Todd,1960-01-01,,,OROGO,Unknown,,,False,60.9601,-120.2995
93,300B576710128150,ROND LAKE NO.5(B-57),Abandoned,Western Decalta Petroleum Ltd.,1960-01-01,,,OROGO,Unknown,,,False,67.1001,-128.4174
94,300H796630128450,LOON RIVER NO.1(H-79),Abandoned,J.C. Sproule Associates,1960-01-01,,,OROGO,Unknown,,,False,66.4739,-128.9754
95,300I556620128300,RAMPARTS NO.1(I-55),Abandoned,J.C. Sproule Associates,1960-01-01,,,OROGO,Unknown,,,False,66.2456,-128.6651
96,300H486620128300,HARE INDIAN NO.1(H-48),Abandoned,J.C. Sproule Associates,1960-01-01,,,OROGO,Unknown,,,False,66.2898,-128.6271
97,300M196020119150,ALEXANDRA NO.6(M-19),Abandoned,Shell Canada Resources Limited,1960-01-01,,,OROGO,Unknown,,,False,60.3126,-119.3161
98,300D726630129000,SOUTHWEST AIRPORT CREEK NO.1(D-72),Abandoned,Suncor Energy Inc.,1960-01-01,,,OROGO,Unknown,,,False,66.3528,-129.2476
99,300A376630129300,N.CIRCLE RIVER NO.1(A-37),Abandoned,Suncor Energy Inc.,1960-01-01,,,OROGO,Unknown,,,False,66.436,-129.6002
100,300D626030118300,ALEXANDRA D-62,Abandoned,Shell Canada Resources Limited,1960-01-01,,,OROGO,Unknown,,,False,60.3501,-118.7181
101,300E566010122000,CELIBETA NO.5 (E-56),Abandoned,Home Oil Company Limited,1960-01-01,,,OROGO,Unknown,,,False,60.0881,-122.1864
102,300F606010122000,CELIBETA NO.6 (F-60),Abandoned,Home Oil Company Limited,1961-01-01,,,OROGO,Unknown,,,False,60.1559,-122.1758
103,300J526050117300,WEST TATHLINA LAKE NO.4(J-52),Abandoned,J.C. Sproule Associates,1961-01-01,,,OROGO,Unknown,,,False,60.6926,-117.6698
104,300H316100122000,NORTH ARROWHEAD RIVER NO.1(H-31),Abandoned,Murphy Oil Company Ltd.,1961-01-01,,,OROGO,Unknown,,,False,60.8404,-122.0987
105,300C076050122452,NETLA C-07,Abandoned,Canadian Natural Resources Limited,1961-01-01,,,OROGO,Unknown,,,False,60.7703,-122.7731
106,300K476630130000,CIRCLE RIVER NO.1(K-47),Abandoned,Suncor Energy Inc.,1961-01-01,,,OROGO,Unknown,,,False,66.4439,-130.1493
107,300E136110123450,MATTSON CREEK NO.1(E-13),Abandoned,Pan American Petroleum Corporation,1961-01-01,,,OROGO,Unknown,,,False,61.0412,-123.8099
108,300E606100119000,REDKNIFE RIVER NO.1(E-60),Abandoned,J.C. Sproule Associates,1961-01-01,,,OROGO,Unknown,,,False,60.9907,-119.1875
109,300E336100119150,REDKNIFE RIVER NO.2(E-33),Abandoned,J.C. Sproule Associates,1961-01-01,,,OROGO,Unknown,,,False,60.8748,-119.3745
110,300I246050122000,MUSKEG RIVER NO.1(I-24),Abandoned,Murphy Oil Company Ltd.,1961-01-01,,,OROGO,Unknown,,,False,60.7273,-122.064
111,300K156750128450,CARNWATH RIVER NO.1(K-15),Abandoned,Canada Southern Petroleum Ltd.,1961-01-01,,,OROGO,Unknown,,,False,67.7445,-128.8003
112,300N346050117300,KAKISA RIVER NO.1(N-34),Abandoned,J.C. Sproule Associates,1961-01-01,,,OROGO,Unknown,,,False,60.73,-117.6125
113,300I466050122150,ARROWHEAD CABIN I-46,Abandoned,Imperial Oil Limited,1961-01-01,,,OROGO,Unknown,,,False,60.7604,-122.3812
114,300H506010122300,CELIBETA NO.7 (H-50),Abandoned,Home Oil Company Limited,1961-01-01,,,OROGO,Unknown,,,False,60.1568,-122.6305
115,300D296010121000,ISLAND RIVER D-29,Abandoned,Amoco Canada Petroleum Company Ltd.,1961-01-01,,,OROGO,Unknown,,,False,60.1355,-121.0897
116,300M476040122300,ARROWHEAD AURORA M-47,Abandoned,Imperial Oil Limited,1961-01-01,,,OROGO,Unknown,,,False,60.6151,-122.6501
117,300F736050122300,EMILE LAKE F-73,Abandoned,Imperial Oil Limited,1961-01-01,,,OROGO,Unknown,,,False,60.707,-122.7376
118,300N066100119150,REDKNIFE N-06,Abandoned,Imperial Oil Limited,1962-01-01,,,OROGO,Unknown,,,False,60.9304,-119.2709
119,300O126030121000,NORTH ISLAND R. O-12,Abandoned,Pan American Petroleum Corporation,1962-01-01,,,OROGO,Unknown,,,False,60.3659,-121.045
120,300P156330122450,OCHRE RIVER P-15,Abandoned,Shell Canada Resources Limited,1963-01-01,,,OROGO,Unknown,,,False,63.4126,-122.7841
121,300B766030122450,SOUTH ARROWHEAD B-76,Abandoned,British American Oil Company Ltd [The],1964-01-01,,,OROGO,Unknown,,,False,60.4173,-122.9854
122,300H366100117150,KAKISA H-36,Abandoned,Pan American Petroleum Corporation,1964-01-01,,,OROGO,Unknown,,,False,60.9218,-117.3528
123,300D506220122150,EBBUTT D-50,Abandoned,Imperial Oil Enterprises Limited,1964-01-01,,,OROGO,Unknown,,,False,62.317,-122.4029
124,300I446100117150,KAKISA I-44,Abandoned,Pan American Petroleum Corporation,1964-01-01,,,OROGO,Unknown,,,False,60.8923,-117.3775
125,300M416010121002,SOUTH ISLAND R. M-41,Abandoned,Apache Canada Ltd.,1964-01-01,,,OROGO,Unknown,,,False,60.0153,-121.1517
126,300D396040117150,TATHLINA LAKE D-39,Abandoned,Chevron Canada Resources Limited,1964-01-01,,,OROGO,Unknown,,,False,60.6337,-117.3736
127,300C106120116450,DEEP BAY TEST NO.1,Abandoned,Punch Petroleums Ltd.,1952-01-01,,,OROGO,Unknown,,,False,61.3168,-116.7722
128,300G526410122450,BLACKWATER LAKE G-52,Abandoned,Shell Canada Resources Limited,1964-01-01,,,OROGO,Unknown,,,False,64.0223,-122.9217
129,300K106040117150,TATHLINA LAKE K-10,Abandoned,Chevron Canada Resources Limited,1964-01-01,,,OROGO,Unknown,,,False,60.6613,-117.2737
130,300F356100117150,KAKISA F-35,Abandoned,Pan American Petroleum Corporation,1964-01-01,,,OROGO,Unknown,,,False,60.9071,-117.365
131,300J706220121450,EBBUTT J-70,Abandoned,Imperial Oil Enterprises Limited,1964-01-01,,,OROGO,Unknown,,,False,62.3254,-121.9524
132,300L196100118000,KAKISA L-19,Abandoned,Pan American Petroleum Corporation,1964-01-01,,,OROGO,Unknown,,,False,60.9768,-118.0592
133,300K046640130450,ARCTIC CIRCLE ONTARATUE K-04,Abandoned,Suncor Energy Inc.,1964-01-01,,,OROGO,Unknown,,,False,66.5604,-130.7717
134,300L046430125000,KEELE R. L-04,Abandoned,Shell Canada Resources Limited,1964-01-01,,,OROGO,Unknown,,,False,64.3937,-125.0304
135,300G706310124000,W WRIGLEY G-70,Abandoned,Shell Canada Resources Limited,1964-01-01,,,OROGO,Unknown,,,False,63.1548,-124.1989
136,300N026040123000,WEST ARROWHEAD N-02,Abandoned,British American Oil Company Ltd [The],1965-01-01,,,OROGO,Unknown,,,False,60.5295,-123.0232
137,300C036120118000,MILLS LAKE C-03,Abandoned,Chevron Canada Resources Limited,1965-01-01,,,OROGO,Unknown,,,False,61.2034,-118.0181
138,300L696050118300,BOUVIER L-69,Abandoned,Chevron Canada Resources Limited,1965-01-01,,,OROGO,Unknown,,,False,60.8095,-118.718
139,300C396020120300,TRAINOR LAKE C-39,Abandoned,"Pure Oil Company, The",1965-01-01,,,OROGO,Unknown,,,False,60.3003,-120.6183
140,300G566110116300,BIG ISLAND G-56,Abandoned,Chevron Canada Resources Limited,1965-01-01,,,OROGO,Unknown,,,False,61.0898,-116.6681
141,300I466400124450,CLOVERLEAF I-46,Abandoned,Shell Canada Resources Limited,1965-01-01,,,OROGO,Unknown,,,False,63.929,-124.8793
142,300L616630128450,MANITOU LAKE L-61,Abandoned,Suncor Energy Inc.,1965-01-01,,,OROGO,Unknown,,,False,66.3445,-128.9688
143,300K706010120150,TRAINOR K-70,Abandoned,Unocal Canada Limited,1966-01-01,,,OROGO,Unknown,,,False,60.1612,-120.4616
144,300L596030120300,TRAINOR L-59,Abandoned,Unocal Canada Limited,1966-01-01,,,OROGO,Unknown,,,False,60.4759,-120.6821
145,300E306050115450,HAY RIVER E-30,Abandoned,"General Crude Oil Company, Alberta, Ltd",1966-01-01,,,OROGO,Unknown,,,False,60.8233,-115.843
146,300J726020122452,BOVIE LAKE J-72,Abandoned,Texaco Canada Resources Ltd.,1966-01-01,,,OROGO,Unknown,,,False,60.1942,-122.9804
147,300K306010121000,TRAINOR K-30,Abandoned,Unocal Canada Limited,1966-01-01,,,OROGO,Unknown,,,False,60.1586,-121.0808
148,300P536030123452,POINTED MOUNTAIN P-53,Abandoned,Apache Canada Ltd.,1966-01-01,,,OROGO,Unknown,,,False,60.3794,-123.9108
149,300G156100116150,REEF CREEK G-15,Abandoned,"General Crude Oil Company, Alberta, Ltd",1966-01-01,,,OROGO,Unknown,,,False,60.9068,-116.2931
150,300A376150122300,CAMSELL A-37,Abandoned,Hudson's Bay Oil And Gas Company Limited,1966-01-01,,,OROGO,Unknown,,,False,61.7693,-122.6002
151,300G266600128300,BEAVERTAIL G-26,Abandoned,Suncor Energy Inc.,1966-01-01,,,OROGO,Unknown,,,False,65.9237,-128.5756
152,300A216200117450,LAFERTE RIVER A-21,Abandoned,Canada-Cities Service Petroleum Corp.,1966-01-01,,,OROGO,Unknown,,,False,61.8356,-117.8178
153,300E726110116150,DESMARAIS PT. E-72,Abandoned,"General Crude Oil Company, Alberta, Ltd",1966-01-01,,,OROGO,Unknown,,,False,61.0217,-116.4964
154,300P186120118000,MILLS LAKE P-18,Abandoned,Chevron Canada Resources Limited,1966-01-01,,,OROGO,Unknown,,,False,61.2973,-118.0348
155,300K136210117450,LAFERTE RIVER K-13,Abandoned,Canada-Cities Service Petroleum Corp.,1966-01-01,,,OROGO,Unknown,,,False,62.0439,-117.8022
156,300C316600128450,SHOALS C-31,Abandoned,Suncor Energy Inc.,1966-01-01,,,OROGO,Unknown,,,False,65.8355,-128.8645
157,300N326720130000,LITTLE CHICAGO N-32,Abandoned,Suncor Energy Inc.,1966-01-01,,,OROGO,Unknown,,,False,67.1961,-130.1175
158,300E356020120150,TRAINOR E-35,Abandoned,Unocal Canada Limited,1966-01-01,,,OROGO,Unknown,,,False,60.2392,-120.3763
159,300M736040121150,TROUT LK M-73,Abandoned,Dome Petroleum Limited,1967-01-01,,,OROGO,Unknown,,,False,60.5473,-121.4999
160,302I576120117300,MILLS LAKE 2I-57,Abandoned,Central Del-Rio Oils Limited,1967-01-01,,,OROGO,Unknown,,,False,61.2771,-117.6614
161,300A456030121450,TROUT LAKE A-45,Abandoned,"McDermott, J Ray",1967-01-01,,,OROGO,Unknown,,,False,60.4041,-121.8769
162,300G416150118300,LAFERTE RIVER G-41,Abandoned,Canada-Cities Service Petroleum Corp.,1967-01-01,,,OROGO,Unknown,,,False,61.673,-118.6382
163,300H456050121150,TROUT LAKE H-45,Abandoned,Dome Petroleum Limited,1967-01-01,,,OROGO,Unknown,,,False,60.739,-121.3804
164,300O156140118450,LAFERTE RIVER O-15,Abandoned,Canada-Cities Service Petroleum Corp.,1967-01-01,,,OROGO,Unknown,,,False,61.5814,-118.7944
165,300A706110117450,MILLS LAKE A-70,Abandoned,Central Del-Rio Oils Limited,1967-01-01,,,OROGO,Unknown,,,False,61.1522,-117.9428
166,300A506140118450,LAFERTE RIVER A-50,Abandoned,Canada-Cities Service Petroleum Corp.,1967-01-01,,,OROGO,Unknown,,,False,61.6522,-118.8804
167,300M316100123000,BAY CREEK M-31,Abandoned,Murphy Oil Company Ltd.,1967-01-01,,,OROGO,Unknown,,,False,60.8479,-123.1224
168,300I416110115300,HAY RIVER NO.1(I-41),Abandoned,"McDermott, J Ray",1967-01-01,,,OROGO,Unknown,,,False,61.0104,-115.6341
169,300H276140118300,LAFERTE RIVER H-27,Abandoned,Canada-Cities Service Petroleum Corp.,1967-01-01,,,OROGO,Unknown,,,False,61.6064,-118.5679
170,300J746120118000,MILLS LAKE J-74,Abandoned,Central Del-Rio Oils Limited,1967-01-01,,,OROGO,Unknown,,,False,61.2272,-118.2319
171,300A666150118300,LAFERTE RIVER A-66,Abandoned,Canada-Cities Service Petroleum Corp.,1967-01-01,,,OROGO,Unknown,,,False,61.7522,-118.6929
172,300N546150118450,LAFERTE RIVER N-54,Abandoned,Canada-Cities Service Petroleum Corp.,1967-01-01,,,OROGO,Unknown,,,False,61.7314,-118.9272
173,300G386100116300,DESMARAIS NO. 1 G-38,Abandoned,"McDermott, J Ray",1967-01-01,,,OROGO,Unknown,,,False,60.9564,-116.6069
174,300O076100114450,SULPHUR POINT NO.1(O-07),Abandoned,"McDermott, J Ray",1967-01-01,,,OROGO,Unknown,,,False,60.9493,-114.7596
175,300H776530127150,OSCAR CREEK H-77,Abandoned,Suncor Energy Inc.,1967-01-01,,,OROGO,Unknown,,,False,65.4395,-127.4727
176,300O416540127300,JUDILE O-41,Abandoned,Suncor Energy Inc.,1967-01-01,,,OROGO,Unknown,,,False,65.5126,-127.6353
177,300O176530127300,JUDILE O-17,Abandoned,Suncor Energy Inc.,1967-01-01,,,OROGO,Unknown,,,False,65.4481,-127.545
178,300K456030123452,POINTED MOUNTAIN K-45(A-2),Abandoned,Apache Canada Ltd.,1967-01-01,,,OROGO,Unknown,,,False,60.4094,-123.8992
179,300J486100116450,DESMARAIS J-48,Abandoned,Shell Canada Resources Limited,1967-01-01,,,OROGO,Unknown,,,False,60.9622,-116.8869
180,300K296100116450,DESMARAIS K-29,Abandoned,Shell Canada Resources Limited,1967-01-01,,,OROGO,Unknown,,,False,60.9751,-116.8341
181,300C776010122000,CELIBETA C-77,Abandoned,Dome Petroleum Limited,1967-01-01,,,OROGO,Unknown,,,False,60.1033,-122.2431
182,300O416010121300,TROUT LAKE O-41,Abandoned,Shell Canada Resources Limited,1967-01-01,,,OROGO,Unknown,,,False,60.015,-121.6364
183,300C046100117450,KAKISA LAKE C-04,Abandoned,Shell Canada Resources Limited,1967-01-01,,,OROGO,Unknown,,,False,60.8863,-117.7723
184,300C126110117150,MILLS LAKE C-12,Abandoned,Central Del-Rio Oils Limited,1968-01-01,,,OROGO,Unknown,,,False,61.0173,-117.3001
185,300N226050113300,LITTLE BUFFALO N-22,Abandoned,Iskut Silver Mines Ltd.,1968-01-01,,,OROGO,Unknown,,,False,60.696,-113.5832
186,300L106110117300,MILLS LAKE L-10,Abandoned,Central Del-Rio Oils Limited,1968-01-01,,,OROGO,Unknown,,,False,61.1614,-117.529
187,300J656050117150,KAKISA J-65,Abandoned,Placid Northern Oils Limited,1968-01-01,,,OROGO,Unknown,,,False,60.7451,-117.4534
188,300H286020120300,TRAINOR H-28,Abandoned,Unocal Canada Limited,1968-01-01,,,OROGO,Unknown,,,False,60.2878,-120.5711
189,300O286100118000,TWO ISLANDS O-28,Abandoned,Shell Canada Resources Limited,1968-01-01,,,OROGO,Unknown,,,False,60.9648,-118.0745
190,300A056010117304,CAMERON A-05,Abandoned,Strategic Oil & Gas Ltd.,1968-01-01,,,OROGO,Unknown,,,False,60.0674,-117.509
191,300G276010118150,SPAWN G-27,Abandoned,Amoco Canada Petroleum Company Ltd.,1968-01-01,,,OROGO,Unknown,,,False,60.1046,-118.3278
192,300K456140117000,PROVIDENCE K-45,Abandoned,Imperial Oil Enterprises Limited,1968-01-01,,,OROGO,Unknown,,,False,61.5768,-117.148
193,300B416150116450,MILLS LAKE B-41,Abandoned,Great Plains Development Company Of Canada Ltd.,1968-01-01,,,OROGO,Unknown,,,False,61.6684,-116.8894
194,300E566020121000,ISLAND RIVER E-56,Abandoned,Dome Petroleum Limited,1968-01-01,,,OROGO,Unknown,,,False,60.2567,-121.1888
195,300J126050121000,TETCHO J-12,Abandoned,Shell Canada Resources Limited,1968-01-01,,,OROGO,Unknown,,,False,60.6946,-121.0483
196,300L716050117300,KAKISA L-71,Abandoned,Placid Northern Oils Limited,1968-01-01,,,OROGO,Unknown,,,False,60.6782,-117.7492
197,300M296110117000,BEAVER LAKE M-29,Abandoned,Shell Canada Resources Limited,1968-01-01,,,OROGO,Unknown,,,False,61.1465,-117.0902
198,300L416150117000,MILLS LAKE L-41,Abandoned,Great Plains Development Company Of Canada Ltd.,1968-01-01,,,OROGO,Unknown,,,False,61.6776,-117.1513
199,300H336110116000,MID LAKE H-33,Abandoned,"McDermott, J Ray",1968-01-01,,,OROGO,Unknown,,,False,61.0376,-116.0972
200,300F606100118150,FOETUS LK F-60,Abandoned,Shell Canada Resources Limited,1968-01-01,,,OROGO,Unknown,,,False,60.9886,-118.4299
201,300M396110117000,BEAVER LAKE M-39,Abandoned,Shell Canada Resources Limited,1968-01-01,,,OROGO,Unknown,,,False,61.1501,-117.1189
202,300F466050118000,GULL CREEK F-46,Abandoned,Placid Northern Oils Limited,1968-01-01,,,OROGO,Unknown,,,False,60.7582,-118.1453
203,300K486040117450,WEST TATHLINA K-48,Abandoned,Placid Northern Oils Limited,1968-01-01,,,OROGO,Unknown,,,False,60.6268,-117.8959
204,300O806050120150,TROUT RIVER O-80,Abandoned,Unocal Canada Limited,1968-01-01,,,OROGO,Unknown,,,False,60.8295,-120.4821
205,302M396110117000,BEAVER LAKE 2M-39,Abandoned,Shell Canada Resources Limited,1968-01-01,,,OROGO,Unknown,,,False,61.1501,-117.1188
206,300P526140116300,MILLS LAKE P-52,Abandoned,Great Plains Development Company Of Canada Ltd.,1968-01-01,,,OROGO,Unknown,,,False,61.5295,-116.6643
207,300F076030116000,GRUMBLER F-07,Abandoned,Shell Canada Resources Limited,1968-01-01,,,OROGO,Unknown,,,False,60.4383,-116.0207
208,300A476130117150,PROVIDENCE A-47,Abandoned,Esso Resources Canada Limited,1968-01-01,,,OROGO,Unknown,,,False,61.4374,-117.3771
209,300D506050117000,NORTHEAST TATHLINA D-50,Abandoned,Placid Northern Oils Limited,1968-01-01,,,OROGO,Unknown,,,False,60.8186,-117.1538
210,300G626030123451,POINTED MOUNTAIN G-62,Abandoned,Apache Canada Ltd.,1968-01-01,,,OROGO,Unknown,,,False,60.3575,-123.9478
211,300J156120123000,GRAINGER J-15,Abandoned,Pan American Petroleum Corporation,1968-01-01,,,OROGO,Unknown,,,False,61.2432,-123.046
212,300C436120123000,GRAINGER C-43,Abandoned,Pan American Petroleum Corporation,1968-01-01,,,OROGO,Unknown,,,False,61.2001,-123.1466
213,300O676030124000,KOTANEELEE O-67,Abandoned,Pan American Petroleum Corporation,1968-01-01,,,OROGO,Unknown,,,False,60.4474,-124.2003
214,300D616520124000,WOLVERINE CREEK D-61,Abandoned,Sinclair Canada Oil Company,1968-01-01,,,OROGO,Unknown,,,False,65.1707,-124.2162
215,300H346010116450,NORTH CAMERON HILLS H-34,Abandoned,Canadian Superior Oil Ltd.,1968-01-01,,,OROGO,Unknown,,,False,60.0549,-116.8523
216,300K546210123000,CLI LAKE K-54,Abandoned,British American Oil Company Ltd [The],1968-01-01,,,OROGO,Unknown,,,False,62.0614,-123.175
217,300N446200123450,RAM PLATEAU N-44,Abandoned,Texaco Canada Resources Ltd.,1968-01-01,,,OROGO,Unknown,,,False,61.8965,-123.895
218,300I166030115450,GRUMBLER I-16,Abandoned,Shell Canada Resources Limited,1969-01-01,,,OROGO,Unknown,,,False,60.4273,-115.7835
219,300P556010119450,TRAINOR LK P-55,Abandoned,Canadian Fina Oil Limited,1969-01-01,,,OROGO,Unknown,,,False,60.0826,-119.9149
220,300J216110119150,REDKNIFE J-21,Abandoned,Canada-Cities Service Petroleum Corp.,1969-01-01,,,OROGO,Unknown,,,False,61.0115,-119.3221
221,300J126010117000,CAMERON RIVER J-12,Abandoned,Hudson's Bay Oil And Gas Company Limited,1969-01-01,,,OROGO,Unknown,,,False,60.0252,-117.041
222,300O726020120000,TRAINOR O-72,Abandoned,Unocal Canada Limited,1969-01-01,,,OROGO,Unknown,,,False,60.1967,-120.2321
223,300J726030115300,GRUMBLER J-72,Abandoned,Shell Canada Resources Limited,1969-01-01,,,OROGO,Unknown,,,False,60.3613,-115.7305
224,300F716240122450,BERRY F-71,Abandoned,Chevron Canada Resources Limited,1969-01-01,,,OROGO,Unknown,,,False,62.5059,-122.9924
225,300G246200120450,STRONG POINT G-24,Abandoned,Imperial Oil Enterprises Limited,1969-01-01,,,OROGO,Unknown,,,False,61.8879,-120.8281
226,300B076040115450,ALEX FALLS B-07,Abandoned,"Mobil Oil Canada, Ltd.",1969-01-01,,,OROGO,Unknown,,,False,60.6003,-115.762
227,300H456150122450,SIBBESTON H-45,Abandoned,French Petroleum Company Of Canada Ltd,1969-01-01,,,OROGO,Unknown,,,False,61.7404,-122.8793
228,300K766540124150,WHITEFISH RIVER K-76,Abandoned,Sinclair Canada Oil Company,1969-01-01,,,OROGO,Unknown,,,False,65.5924,-124.4896
229,300I246110119150,REDKNIFE I-24,Abandoned,Canada-Cities Service Petroleum Corp.,1969-01-01,,,OROGO,Unknown,,,False,61.0613,-119.3151
230,300N736130120300,JEAN MARIE N-73,Abandoned,Canadian Superior Oil Ltd.,1969-01-01,,,OROGO,Unknown,,,False,61.3801,-120.7376
231,300E456150122450,SIBBESTON E-45,Abandoned,French Petroleum Company Of Canada Ltd,1969-01-01,,,OROGO,Unknown,,,False,61.7404,-122.9002
232,300G636020115450,GRUMBLER G-63,Abandoned,Shell Canada Resources Limited,1969-01-01,,,OROGO,Unknown,,,False,60.2081,-115.9544
233,300M696230124150,IVERSON LAKE M-69,Abandoned,Texaco Canada Resources Ltd.,1969-01-01,,,OROGO,Unknown,,,False,62.4827,-124.4681
234,300G156210123000,CLI LAKE G-15,Abandoned,Gulf Canada Resources Inc.,1969-01-01,,,OROGO,Unknown,,,False,62.0738,-123.0481
235,300P136210121300,TRAIL RIVER P-13,Abandoned,Imperial Oil Enterprises Limited,1969-01-01,,,OROGO,Unknown,,,False,62.0498,-121.5384
236,300G076020119451,TRAINOR LK G-07,Abandoned,Canadian Fina Oil Limited,1969-01-01,,,OROGO,Unknown,,,False,60.2718,-119.766
237,300E696010116450,NORTH CAMERON HILLS E-69,Abandoned,Canadian Superior Oil Ltd.,1969-01-01,,,OROGO,Unknown,,,False,60.1402,-116.9647
238,300L056020116000,GRUMBLER L-05,Abandoned,Shell Canada Resources Limited,1969-01-01,,,OROGO,Unknown,,,False,60.2449,-116.027
239,300B486130120300,JEAN MARIE B-48,Suspended,Imperial Oil Limited,1969-01-01,,,OROGO,Unknown,,,False,61.4527,-120.64
240,300C226020117450,CAMERON C-22,Abandoned,Pan American Petroleum Corporation,1969-01-01,,,OROGO,Unknown,,,False,60.1866,-117.8314
241,300F516010117150,CAMERON HILLS F-51,Abandoned,Paramount Resources Ltd.,1969-01-01,,,OROGO,Unknown,,,False,60.0044,-117.4268
242,300G726230122150,EBBUTT G-72,Abandoned,Chevron Canada Resources Limited,1969-01-01,,,OROGO,Unknown,,,False,62.357,-122.4788
243,300I726030115300,GRUMBLER I-72,Abandoned,Shell Canada Resources Limited,1969-01-01,,,OROGO,Unknown,,,False,60.3613,-115.7205
244,300C736130120300,JEAN MARIE C-73,Abandoned,Kerr McGee Of Canada Northwest Ltd.,1969-01-01,,,OROGO,Unknown,,,False,61.3695,-120.7362
245,300I746530124300,MAHONY LAKE I-74,Abandoned,Sinclair Canada Oil Company,1969-01-01,,,OROGO,Unknown,,,False,65.3934,-124.7268
246,300O466030123452,POINTED MOUNTAIN (B-1) O-46,Abandoned,Apache Canada Ltd.,1969-01-01,,,OROGO,Unknown,,,False,60.4325,-123.8846
247,300C746040114300,WOOD BUFFALO C-74,Abandoned,Central Del-Rio Oils Limited,1969-01-01,,,OROGO,Unknown,,,False,60.5523,-114.736
248,300A536610129000,HUME R. A-53,Abandoned,Triad Oil Company Ltd,1969-01-01,,,OROGO,Unknown,,,False,66.0367,-129.1648
249,300C036040114301,WOOD BUFFALO C-03,Abandoned,Central Del-Rio Oils Limited,1969-01-01,,,OROGO,Unknown,,,False,60.5335,-114.5179
250,300L426040114150,WOOD BUFFALO L-42,Abandoned,Central Del-Rio Oils Limited,1969-01-01,,,OROGO,Unknown,,,False,60.5276,-114.4063
251,300N196040123450,FLETT N-19,Abandoned,Amoco Canada Petroleum Company Ltd.,1969-01-01,,,OROGO,Unknown,,,False,60.6468,-123.8034
252,300L246540128450,CARCAJOU L-24,Abandoned,Triad Oil Company Ltd,1969-01-01,,,OROGO,Unknown,,,False,65.5595,-128.8408
253,300E726120122000,BLACKSTONE E-72,Abandoned,Imperial Oil Enterprises Limited,1969-01-01,,,OROGO,Unknown,,,False,61.1909,-122.2499
254,300P566110118300,FOETUS LAKE P-56,Abandoned,Placid Northern Oils Limited,1969-01-01,,,OROGO,Unknown,,,False,61.0971,-118.6618
255,300E076120120450,JEAN MARIE E-07,Abandoned,Canadian Superior Oil Ltd.,1969-01-01,,,OROGO,Unknown,,,False,61.2723,-120.7818
256,300G696200122300,SIBBESTON G-69,Abandoned,Husky Oil Ltd,1970-01-01,,,OROGO,Unknown,,,False,61.9745,-122.6974
257,300M056020122450,BOVIE M-05,Abandoned,Imperial Oil Limited,1970-01-01,,,OROGO,Unknown,,,False,60.2461,-122.7791
258,300I496100121450,CORM L. I-49,Abandoned,Scurry-Rainbow Oil Limited,1970-01-01,,,OROGO,Unknown,,,False,60.9779,-121.8787
259,300E556040119300,REDKNIFE E-55,Abandoned,Amerada Hess Canada Limited,1970-01-01,,,OROGO,Unknown,,,False,60.5731,-119.6864
260,300A506230123450,CARLSON LK A-50,Abandoned,Suncor Energy Inc.,1970-01-01,,,OROGO,Unknown,,,False,62.4856,-123.8794
261,300H286130119300,REDKNIFE H-28,Abandoned,Gulf Canada Resources Inc.,1970-01-01,,,OROGO,Unknown,,,False,61.4545,-119.5657
262,300J526140120150,JEAN MARIE J-52,Abandoned,Canadian Superior Oil Ltd.,1970-01-01,,,OROGO,Unknown,,,False,61.5251,-120.4181
263,300J446010120150,ISLAND RIVER J-44,Abandoned,Atkinson Petroleums Ltd.,1970-01-01,,,OROGO,Unknown,,,False,60.0587,-120.3877
264,300F246010119150,WEST CAMERON F-24,Abandoned,Hudson's Bay Oil And Gas Company Limited,1970-01-01,,,OROGO,Unknown,,,False,60.056,-119.3297
265,300L496030122300,NORTHWEST CELIBETA L-49,Abandoned,Imperial Oil Enterprises Limited,1970-01-01,,,OROGO,Unknown,,,False,60.4765,-122.6553
266,302O276220121000,WILLOWLAKE O-27A,Abandoned,Husky Oil Ltd,1970-01-01,,,OROGO,Unknown,,,False,62.2801,-121.074
267,300D666030122150,NORTH CELIBETA D-66,Abandoned,Gobles Oil And Gas Limited,1970-01-01,,,OROGO,Unknown,,,False,60.4188,-122.4669
268,300N336100122300,CORMACK N-33,Abandoned,Amoco Canada Petroleum Company Ltd.,1970-01-01,,,OROGO,Unknown,,,False,60.8799,-122.6144
269,300B756120117150,MILLS LAKE B-75,Abandoned,Central Del-Rio Oils Limited,1970-01-01,,,OROGO,Unknown,,,False,61.2349,-117.4796
270,300G246140122300,SIBBESTON L. G-24,Abandoned,Scurry-Rainbow Oil Limited,1970-01-01,,,OROGO,Unknown,,,False,61.5567,-122.5796
271,300G326110121150,POPLAR RIVER G-32,Abandoned,Amoco Canada Petroleum Company Ltd.,1970-01-01,,,OROGO,Unknown,,,False,61.0247,-121.3549
272,300D316030122300,NORTHWEST CELIBETA D-31,Abandoned,Imperial Oil Enterprises Limited,1970-01-01,,,OROGO,Unknown,,,False,60.3347,-122.6241
273,300O626600129000,HUME R. O-62,Abandoned,Triad Oil Company Ltd,1970-01-01,,,OROGO,Unknown,,,False,65.8628,-129.2031
274,300A636050118000,GULL CREEK A-63,Abandoned,Canadian Pacific Oil & Gas Limited,1970-01-01,,,OROGO,Unknown,,,False,60.7004,-118.1959
275,300D146140120000,TROUT RIVER D-14,Abandoned,Gulf Canada Resources Inc.,1970-01-01,,,OROGO,Unknown,,,False,61.5529,-120.0626
276,300G156110122000,CORM L. G-15,Abandoned,Scurry-Rainbow Oil Limited,1970-01-01,,,OROGO,Unknown,,,False,61.0745,-122.0441
277,300C606010121150,PETITOT C-60,Abandoned,Hudson's Bay Oil And Gas Company Limited,1970-01-01,,,OROGO,Unknown,,,False,60.1505,-121.4285
278,300J136020116150,GRUMBLER J-13,Abandoned,United Canso Oil & Gas Ltd,1970-01-01,,,OROGO,Unknown,,,False,60.2121,-116.2959
279,300N156150118450,LAFERTE RIVER N-15,Abandoned,Canada-Cities Service Petroleum Corp.,1970-01-01,,,OROGO,Unknown,,,False,61.749,-118.8021
280,300D256120121450,SIMPSON D-25,Abandoned,Hudson's Bay Oil And Gas Company Limited,1970-01-01,,,OROGO,Unknown,,,False,61.2337,-121.8417
281,300F086040124302,LABICHE F-08,Abandoned,Canadian Pacific Oil & Gas Limited,1970-01-01,,,OROGO,Unknown,,,False,60.6238,-124.5219
282,300C606120118000,MILLS LAKE C-60,Abandoned,Placid Northern Oils Limited,1970-01-01,,,OROGO,Unknown,,,False,61.3203,-118.1796
283,300H106250121450,WILLOW LAKE H-10,Abandoned,Husky Oil Ltd,1970-01-01,,,OROGO,Unknown,,,False,62.8212,-121.7518
284,300N116010121450,LITTLE GROWL N-11,Abandoned,Banner Petroleums Limited,1970-01-01,,,OROGO,Unknown,,,False,60.0145,-121.8025
285,300G316050118450,KAKISA G-31,Abandoned,Canadian Pacific Oil & Gas Limited,1970-01-01,,,OROGO,Unknown,,,False,60.6724,-118.8534
286,300C496110118300,FOETUS LAKE C-49,Abandoned,Placid Northern Oils Limited,1970-01-01,,,OROGO,Unknown,,,False,61.1368,-118.6425
287,300N396010122300,CELIBETA N-39,Abandoned,Canada Southern Petroleum Ltd.,1970-01-01,,,OROGO,Unknown,,,False,60.1472,-122.6172
288,300K246040118000,TATHLINA K-24,Abandoned,Canadian Pacific Oil & Gas Limited,1970-01-01,,,OROGO,Unknown,,,False,60.561,-118.0843
289,300M656150119150,MILLS WEST M-65,Abandoned,Great Plains Development Company Of Canada Ltd.,1970-01-01,,,OROGO,Unknown,,,False,61.7468,-119.4626
290,302M656150119150,MILLS WEST 2M-65,Abandoned,Great Plains Development Company Of Canada Ltd.,1970-01-01,,,OROGO,Unknown,,,False,61.7473,-119.4626
291,300N396620128150,ONTADEK LK N-39,Abandoned,"Mobil Oil Canada, Ltd.",1970-01-01,,,OROGO,Unknown,,,False,66.3126,-128.3628
292,300E156720126150,COLVILLE E-15,Abandoned,"Mobil Oil Canada, Ltd.",1970-01-01,,,OROGO,Unknown,,,False,67.2385,-126.3092
293,300F576540128000,MAIDA CK F-57,Abandoned,"McDermott, J Ray",1970-01-01,,,OROGO,Unknown,,,False,65.6048,-128.1786
294,300A376500126000,SLATER RIVER A-37,Abandoned,"Mobil Oil Canada, Ltd.",1970-01-01,,,OROGO,Unknown,,,False,64.9348,-126.0968
295,300H716540127000,OSCAR CREEK H-71,Abandoned,Banff Oil Ltd,1970-01-01,,,OROGO,Unknown,,,False,65.5056,-127.2258
296,300G566540128000,SOUTH MAIDA CREEK G-56,Abandoned,"McDermott, J Ray",1970-01-01,,,OROGO,Unknown,,,False,65.5906,-128.1733
297,300J486530127000,OSCAR CREEK J-48,Abandoned,Banff Oil Ltd,1970-01-01,,,OROGO,Unknown,,,False,65.4598,-127.1418
298,300I016430125000,KEELE RIVER I-01,Abandoned,Western Decalta Petroleum Ltd.,1970-01-01,,,OROGO,Unknown,,,False,64.3446,-125.0038
299,300H016110118450,RABBIT LAKE H-01,Abandoned,Horn River Resources Ltd.,1970-01-01,,,OROGO,Unknown,,,False,61.0071,-118.755
300,300L096530129300,HUME RIVER L-09,Abandoned,"Mobil Oil Canada, Ltd.",1970-01-01,,,OROGO,Unknown,,,False,65.4753,-129.5275
301,300H616500123450,ST. CHARLES CREEK H-61,Abandoned,Standard Oil Company Of British Columbia Ltd.,1970-01-01,,,OROGO,Unknown,,,False,64.8401,-123.9428
302,300M436400124300,DAHADINNI M-43,Abandoned,Candex Development Limited,1971-01-01,,,OROGO,Unknown,,,False,63.8832,-124.6561
303,300G426020121000,ISLAND RIVER G-42,Abandoned,Atkinson Petroleums Ltd.,1970-01-01,,,OROGO,Unknown,,,False,60.1889,-121.1364
304,300B016130117000,DEEP BAY B-01,Abandoned,Horn River Resources Ltd.,1971-01-01,,,OROGO,Unknown,,,False,61.3351,-117.0133
305,300M346150122000,ANTOINE M-34,Abandoned,Horn River Resources Ltd.,1971-01-01,,,OROGO,Unknown,,,False,61.7318,-122.1207
306,300C656100122150,ARROWHEAD LAKE C-65,Abandoned,Horn River Resources Ltd.,1970-01-01,,,OROGO,Unknown,,,False,60.9037,-122.4573
307,302C656100122150,ARROWHEAD LAKE 2C-65,Abandoned,Horn River Resources Ltd.,1971-01-01,,,OROGO,Unknown,,,False,60.9037,-122.4573
308,300F486030120150,TRAINOR LAKE F-48,Abandoned,Atkinson Petroleums Ltd.,1971-01-01,,,OROGO,Unknown,,,False,60.4548,-120.3956
309,300J666200121450,WILLOW LAKE J-66,Abandoned,Canadian Fina Oil Limited,1971-01-01,,,OROGO,Unknown,,,False,61.9287,-121.9496
310,300K016030122150,NORTH CELIBETA K-01,Abandoned,Gobles Oil And Gas Limited,1971-01-01,,,OROGO,Unknown,,,False,60.3428,-122.2695
311,300O786110116150,BIG ISLAND O-78,Abandoned,Horn River Resources Ltd.,1971-01-01,,,OROGO,Unknown,,,False,61.1299,-116.4786
312,300M056200123000,CLI LAKE M-05,Abandoned,Horn River Resources Ltd.,1971-01-01,,,OROGO,Unknown,,,False,61.9162,-123.0313
313,300J426720129150,MANUEL LAKE J-42,Abandoned,"Mobil Oil Canada, Ltd.",1971-01-01,,,OROGO,Unknown,,,False,67.1945,-129.3897
314,300I386140117300,MINK LAKE I-38,Abandoned,Horn River Resources Ltd.,1971-01-01,,,OROGO,Unknown,,,False,61.6254,-117.5989
315,300M706200122150,FORT SIMPSON M-70,Abandoned,"Mobil Oil Canada, Ltd.",1971-01-01,,,OROGO,Unknown,,,False,61.9994,-122.4679
316,300L596210121450,WILLOW LAKE L-59,Abandoned,Canadian Fina Oil Limited,1971-01-01,,,OROGO,Unknown,,,False,62.1445,-121.9349
317,300P146420122300,KELLER LAKE P-14,Abandoned,Canadian Reserve Oil And Gas Ltd.,1971-01-01,,,OROGO,Unknown,,,False,64.2315,-122.535
318,300B456450125301,EAST MACKAY B-45,Abandoned,Candel Oil Ltd.,1971-01-01,,,OROGO,Unknown,,,False,64.7359,-125.6401
319,300D766230118150,LEVIS D-76,Abandoned,Horn River Resources Ltd.,1971-01-01,,,OROGO,Unknown,,,False,62.4185,-118.4942
320,300I546440122300,BLACKWATER LAKE I-54,Abandoned,Buttes Resources Canada Ltd,1971-01-01,,,OROGO,Unknown,,,False,64.5623,-122.663
321,300A426230123000,BERRY ISLAND A-42,Abandoned,Horn River Resources Ltd.,1971-01-01,,,OROGO,Unknown,,,False,62.3512,-123.1302
322,300O246120121300,SIMPSON O-24,Abandoned,Hudson's Bay Oil And Gas Company Limited,1971-01-01,,,OROGO,Unknown,,,False,61.2319,-121.5788
323,302O246120121300,SIMPSON 2 O-24,Abandoned,Hudson's Bay Oil And Gas Company Limited,1971-01-01,,,OROGO,Unknown,,,False,61.2314,-121.5788
324,300D666140119451,TROUT D-66,Abandoned,Horn River Resources Ltd.,1971-01-01,,,OROGO,Unknown,,,False,61.5862,-119.97
325,300M516030121000,TROUT LAKE M-51,Abandoned,Atkinson Petroleums Ltd.,1971-01-01,,,OROGO,Unknown,,,False,60.3492,-121.1814
326,300O136420122150,KELLER LK O-13,Abandoned,Canadian Reserve Oil And Gas Ltd.,1971-01-01,,,OROGO,Unknown,,,False,64.2149,-122.2919
327,300N246010117150,CAMERON N-24,Abandoned,Hudson's Bay Oil And Gas Company Limited,1971-01-01,,,OROGO,Unknown,,,False,60.0645,-117.3336
328,300M056020118150,N CAMERON HILLS M-05,Abandoned,Suncor Energy Inc.,1971-01-01,,,OROGO,Unknown,,,False,60.2494,-118.2812
329,300J136010122150,SOUTH CELIBETA J-13,Abandoned,Unocal Canada Limited,1971-01-01,,,OROGO,Unknown,,,False,60.0455,-122.2931
330,300J056230122150,EBBUTT J-05,Abandoned,Horn River Resources Ltd.,1971-01-01,,,OROGO,Unknown,,,False,62.4104,-122.2671
331,300D526130116450,DEEP BAY TEST NO.2,Abandoned,Punch Petroleums Ltd.,1952-01-01,,,OROGO,Unknown,,,False,61.3501,-116.9347
332,300I716250121300,WILLOWLAKE R. I-71,Abandoned,Horn River Resources Ltd.,1971-01-01,,,OROGO,Unknown,,,False,62.679,-121.7232
333,302I546440122300,BLACKWATER LAKE 2I-54,Abandoned,Buttes Resources Canada Ltd,1971-01-01,,,OROGO,Unknown,,,False,64.5623,-122.6628
334,300H456120120450,DEEP LAKE H-45,Abandoned,Horn River Resources Ltd.,1971-01-01,,,OROGO,Unknown,,,False,61.2381,-120.879
335,300O246200120150,GREEN I. O-24,Abandoned,Horn River Resources Ltd.,1971-01-01,,,OROGO,Unknown,,,False,61.8962,-120.3284
336,300L666450125000,POLICE ISLAND L-66,Abandoned,Candel Oil Ltd.,1971-01-01,,,OROGO,Unknown,,,False,64.7607,-125.2176
337,300D406730129450,IROQUOIS D-40,Abandoned,"Mobil Oil Canada, Ltd.",1971-01-01,,,OROGO,Unknown,,,False,67.4856,-129.8745
338,300G476240122450,WILLOWLAKE G-47,Abandoned,Horn River Resources Ltd.,1971-01-01,,,OROGO,Unknown,,,False,62.6065,-122.8882
339,300I086140119300,RABBITSKIN I-08,Abandoned,Horn River Resources Ltd.,1971-01-01,,,OROGO,Unknown,,,False,61.6257,-119.5061
340,300F496400121450,KELLER LAKE F-49,Abandoned,Canadian Reserve Oil And Gas Ltd.,1971-01-01,,,OROGO,Unknown,,,False,63.9724,-121.8933
341,300N736110118000,KAKISA N-73,Abandoned,Horn River Resources Ltd.,1971-01-01,,,OROGO,Unknown,,,False,61.0496,-118.2417
342,300N306500124000,GREAT BEAR RIVER N-30,Abandoned,Standard Oil Company Of British Columbia Ltd.,1971-01-01,,,OROGO,Unknown,,,False,64.9959,-124.0826
343,300D656400124150,DAHADINNI D-65,Abandoned,Western Decalta Petroleum Ltd.,1971-01-01,,,OROGO,Unknown,,,False,63.9034,-124.467
344,300K036510126450,DODO CANYON K-03,Abandoned,Aquitaine Company Of Canada Ltd,1971-01-01,,,OROGO,Unknown,,,False,65.0427,-126.7724
345,300J656430125150,TATE J-65,Abandoned,Candel Oil Ltd.,1971-01-01,,,OROGO,Unknown,,,False,64.4109,-125.4484
346,300H476550129000,MOUNTAIN RIVER H-47,Abandoned,Suncor Energy Inc.,1971-01-01,,,OROGO,Unknown,,,False,65.7731,-129.1326
347,300I546320123450,WRIGLEY I-54,Abandoned,Western Decalta Petroleum Ltd.,1971-01-01,,,OROGO,Unknown,,,False,63.2259,-123.9106
348,300K296410125300,RED DOG K-29,Abandoned,Amoco Canada Petroleum Company Ltd.,1972-01-01,,,OROGO,Unknown,,,False,64.1454,-125.5837
349,300I706320124451,DAHADINNI I-70,Abandoned,Imperial Oil Limited,1972-01-01,,,OROGO,Unknown,,,False,63.3281,-124.9448
350,300D536600129000,HUME RIVER D-53,Abandoned,Suncor Energy Inc.,1972-01-01,,,OROGO,Unknown,,,False,65.8675,-129.1853
351,300M636710126150,BELOT HILLS M-63,Abandoned,"Mobil Oil Canada, Ltd.",1972-01-01,,,OROGO,Unknown,,,False,67.0459,-126.4646
352,300F626550123000,LOST HILL LAKE F-62,Abandoned,Suncor Energy Inc.,1972-01-01,,,OROGO,Unknown,,,False,65.6899,-123.2101
353,300K686540128000,CARCAJOU K-68,Abandoned,Amoco Canada Petroleum Company Ltd.,1972-01-01,,,OROGO,Unknown,,,False,65.6284,-128.2083
354,300A286410125000,KEELE SOUTH A-28,Abandoned,Western Decalta Petroleum Ltd.,1972-01-01,,,OROGO,Unknown,,,False,64.1176,-125.0712
355,300P246030123450,POINTED MOUNTAIN (C-1) P-24,Abandoned,Apache Canada Ltd.,1972-01-01,,,OROGO,Unknown,,,False,60.3983,-123.8173
356,300B306420125150,STEWART B-30,Abandoned,Candel Oil Ltd.,1972-01-01,,,OROGO,Unknown,,,False,64.3201,-125.324
357,300B246010119450,TRAINOR LK B-24,Abandoned,Petrofina Canada Ltd,1972-01-01,,,OROGO,Unknown,,,False,60.0539,-119.8269
358,300I636040120450,ISLAND R. I-63,Abandoned,Atkinson Petroleums Ltd.,1972-01-01,,,OROGO,Unknown,,,False,60.5448,-120.9404
359,300A396250122451,WILLOW A-39,Abandoned,Hudson's Bay Oil And Gas Company Limited,1972-01-01,,,OROGO,Unknown,,,False,62.8015,-122.8496
360,300E116350123000,BLACKWATER E-11,Abandoned,Unocal Canada Limited,1972-01-01,,,OROGO,Unknown,,,False,63.6723,-123.06
361,300L266640130150,GRANDVIEW L-26,Abandoned,Candel Oil Ltd.,1972-01-01,,,OROGO,Unknown,,,False,66.5922,-130.3413
362,300H346540124300,WEST WHITEFISH RIVER H-34,Abandoned,Suncor Energy Inc.,1972-01-01,,,OROGO,Unknown,,,False,65.5568,-124.5976
363,300A236550129150,MOUNTAIN R. A-23,Abandoned,Candel Oil Ltd.,1972-01-01,,,OROGO,Unknown,,,False,65.7039,-129.322
364,300K146500125150,FT. NORMAN K-14,Abandoned,Candel Oil Ltd.,1972-01-01,,,OROGO,Unknown,,,False,64.8951,-125.304
365,300I706440125450,LITTLE BEAR I-70,Abandoned,Candex Development Limited,1972-01-01,,,OROGO,Unknown,,,False,64.6624,-125.9449
366,300I116750129300,IROQUOIS I-11,Abandoned,Candel Oil Ltd.,1972-01-01,,,OROGO,Unknown,,,False,67.6778,-129.537
367,300F386030123451,POINTED MOUNTAIN (B-2) F-38,Abandoned,Apache Canada Ltd.,1972-01-01,,,OROGO,Unknown,,,False,60.4554,-123.8668
368,300I386620131450,ONTARATUE I-38,Abandoned,Western Decalta Petroleum Ltd.,1972-01-01,,,OROGO,Unknown,,,False,66.2944,-131.8522
369,300E306450124450,OLD FORT POINT E-30,Abandoned,Aquitaine Company Of Canada Ltd,1972-01-01,,,OROGO,Unknown,,,False,64.824,-124.8395
370,300F476540130450,ARCTIC RED F-47,Abandoned,Candel Oil Ltd.,1972-01-01,,,OROGO,Unknown,,,False,65.6069,-130.9001
371,300P786410124150,REDSTONE P-78,Abandoned,Western Decalta Petroleum Ltd.,1973-01-01,,,OROGO,Unknown,,,False,64.1326,-124.4726
372,302C036040114300,WOOD BUFFALO 2C-03,Abandoned,Central Del-Rio Oils Limited,1969-01-01,,,OROGO,Unknown,,,False,60.5335,-114.5179
373,300C216520125000,BRACKETT L C-21,Abandoned,Aquitaine Company Of Canada Ltd,1973-01-01,,,OROGO,Unknown,,,False,65.1673,-125.0873
374,300M526010121000,SOUTH ISLAND R. M-52,Abandoned,Hudson's Bay Oil And Gas Company Limited,1973-01-01,,,OROGO,Unknown,,,False,60.0308,-121.1864
375,300A596530130300,NORTH RAMPARTS A-59,Abandoned,Candel Oil Ltd.,1973-01-01,,,OROGO,Unknown,,,False,65.4678,-130.6651
376,300N186020118000,TATHLINA N-18,Abandoned,Suncor Energy Inc.,1973-01-01,,,OROGO,Unknown,,,False,60.2969,-118.0523
377,300K426240122150,HIGHLAND L K-42,Abandoned,Aquitaine Company Of Canada Ltd,1973-01-01,,,OROGO,Unknown,,,False,62.5278,-122.3949
378,300L206100123300,NAHANNI BUTTE L-20,Abandoned,Mesa Petroleum (Northern) Ltd.,1973-01-01,,,OROGO,Unknown,,,False,60.9951,-123.5599
379,300H576030121150,TROUT LAKE H-57,Abandoned,Atkinson Petroleums Ltd.,1973-01-01,,,OROGO,Unknown,,,False,60.4392,-121.4143
380,300H136040123150,EAST FLETT H-13,Abandoned,Amoco Canada Petroleum Company Ltd.,1973-01-01,,,OROGO,Unknown,,,False,60.541,-123.289
381,300O546030117450,ALEXANDRA O-54,Abandoned,Suncor Energy Inc.,1973-01-01,,,OROGO,Unknown,,,False,60.3968,-117.9209
382,300G606310122450,FISH LAKE G-60,Abandoned,Hudson's Bay Oil And Gas Company Limited,1973-01-01,,,OROGO,Unknown,,,False,63.1584,-122.9182
383,300I236240122150,HIGHLAND L I-23,Abandoned,Aquitaine Company Of Canada Ltd,1973-01-01,,,OROGO,Unknown,,,False,62.5458,-122.3204
384,300N696230121150,JACKFISH N-69,Abandoned,Canada-Cities Service Ltd,1973-01-01,,,OROGO,Unknown,,,False,62.4798,-121.4604
385,300K716500125450,BLUEFISH K-71,Abandoned,Canada-Cities Service Ltd,1973-01-01,,,OROGO,Unknown,,,False,64.8418,-125.9937
386,300A126340124000,JOHNSON A-12,Abandoned,Western Decalta Petroleum Ltd.,1973-01-01,,,OROGO,Unknown,,,False,63.5173,-124.0392
387,300J056550128150,HANNA RIV. J-05,Abandoned,Mesa Petroleum (Northern) Ltd.,1973-01-01,,,OROGO,Unknown,,,False,65.7417,-128.2603
388,300D456720125000,LAC MAUNOIR D-45,Abandoned,Unocal Canada Limited,1973-01-01,,,OROGO,Unknown,,,False,67.2359,-125.1578
389,300N626430124450,KEELE N-62,Abandoned,Western Decalta Petroleum Ltd.,1973-01-01,,,OROGO,Unknown,,,False,64.3634,-124.9551
390,300M486700124150,EAST MAUNOIR M-48,Abandoned,Unocal Canada Limited,1974-01-01,,,OROGO,Unknown,,,False,66.9652,-124.402
391,300I726030118000,NORTH TATHLINA I-72,Abandoned,Suncor Energy Inc.,1974-01-01,,,OROGO,Unknown,,,False,60.3586,-118.2228
392,300G366020116300,ALEXANDRA FALLS G-36,Abandoned,Miami Oil Producers Inc.,1974-01-01,,,OROGO,Unknown,,,False,60.2573,-116.6097
393,300J276540128300,CARCAJOU J-27,Abandoned,Trans-Prairie Pipelines Ltd,1974-01-01,,,OROGO,Unknown,,,False,65.6106,-128.5759
394,300I526010117450,KAKISA RIVER I-52,Abandoned,Miami Oil Producers Inc.,1974-01-01,,,OROGO,Unknown,,,False,60.0262,-117.9131
395,300G516400125150,SILVAN PLATEAU G-51,Abandoned,Aquitaine Company Of Canada Ltd,1974-01-01,,,OROGO,Unknown,,,False,63.8395,-125.4196
396,302I726030118000,NORTH TATHLINA 2I-72,Abandoned,Suncor Energy Inc.,1974-01-01,,,OROGO,Unknown,,,False,60.3586,-118.2228
397,300D166010116300,EAST CAMERON D-16,Abandoned,Amoco Canada Petroleum Company Ltd.,1974-01-01,,,OROGO,Unknown,,,False,60.0857,-116.56
398,300A556030123453,A-4 POINTED MOUNTAIN A-55,Abandoned,Apache Canada Ltd.,1974-01-01,,,OROGO,Unknown,,,False,60.4014,-123.9124
399,300O226020117300,SWEDE O-22,Abandoned,Miami Oil Producers Inc.,1974-01-01,,,OROGO,Unknown,,,False,60.1973,-117.575
400,300K246750126451,TEDJI LAKE K-24,Abandoned,Canadian Ashland Exploration Ltd,1974-01-01,,,OROGO,Unknown,,,False,67.7274,-126.8344
401,300A406630124300,GOOD HOPE A-40,Abandoned,Unocal Canada Limited,1974-01-01,,,OROGO,Unknown,,,False,66.4863,-124.5997
402,300N706520123300,GREY GOOSE N-70,Abandoned,B P Exploration Canada Limited,1974-01-01,,,OROGO,Unknown,,,False,65.3329,-123.7059
403,300M076530123300,RUSSEL M-07,Abandoned,B P Exploration Canada Limited,1975-01-01,,,OROGO,Unknown,,,False,65.4496,-123.5323
404,300M046540123450,WHITE M-04,Abandoned,B P Exploration Canada Limited,1975-01-01,,,OROGO,Unknown,,,False,65.5657,-123.7768
405,300K446740123300,STOPOVER K-44,Abandoned,Unocal Canada Limited,1975-01-01,,,OROGO,Unknown,,,False,67.5588,-123.6443
406,300C306040124301,LABICHE C-30,Abandoned,Fort Norman Exploration Inc.,1975-01-01,,,OROGO,Unknown,,,False,60.654,-124.5814
407,300G226600123150,LOSH LAKE G-22,Abandoned,B P Exploration Canada Limited,1975-01-01,,,OROGO,Unknown,,,False,65.8582,-123.3282
408,300L216750126000,NORTH COLVILLE L-21,Abandoned,Suncor Energy Inc.,1978-01-01,,,OROGO,Unknown,,,False,67.6771,-126.0958
409,300M056030123000,SOUTHWEST ARROWHEAD M-05,Abandoned,Gulf Canada Resources Inc.,1978-01-01,,,OROGO,Unknown,,,False,60.4145,-123.0293
410,300D296030123302,LIARD D-29,Abandoned,Paramount Resources Ltd.,1979-01-01,,,OROGO,Unknown,,,False,60.4686,-123.594
411,300M316010117003,CAMERON HILLS M-31,Abandoned,Strategic Oil & Gas Ltd.,1979-01-01,,,OROGO,Unknown,,,False,60.0157,-117.1229
412,300M786020122450,BOVIE LAKE M-78,Abandoned,Texaco Canada Inc.,1980-01-01,,,OROGO,Unknown,,,False,60.298,-122.9976
413,300G626010119000,SILT LAKE G-62,Abandoned,Westcoast Petroleum Ltd.,1980-01-01,,,OROGO,Unknown,,,False,60.0249,-119.2042
414,300J626010117150,CAMERON J-62,Abandoned,Strategic Oil & Gas Ltd.,1980-01-01,,,OROGO,Unknown,,,False,60.0254,-117.4486
415,300B136010117000,CAMERON B-13,Abandoned,Strategic Oil & Gas Ltd.,1980-01-01,,,OROGO,Unknown,,,False,60.0338,-117.0444
416,300P346030121000,TROUT LAKE P-34,Abandoned,Sulpetro Limited,1981-01-01,,,OROGO,Unknown,,,False,60.3979,-121.1001
417,300J766010117000,CAMERON J-76,Abandoned,Strategic Oil & Gas Ltd.,1981-01-01,,,OROGO,Unknown,,,False,60.0934,-117.2351
418,300E546040123300,NORTH LIARD E-54,Abandoned,Paramount Resources Ltd.,1981-01-01,,,OROGO,Unknown,,,False,60.558,-123.6828
419,300L686020123451,SOUTH POINTED MOUNTAIN (D-1) L-68,Suspended,Prairie Provident Resources Canada Ltd.,1982-01-01,,,OROGO,Unknown,,,False,60.1928,-123.5192
420,300J116010117150,CAMERON J-11,Abandoned,Strategic Oil & Gas Ltd.,1983-01-01,,,OROGO,Unknown,,,False,60.0104,-117.2951
421,300M206720123450,IZOK M-20,Abandoned,Forward Resources Ltd.,1983-01-01,,,OROGO,Unknown,,,False,67.3331,-123.8098
422,300C516740124000,ANDERSON C-51,Abandoned,Forward Resources Ltd.,1983-01-01,,,OROGO,Unknown,,,False,67.5027,-124.1788
423,300H646010118451,SILT LAKE H-64,Abandoned,Home Oil Company Limited,1983-01-01,,,OROGO,Unknown,,,False,60.0547,-118.9449
424,300M616710124000,CAMP M-61,Abandoned,Forward Resources Ltd.,1984-01-01,,,OROGO,Unknown,,,False,67.0157,-124.2189
425,300A496500125451,BLUEFISH A-49,Abandoned,NSM Resources Ltd.,1984-01-01,,,OROGO,Unknown,,,False,64.9706,-125.8807
426,300N226530127302,HOOSIER RIDGE N-22,Abandoned,Suncor Energy Inc.,1984-01-01,,,OROGO,Unknown,,,False,65.3658,-127.5821
427,300N256020120300,TRAINOR LAKE N-25,Abandoned,Northcor Energy Ltd.,1984-01-01,,,OROGO,Unknown,,,False,60.2468,-120.5823
428,300J426010118300,KAKISA RIVER J-42,Abandoned,Home Oil Company Limited,1984-01-01,,,OROGO,Unknown,,,False,60.0287,-118.6363
429,300J666240124301,DAHADINNI J-66,Abandoned,Forward Resources Ltd.,1984-01-01,,,OROGO,Unknown,,,False,62.5955,-124.7009
430,300G696040122452,ARROWHEAD G-69,Abandoned,NSM Resources Ltd.,1984-01-01,,,OROGO,Unknown,,,False,60.6402,-122.9522
431,300G386010121001,ISLAND RIVER G-38,Abandoned,Northcor Energy Ltd.,1984-01-01,,,OROGO,Unknown,,,False,60.1249,-121.1043
432,300C116750126300,EWEKKA C-11,Abandoned,Forward Resources Ltd.,1984-01-01,,,OROGO,Unknown,,,False,67.6674,-126.5499
433,300I196100122300,CORMACK I-19,Abandoned,Northcor Energy Ltd.,1984-01-01,,,OROGO,Unknown,,,False,60.9757,-122.5357
434,300N336500126451,MIRROR LAKE N-33,Abandoned,NSM Resources Ltd.,1984-01-01,,,OROGO,Unknown,,,False,64.8796,-126.8566
435,300H556530128150,SAMMONS H-55,Abandoned,Suncor Energy Inc.,1984-01-01,,,OROGO,Unknown,,,False,65.4077,-128.4145
436,300J136720126450,AUBRY J-13,Abandoned,Forward Resources Ltd.,1984-01-01,,,OROGO,Unknown,,,False,67.2104,-126.7965
437,300J716530127150,MORROW CREEK J-71,Abandoned,Suncor Energy Inc.,1984-01-01,,,OROGO,Unknown,,,False,65.3455,-127.4801
438,300D056540128152,CARCAJOU D-05,Abandoned,AT&S Exploration Ltd.,1984-01-01,,,OROGO,Unknown,,,False,65.5704,-128.2805
439,300L116010117000,CAMERON RIVER L-11,Abandoned,Exco Energy Ltd.,1984-01-01,,,OROGO,Unknown,,,False,60.0108,-117.0592
440,300M476700125451,TWEED LAKE M-47,Abandoned,Suncor Energy Inc.,1985-01-01,,,OROGO,Unknown,,,False,66.9466,-125.9046
441,300N376610126150,TUNAGO N-37,Abandoned,Exco Energy Ltd.,1985-01-01,,,OROGO,Unknown,,,False,66.114,-126.3685
442,300A536500125300,WINDY ISLAND A-53,Abandoned,NSM Resources Ltd.,1985-01-01,,,OROGO,Unknown,,,False,64.8669,-125.6622
443,300G216010118450,SILT LAKE SOUTH G-21,Abandoned,Home Oil Company Limited,1985-01-01,,,OROGO,Unknown,,,False,60.0071,-118.8243
444,300I166010117302,CAMERON I-16,Abandoned,Strategic Oil & Gas Ltd.,1985-01-01,,,OROGO,Unknown,,,False,60.0953,-117.5353
445,300F276530127450,HOOSIER F-27,Abandoned,AT&S Exploration Ltd.,1985-01-01,,,OROGO,Unknown,,,False,65.4379,-127.8349
446,302N376610126150,TUNAGO 2N-37,Abandoned,Exco Energy Ltd.,1985-01-01,,,OROGO,Unknown,,,False,66.114,-126.3685
447,300F566010117450,KAKISA RIVER F-56,Abandoned,Northcor Energy Ltd.,1985-01-01,,,OROGO,Unknown,,,False,60.0908,-117.9258
448,300I106010117303,CAMERON HILLS I-10,Abandoned,Strategic Oil & Gas Ltd.,1985-01-01,,,OROGO,Unknown,,,False,60.161,-117.501
449,300E196410125000,KEELE SOUTH E-19,Abandoned,Imperial Oil Limited,1985-01-01,,,OROGO,Unknown,,,False,64.1401,-125.0633
450,300H566750127150,KAHBAMI H-56,Abandoned,Suncor Energy Inc.,1985-01-01,,,OROGO,Unknown,,,False,67.7577,-127.4159
451,300A676700125451,TWEED LAKE A-67,Abandoned,Suncor Energy Inc.,1985-01-01,,,OROGO,Unknown,,,False,66.9367,-125.9406
452,300O656540128000,MAIDA CREEK O-65,Abandoned,AT&S Exploration Ltd.,1985-01-01,,,OROGO,Unknown,,,False,65.5814,-128.1984
453,302O656540128000,MAIDA CREEK 2O-65,Abandoned,AT&S Exploration Ltd.,1985-01-01,,,OROGO,Unknown,,,False,65.5814,-128.1984
454,300F086040121000,TROUT LAKE F-08,Abandoned,Sulpetro Limited,1986-01-01,,,OROGO,Unknown,,,False,60.6209,-121.0248
455,300O476640125450,NOGHA O-47,Abandoned,Suncor Energy Inc.,1986-01-01,,,OROGO,Unknown,,,False,66.6146,-125.8906
456,300O256540128150,CARCAJOU O-25,Abandoned,AT&S Exploration Ltd.,1986-01-01,,,OROGO,Unknown,,,False,65.5808,-128.3254
457,300B626520125150,KALO B-62,Abandoned,Suncor Energy Inc.,1986-01-01,,,OROGO,Unknown,,,False,65.1842,-125.4531
458,300F256030123300,LIARD F-25,Abandoned,Purcell Energy Ltd.,1986-01-01,,,OROGO,Unknown,,,False,60.4063,-123.5869
459,302G216010118450,SILT LAKE SOUTH 2G-21,Abandoned,Coho Resources Limited,1986-01-01,,,OROGO,Unknown,,,False,60.0078,-118.8244
460,300D506030122450,SOUTH ARROWHEAD D-50,Abandoned,NSM Resources Ltd.,1986-01-01,,,OROGO,Unknown,,,False,60.484,-122.905
461,300K536450126150,BLUEBERRY CREEK K-53,Abandoned,NSM Resources Ltd.,1986-01-01,,,OROGO,Unknown,,,False,64.7095,-126.4304
462,300O356640126150,BELE O-35,Abandoned,Suncor Energy Inc.,1986-01-01,,,OROGO,Unknown,,,False,66.5829,-126.3609
463,300J296040121150,TROUT LAKE J-29,Abandoned,Sulpetro Limited,1986-01-01,,,OROGO,Unknown,,,False,60.6429,-121.3215
464,300C126710126000,NORTHWEST TWEED LAKE C-12,Abandoned,Suncor Energy Inc.,1986-01-01,,,OROGO,Unknown,,,False,67.0173,-126.053
465,300C506010117304,CAMERON C-50,Abandoned,Strategic Oil & Gas Ltd.,1986-01-01,,,OROGO,Unknown,,,False,60.1511,-117.646
466,300B256030122300,NORTHWEST CELIBETA B-25,Abandoned,Northcor Energy Ltd.,1986-01-01,,,OROGO,Unknown,,,False,60.4037,-122.5739
467,300F256030123301,LIARD F-25A,Abandoned,Paramount Resources Ltd.,1986-01-01,,,OROGO,Unknown,,,False,60.4063,-123.5869
468,300C246010116450,NORTH CAMERON HILLS C-24,Abandoned,Suncor Energy Inc.,1987-01-01,,,OROGO,Unknown,,,False,60.0535,-116.8355
469,300I556450125300,EAST MACKAY I-55,Abandoned,Conoco Canada Limited,1988-01-01,,,OROGO,Unknown,,,False,64.7454,-125.664
470,302B766030122450,SOUTH ARROWHEAD 2B-76,Abandoned,Shell Canada Resources Limited,1988-01-01,,,OROGO,Unknown,,,False,60.4188,-122.9788
471,300L216450125450,NORTH LITTLE BEAR L-21,Abandoned,Conoco Canada Limited,1988-01-01,,,OROGO,Unknown,,,False,64.6777,-125.8421
472,300I576120117300,MILLS LAKE I-57,Abandoned,Central Del-Rio Oils Limited,1967-01-01,,,OROGO,Unknown,,,False,61.2772,-117.6615
473,300O276220121000,WILLOWLAKE O-27,Abandoned,Husky Oil Ltd,1970-01-01,,,OROGO,Unknown,,,False,62.2801,-121.074
474,300A406120116450,DEEP BAY TEST NO.4,Abandoned,Punch Petroleums Ltd.,1952-01-01,,,OROGO,Unknown,,,False,61.3168,-116.8514
475,300H386030116150,ALEXANDRA FALLS NO.1(H-38),Abandoned,Unocal Canada Limited,1955-01-01,,,OROGO,Unknown,,,False,60.4543,-116.3514
476,300F356030116150,ALEXANDRA FALLS NO.2(F-35),Abandoned,Unocal Canada Limited,1955-01-01,,,OROGO,Unknown,,,False,60.4057,-116.3653
477,300B056030116300,ALEXANDRA FALLS NO.3(B-05),Abandoned,Unocal Canada Limited,1955-01-01,,,OROGO,Unknown,,,False,60.4029,-116.5097
478,300K166030116000,ALEXANDRA FALLS NO.4(K-16),Abandoned,Unocal Canada Limited,1955-01-01,,,OROGO,Unknown,,,False,60.4265,-116.0514
479,300A606030116000,ALEXANDRA FALLS NO.5(A-60),Abandoned,Unocal Canada Limited,1955-01-01,,,OROGO,Unknown,,,False,60.4834,-116.1597
480,300D446040116000,ALEXANDRA FALLS #6 D-44,Abandoned,Unocal Canada Limited,1955-01-01,,,OROGO,Unknown,,,False,60.5515,-116.1555
481,300K336130116450,DEEP BAY TEST NO.3,Abandoned,Punch Petroleums Ltd.,1952-01-01,,,OROGO,Unknown,,,False,61.3751,-116.868
482,300I616050115450,HAY RIVER G-2,Abandoned,Cominco Ltd.,1953-01-01,,,OROGO,Unknown,,,False,60.6751,-115.9464
483,300C056100114450,SULPHUR PT. TEST G-4,Abandoned,Cominco Ltd.,1953-01-01,,,OROGO,Unknown,,,False,60.9001,-114.768
484,302M436400124300,DAHADINNI 2M-43,Abandoned,Candex Development Limited,1971-01-01,,,OROGO,Unknown,,,False,63.8832,-124.6559
485,300L666040116000,HAY RIVER G-3,Abandoned,Cominco Ltd.,1953-01-01,,,OROGO,Unknown,,,False,60.5954,-116.218
486,300A526100114150,PINE POINT G-1,Abandoned,Cominco Ltd.,1952-01-01,,,OROGO,Unknown,,,False,60.8515,-114.4096
487,300D576130117000,DEEP BAY TEST NO.5,Abandoned,Punch Petroleums Ltd.,1952-01-01,,,OROGO,Unknown,,,False,61.4335,-117.1847
488,302K336130116450,DEEP BAY TEST NO.6,Abandoned,Punch Petroleums Ltd.,1952-01-01,,,OROGO,Unknown,,,False,61.3751,-116.868
489,300C546130116450,DEEP BAY TEST NO.7,Abandoned,Punch Petroleums Ltd.,1952-01-01,,,OROGO,Unknown,,,False,61.3835,-116.9264
490,300B086010117305,CAMERON B-08,Abandoned,Strategic Oil & Gas Ltd.,1989-01-01,,,OROGO,Unknown,,,False,60.1187,-117.5143
491,300B416040122450,ARROWHEAD RIVER B-41,Abandoned,Paramount Resources Ltd.,1989-01-01,,,OROGO,Unknown,,,False,60.5024,-122.8895
492,300O516450125450,NORTH LITTLE BEAR O-51,Abandoned,Conoco Canada Limited,1989-01-01,,,OROGO,Unknown,,,False,64.6827,-125.9171
493,300L476010117305,CAMERON L-47,Abandoned,Strategic Oil & Gas Ltd.,1989-01-01,,,OROGO,Unknown,,,False,60.1089,-117.6566
494,300O186540129000,MOUNTAIN RIVER O-18,Abandoned,Chevron Canada Resources Limited,1989-01-01,,,OROGO,Unknown,,,False,65.6328,-129.0433
495,300L446010117302,CAMERON L-44,Abandoned,Strategic Oil & Gas Ltd.,1989-01-01,,,OROGO,Unknown,,,False,60.0586,-117.6583
496,300I666600129301,HUME RIVER I-66,Abandoned,Chevron Canada Resources Limited,1990-01-01,,,OROGO,Unknown,,,False,65.9261,-129.6963
497,300E026020117300,SWEDE E-02,Abandoned,Suncor Energy Inc.,1990-01-01,,,OROGO,Unknown,,,False,60.1907,-117.5249
498,300A686010117152,CAMERON A-68,Abandoned,Strategic Oil & Gas Ltd.,1990-01-01,,,OROGO,Unknown,,,False,60.1184,-117.4395
499,300A736020117303,CAMERON A-73,Abandoned,Strategic Oil & Gas Ltd.,1990-01-01,,,OROGO,Unknown,,,False,60.2027,-117.7256
500,300B126010122150,CELIBETA B-12,Abandoned,Shell Canada Resources Limited,1990-01-01,,,OROGO,Unknown,,,False,60.0203,-122.2969
501,300N106600129150,EAST HUME RIVER N-10,Abandoned,Chevron Canada Resources Limited,1990-01-01,,,OROGO,Unknown,,,False,65.9994,-129.2684
502,300J376010117303,CAMERON J-37,Abandoned,Strategic Oil & Gas Ltd.,1990-01-01,,,OROGO,Unknown,,,False,60.1104,-117.6083
503,300N456010120450,ISLAND LAKE N-45,Abandoned,Suncor Energy Inc.,1990-01-01,,,OROGO,Unknown,,,False,60.0824,-120.8943
504,300N286010117306,CAMERON N-28,Abandoned,Strategic Oil & Gas Ltd.,1990-01-01,,,OROGO,Unknown,,,False,60.2025,-117.7258
505,300I206600129150,EAST HUME RIVER I-20,Abandoned,Chevron Canada Resources Limited,1990-01-01,,,OROGO,Unknown,,,False,65.994,-129.29
506,300B256010117302,CAMERON B-25,Abandoned,Strategic Oil & Gas Ltd.,1990-01-01,,,OROGO,Unknown,,,False,60.0678,-117.5781
507,302J746120118000,MILLS LAKE 2J-74,Abandoned,Central Del-Rio Oils Limited,1967-01-01,,,OROGO,Unknown,,,False,61.2272,-118.2314
508,300N586540129150,SPERRY CREEK N-58,Abandoned,Chevron Canada Resources Limited,1991-01-01,,,OROGO,Unknown,,,False,65.6323,-129.4255
509,300G216020117301,SWEDE G-21,Abandoned,Strategic Oil & Gas Ltd.,1991-01-01,,,OROGO,Unknown,,,False,60.1747,-117.5775
510,300M736010117152,CAMERON M-73,Abandoned,Strategic Oil & Gas Ltd.,1991-01-01,,,OROGO,Unknown,,,False,60.0479,-117.4936
511,300A526020117300,SWEDE A-52,Abandoned,Strategic Oil & Gas Ltd.,1991-01-01,,,OROGO,Unknown,,,False,60.186,-117.6644
512,300C196010117304,CAMERON C-19,Abandoned,Strategic Oil & Gas Ltd.,1991-01-01,,,OROGO,Unknown,,,False,60.1355,-117.5536
513,300F466550130000,RAMPARTS RIVER F-46,Abandoned,Chevron Canada Resources Limited,1991-01-01,,,OROGO,Unknown,,,False,65.7552,-130.1496
514,300I746010117151,CAMERON I-74,Abandoned,Strategic Oil & Gas Ltd.,1994-01-01,,,OROGO,Unknown,,,False,60.0601,-117.4734
515,300C756010117151,CAMERON C-75,Abandoned,Strategic Oil & Gas Ltd.,1994-01-01,,,OROGO,Unknown,,,False,60.0676,-117.4883
516,302K456030123452,POINTED MOUNTAIN K-45A,Abandoned,Apache Canada Ltd.,1994-01-01,,,OROGO,Unknown,,,False,60.4094,-123.8992
517,300P536030123451,POINTED MOUNTAIN P-53A,Abandoned,Apache Canada Ltd.,1994-01-01,,,OROGO,Unknown,,,False,60.3794,-123.9108
518,300P666040123300,NORTH LIARD P-66,Abandoned,Ranger Oil (Canada) Limited,1997-01-01,,,OROGO,Unknown,,,False,60.5989,-123.6919
519,300K026020123300,MOUNT COTY K-02,Abandoned,Canadian Forest Oil Ltd.,1996-01-01,,,OROGO,Unknown,,,False,60.1927,-123.5211
520,300C766020122451,BOVIE C-76,Abandoned,Paramount Resources Ltd.,1997-01-01,,,OROGO,Unknown,,,False,60.2542,-122.991
521,300H556530126450,DISCOVERY RIDGE H-55,Abandoned,Murphy Oil Company Ltd.,1997-01-01,,,OROGO,Unknown,,,False,65.4044,-126.9088
522,302P666040123303,NORTH LIARD P-66A,Abandoned,Canadian Natural Resources Limited,1997-01-01,,,OROGO,Unknown,,,False,60.5989,-123.6919
523,300N606020123000,WEST BOVIE N-60,Abandoned,Paramount Resources Ltd.,1997-01-01,,,OROGO,Unknown,,,False,60.3321,-123.1782
524,300C176510126002,NOTA CREEK C-17,Abandoned,Canadian Forest Oil Ltd.,1997-01-01,,,OROGO,Unknown,,,False,65.1004,-126.0507
525,300M236050123002,NETLA RIVER M-23,Abandoned,Paramount Resources Ltd.,1998-01-01,,,OROGO,Unknown,,,False,60.7163,-123.0882
526,300N656040122454,ARROWHEAD RIVER N-65,Abandoned,Paramount Resources Ltd.,1998-01-01,,,OROGO,Unknown,,,False,60.5795,-122.9567
527,300O156030123001,SOUTHWEST ARROWHEAD O-15,Abandoned,Paramount Resources Ltd.,1998-01-01,,,OROGO,Unknown,,,False,60.4149,-123.042
528,300O206500125450,BEAR ROCK O-20,Abandoned,Ranger Oil Limited,1998-01-01,,,OROGO,Unknown,,,False,64.9965,-125.7921
529,300D046530126450,DISCOVERY RIDGE D-04,Abandoned,Imperial Oil Limited,1999-01-01,,,OROGO,Unknown,,,False,65.3869,-126.7815
530,300M396450126151,LITTLE BEAR M-39,Abandoned,Canadian Forest Oil Ltd.,1998-01-01,,,OROGO,Unknown,,,False,64.8162,-126.3746
531,300F366010123154,FORT LIARD F-36,Abandoned,Paramount Resources Ltd.,1998-01-01,,,OROGO,Unknown,,,False,60.0909,-123.3685
532,300C766020122455,BOVIE C-76A,Abandoned,Paramount Resources Ltd.,1998-01-01,,,OROGO,Unknown,,,False,60.2542,-122.991
533,300P616050123151,FLETT RAPIDS I-61,Abandoned,Canadian Forest Oil Ltd.,1998-01-01,,,OROGO,Unknown,,,False,60.6781,-123.4443
534,300B256520126300,DEH CHO-1 B-25,Abandoned,Grey Wolf Exploration Inc.,1998-01-01,,,OROGO,Unknown,,,False,65.2338,-126.5775
535,300B146520126300,DEH CHO-2 B-14,Abandoned,Grey Wolf Exploration Inc.,1999-01-01,,,OROGO,Unknown,,,False,65.2193,-126.5483
536,300P576050122301,EMILE LAKE P-57,Abandoned,Paramount Resources Ltd.,1999-01-01,,,OROGO,Unknown,,,False,60.7809,-122.6585
537,300C026040123001,WEST ARROWHEAD C-02,Abandoned,Paramount Resources Ltd.,1999-01-01,,,OROGO,Unknown,,,False,60.5201,-123.0211
538,300A016010123151,FORT LIARD A-01,Abandoned,Paramount Resources Ltd.,1999-01-01,,,OROGO,Unknown,,,False,60.0011,-123.2531
539,300K326010123150,FORT LIARD K-32,Abandoned,Obsidian Energy Ltd.,1999-01-01,,,OROGO,Unknown,,,False,60.0274,-123.3655
540,300K296030123302,LIARD K-29,Abandoned,Paramount Resources Ltd.,1999-01-01,,,OROGO,Unknown,,,False,60.4781,-123.586
541,300K776050122300,NETLA K-77,Abandoned,Canadian Natural Resources Limited,1999-01-01,,,OROGO,Unknown,,,False,60.7669,-122.7415
542,300N616040123301,NORTH LIARD N-61,Abandoned,Canadian Natural Resources Limited,1999-01-01,,,OROGO,Unknown,,,False,60.513,-123.7105
543,300O806020123150,MCKAY LAKES O-80,Abandoned,Paramount Resources Ltd.,1999-01-01,,,OROGO,Unknown,,,False,60.3306,-123.4858
544,300M256030123300,LIARD M-25,Abandoned,Paramount Resources Ltd.,1999-01-01,,,OROGO,Unknown,,,False,60.4142,-123.5883
545,300O356010123154,FORT LIARD O-35,Abandoned,Paramount Resources Ltd.,1999-01-01,,,OROGO,Unknown,,,False,60.0799,-123.358
546,300I466010123152,FORT LIARD I-46,Abandoned,Paramount Resources Ltd.,1999-01-01,,,OROGO,Unknown,,,False,60.0923,-123.3833
547,300P166050122450,NETLA P-16,Abandoned,Canadian Natural Resources Limited,1999-01-01,,,OROGO,Unknown,,,False,60.7661,-122.7869
548,300I776450125300,EAST MACKAY I-77,Abandoned,Northrock Resources Ltd.,1999-01-01,,,OROGO,Unknown,,,False,64.7783,-125.7213
549,300I026020123300,MOUNT COTY I-02,Abandoned,Paramount Resources Ltd.,2000-01-01,,,OROGO,Unknown,,,False,60.1928,-123.5068
550,300F016450125450,FALL STONE F-01,Abandoned,Northrock Resources Ltd.,2000-01-01,,,OROGO,Unknown,,,False,64.6748,-125.7723
551,300G186430125150,TATE G-18,Abandoned,AEC West Ltd.,2000-01-01,,,OROGO,Unknown,,,False,64.4549,-125.2943
552,300O746540128000,CARCAJOU O-74,Abandoned,AEC West Ltd.,2000-01-01,,,OROGO,Unknown,,,False,65.5634,-128.2351
553,300P166540128150,CARCAJOU P-16,Abandoned,AEC West Ltd.,2000-01-01,,,OROGO,Unknown,,,False,65.5992,-128.2903
554,300D076540128300,CARCAJOU D-07,Abandoned,AEC West Ltd.,2000-01-01,,,OROGO,Unknown,,,False,65.6029,-128.5325
555,300O476540128300,CARCAJOU O-47,Abandoned,AEC West Ltd.,2000-01-01,,,OROGO,Unknown,,,False,65.6133,-128.6385
556,300C316040123300,NORTH LIARD C-31,Abandoned,Penn West Petroleum Ltd.,2000-01-01,,,OROGO,Unknown,,,False,60.5001,-123.6115
557,300N016010123153,SOUTHEAST FORT LIARD N-01,Abandoned,Paramount Resources Ltd.,2000-01-01,,,OROGO,Unknown,,,False,60.0144,-123.268
558,302C316040123301,NORTH LIARD C-31A,Abandoned,Penn West Petroleum Ltd.,2001-01-01,,,OROGO,Unknown,,,False,60.5001,-123.6115
559,300P456530127300,DEVO CREEK P-45,Abandoned,EOG Resources Canada Inc.,2002-01-01,,,OROGO,Unknown,,,False,65.4146,-127.6308
560,303P666040123302,NORTH LIARD 3P-66B,Abandoned,Canadian Natural Resources Limited,2003-01-01,,,OROGO,Unknown,,,False,60.5989,-123.6919
561,300J766020122450,BOVIE J-76,Abandoned,Paramount Resources Ltd.,2001-01-01,,,OROGO,Unknown,,,False,60.2624,-122.9847
562,300D636650126300,BELLEH DUKEH D-63,Abandoned,Canadian Natural Resources Limited,2003-01-01,,,OROGO,Unknown,,,False,66.7015,-126.7141
563,300C496640125451,NOGHA C-49,Abandoned,MGM Energy Corp.,2003-01-01,,,OROGO,Unknown,,,False,66.635,-125.8953
564,300F666020122452,BOVIE F-66,Abandoned,Paramount Resources Ltd.,2002-01-01,,,OROGO,Unknown,,,False,60.2556,-122.9609
565,300A686050122300,NETLA A-68,Abandoned,Canadian Natural Resources Limited,2002-01-01,,,OROGO,Unknown,,,False,60.7855,-122.6956
566,300I736010117150,CAMERON I-73,Abandoned,Strategic Oil & Gas Ltd.,2002-01-01,,,OROGO,Unknown,,,False,60.0459,-117.4749
567,300C746010117153,CAMERON C-74,Abandoned,Strategic Oil & Gas Ltd.,2002-01-01,,,OROGO,Unknown,,,False,60.0538,-117.4923
568,300H036010117305,CAMERON H-03,Abandoned,Strategic Oil & Gas Ltd.,2002-01-01,,,OROGO,Unknown,,,False,60.04,-117.5036
569,300O526700126300,BEHDZIA YOUH O-52,Abandoned,Canadian Natural Resources Limited,2003-01-01,,,OROGO,Unknown,,,False,66.8659,-126.6671
570,300A776050122301,EMILE LAKE A-77,Abandoned,Canadian Natural Resources Limited,2004-01-01,,,OROGO,Unknown,,,False,60.7694,-122.7276
571,300K366020123150,MCKAY LAKES K-36,Abandoned,Paramount Resources Ltd.,2003-01-01,,,OROGO,Unknown,,,False,60.2619,-123.3678
572,300M176640125452,NOGHA M-17,Abandoned,MGM Energy Corp.,2003-01-01,,,OROGO,Unknown,,,False,66.6127,-125.8105
573,300F756010117152,CAMERON F-75,Abandoned,Strategic Oil & Gas Ltd.,2003-01-01,,,OROGO,Unknown,,,False,60.0747,-117.4864
574,300K746010117152,CAMERON K-74,Abandoned,Strategic Oil & Gas Ltd.,2003-01-01,,,OROGO,Unknown,,,False,60.0614,-117.4923
575,300D496010117302,CAMERON D-49,Abandoned,Strategic Oil & Gas Ltd.,2003-01-01,,,OROGO,Unknown,,,False,60.1363,-117.6505
576,300M496010117303,CAMERON M-49,Abandoned,Strategic Oil & Gas Ltd.,2003-01-01,,,OROGO,Unknown,,,False,60.1478,-117.6544
577,300H586010117302,CAMERON H-58,Abandoned,Strategic Oil & Gas Ltd.,2003-01-01,,,OROGO,Unknown,,,False,60.1243,-117.6641
578,300P166030123301,LIARD P-16,Abandoned,Canadian Natural Resources Limited,2003-01-01,,,OROGO,Unknown,,,False,60.4306,-123.5344
579,300F566040122452,ARROWHEAD RIVER F-56,Abandoned,Canadian Natural Resources Limited,2003-01-01,,,OROGO,Unknown,,,False,60.5917,-122.931
580,300C556040122451,ARROWHEAD RIVER C-55,Abandoned,Canadian Natural Resources Limited,2003-01-01,,,OROGO,Unknown,,,False,60.568,-122.9243
581,302K296030123302,LIARD 2K-29,Abandoned,Paramount Resources Ltd.,2003-01-01,,,OROGO,Unknown,,,False,60.4781,-123.5863
582,300I756040122451,ARROWHEAD RIVER I-75,Abandoned,Canadian Natural Resources Limited,2003-01-01,,,OROGO,Unknown,,,False,60.5785,-122.9772
583,300O386040122451,ARROWHEAD RIVER O-38,Abandoned,Canadian Natural Resources Limited,2003-01-01,,,OROGO,Unknown,,,False,60.6333,-122.8605
584,300I766020123001,WEST BOVIE I-76,Abandoned,Canadian Natural Resources Limited,2003-01-01,,,OROGO,Unknown,,,False,60.2598,-123.2243
585,300J746040122451,ARROWHEAD RIVER J-74,Abandoned,Canadian Natural Resources Limited,2003-01-01,,,OROGO,Unknown,,,False,61.5599,-122.9829
586,300M356030123001,SW ARROWHEAD M-35,Abandoned,Canadian Natural Resources Limited,2003-01-01,,,OROGO,Unknown,,,False,60.416,-123.1246
587,300K356040122452,ARROWHEAD RIVER K-35,Abandoned,Canadian Natural Resources Limited,2003-01-01,,,OROGO,Unknown,,,False,60.5774,-122.8647
588,300F736010117152,CAMERON F-73,Abandoned,Strategic Oil & Gas Ltd.,2003-01-01,,,OROGO,Unknown,,,False,60.04,-117.4928
589,302K026020123301,MOUNT COTY 2K-02,Abandoned,Prairie Provident Resources Canada Ltd.,2003-01-01,,,OROGO,Unknown,,,False,60.193,-123.5209
590,300B446430125452,SUMMIT CREEK B-44,Abandoned,Husky Oil Operations Limited,2004-01-01,,,OROGO,Unknown,,,False,64.3841,-125.8914
591,300C346720125001,LAC MAUNOIR C-34,Abandoned,MGM Energy Corp.,2004-01-01,,,OROGO,Unknown,,,False,67.2174,-125.1178
592,300J666440125000,BEGADÉH J-66,Abandoned,EnCana Corporation,2004-01-01,,,OROGO,Unknown,,,False,64.592,-125.2013
593,300B236640125452,NOGHA B-23,Abandoned,MGM Energy Corp.,2004-01-01,,,OROGO,Unknown,,,False,66.535,-125.8279
594,303K296030123301,LIARD 3K-29,Abandoned,Paramount Resources Ltd.,2004-01-01,,,OROGO,Unknown,,,False,60.4785,-123.586
595,300C166010117301,CAMERON C-16,Abandoned,Strategic Oil & Gas Ltd.,2004-01-01,,,OROGO,Unknown,,,False,60.0843,-117.5509
596,300B386010117302,CAMERON B-38,Abandoned,Strategic Oil & Gas Ltd.,2004-01-01,,,OROGO,Unknown,,,False,60.1205,-117.6067
597,300F196010117304,CAMERON F-19,Abandoned,Strategic Oil & Gas Ltd.,2004-01-01,,,OROGO,Unknown,,,False,60.1385,-117.5557
598,300K196010117302,CAMERON K-19,Abandoned,Strategic Oil & Gas Ltd.,2004-01-01,,,OROGO,Unknown,,,False,60.144,-117.5534
599,300O196010117302,CAMERON O-19,Abandoned,Strategic Oil & Gas Ltd.,2004-01-01,,,OROGO,Unknown,,,False,60.1464,-117.5459
600,300K146640126001,WEST NOGHA K-14,Abandoned,MGM Energy Corp.,2004-01-01,,,OROGO,Unknown,,,False,66.561,-126.0528
601,302M256030123304,LIARD 2M-25,Abandoned,Paramount Resources Ltd.,2004-01-01,,,OROGO,Unknown,,,False,60.4141,-123.5881
602,300D076710130150,MOOSE LAKE D-07,Abandoned,Dual Exploration Inc.,2004-01-01,,,OROGO,Unknown,,,False,67.1028,-130.2788
603,300A676720125002,LAC MAUNOIR A-67,Abandoned,Apache Canada Ltd.,2005-01-01,,,OROGO,Unknown,,,False,67.2679,-125.1932
604,300L716430125301,SAH CHO L-71,Abandoned,Husky Oil Operations Limited,2005-01-01,,,OROGO,Unknown,,,False,64.3449,-125.7446
605,300E356720125001,LAC MAUNOIR E-35,Abandoned,MGM Energy Corp.,2005-01-01,,,OROGO,Unknown,,,False,67.2412,-125.1231
606,300L806720124451,EAST LAC MAUNOIR L-80,Abandoned,Apache Canada Ltd.,2005-01-01,,,OROGO,Unknown,,,False,67.3286,-124.999
607,300G476600126301,TURTON LAKE G-47,Abandoned,Apache Canada Ltd.,2005-01-01,,,OROGO,Unknown,,,False,65.9404,-126.64
608,300L236600126301,TURTON LAKE L-23,Abandoned,Apache Canada Ltd.,2005-01-01,,,OROGO,Unknown,,,False,65.8773,-126.588
609,302F736010117153,CAMERON 2F-73,Abandoned,Strategic Oil & Gas Ltd.,2005-01-01,,,OROGO,Unknown,,,False,60.04,-117.4928
610,302M736010117154,CAMERON 2M-73,Abandoned,Strategic Oil & Gas Ltd.,2005-01-01,,,OROGO,Unknown,,,False,60.048,-117.4936
611,300K296030123303,LIARD K-29A,Abandoned,Paramount Resources Ltd.,2005-01-01,,,OROGO,Unknown,,,False,60.4781,-123.586
612,300J746010117151,CAMERON J-74,Abandoned,Strategic Oil & Gas Ltd.,2006-01-01,,,OROGO,Unknown,,,False,60.0609,-117.4836
613,300L736010117151,CAMERON L-73,Abandoned,Strategic Oil & Gas Ltd.,2007-01-01,,,OROGO,Unknown,,,False,60.0441,-117.4998
614,300J046010117303,CAMERON J-04,Abandoned,Strategic Oil & Gas Ltd.,2007-01-01,,,OROGO,Unknown,,,False,60.0588,-117.5147
615,300K446430125451,SUMMIT CREEK K-44,Abandoned,Husky Oil Operations Limited,2006-01-01,,,OROGO,Unknown,,,False,64.3959,-125.8934
616,300D576420125151,STEWART D-57,Abandoned,Husky Oil Operations Limited,2006-01-01,,,OROGO,Unknown,,,False,64.2676,-125.4368
617,300L296010117302,CAMERON L-29,Abandoned,Strategic Oil & Gas Ltd.,2007-01-01,,,OROGO,Unknown,,,False,60.1447,-117.5928
618,300E076010117302,CAMERON E-07,Abandoned,Strategic Oil & Gas Ltd.,2006-01-01,,,OROGO,Unknown,,,False,60.1056,-117.5285
619,300L406010117301,CAMERON L-40,Abandoned,Strategic Oil & Gas Ltd.,2007-01-01,,,OROGO,Unknown,,,False,60.16,-117.6225
620,300A036010117300,CAMERON A-03,Abandoned,Strategic Oil & Gas Ltd.,2007-01-01,,,OROGO,Unknown,,,False,60.0369,-117.5017
621,300E726010117151,CAMERON E-72,Abandoned,Strategic Oil & Gas Ltd.,2007-01-01,,,OROGO,Unknown,,,False,60.0239,-117.5003
622,300M596440122300,BLACKWATER KWIJIKA M-59,Abandoned,Suncor Energy Inc.,2008-01-01,,,OROGO,Unknown,,,False,64.6461,-122.6841
623,300B206400125000,DAHADINNI B-20,Abandoned,Husky Oil Operations Limited,2008-01-01,,,OROGO,Unknown,,,False,63.984,-125.0484
624,300L526410124450,KEELE RIVER L-52,Abandoned,Husky Oil Operations Limited,2008-01-01,,,OROGO,Unknown,,,False,64.0251,-124.9371
625,300M746010117152,CAMERON M-74,Abandoned,Strategic Oil & Gas Ltd.,2010-01-01,,,OROGO,Unknown,,,False,60.0664,-117.5005
626,300H066010117301,CAMERON H-06,Abandoned,Strategic Oil & Gas Ltd.,2010-01-01,,,OROGO,Unknown,,,False,60.0885,-117.5079
627,300F776010117151,CAMERON F-77,Abandoned,Strategic Oil & Gas Ltd.,2010-01-01,,,OROGO,Unknown,,,False,60.1083,-117.4861
628,300B096010117300,CAMERON B-09,Abandoned,Strategic Oil & Gas Ltd.,2010-01-01,,,OROGO,Unknown,,,False,60.1359,-117.5157
629,300N066010117301,CAMERON N-06,Abandoned,Strategic Oil & Gas Ltd.,2010-01-01,,,OROGO,Unknown,,,False,60.0971,-117.5218
630,302B096010117301,CAMERON 2B-09,Abandoned,Strategic Oil & Gas Ltd.,2010-01-01,,,OROGO,Unknown,,,False,60.1359,-117.5158
631,300J396500125300,WINDY ISLAND J-39,Abandoned,MGM Energy Corp.,2011-01-01,,,OROGO,Unknown,,,False,64.9785,-125.6081
632,302H036010117301,CAMERON 2H-03,Abandoned,Strategic Oil & Gas Ltd.,2011-01-01,,,OROGO,Unknown,,,False,60.0391,-117.5032
633,300E526010117152,CAMERON E-52,Abandoned,Strategic Oil & Gas Ltd.,2011-01-01,,,OROGO,Unknown,,,False,60.024,-117.4329
634,300N096500126301,LITTLE BEAR N-09,Abandoned,Husky Oil Operations Limited,2013-01-01,,,OROGO,Unknown,,,False,64.9821,-126.5241
635,300H646500126001,LITTLE BEAR H-64,Abandoned,Husky Oil Operations Limited,2013-01-01,,,OROGO,Unknown,,,False,64.8913,-126.1908
636,300I786450125301,EAST MACKAY I-78,Abandoned,MGM Energy Corp.,2013-01-01,,,OROGO,Unknown,,,False,64.7951,-125.7238
637,300N206500126450,MIRROR LAKE N-20,Abandoned,ConocoPhillips Canada Resources Corp.,2013-01-01,,,OROGO,Unknown,,,False,64.9964,-126.8059
638,300O066510127000,LOON CREEK O-06,Abandoned,ConocoPhillips Canada Resources Corp.,2013-01-01,,,OROGO,Unknown,,,False,65.0977,-127.0104
639,300P206500126450,MIRROR LAKE P-20,Abandoned,ConocoPhillips Canada Resources Corp.,2014-01-01,,,OROGO,Unknown,,,False,64.9995,-126.7876
640,300E766510126450,DODO CANYON E-76,Abandoned,ConocoPhillips Canada Resources Corp.,2013-01-01,,,OROGO,Unknown,,,False,65.0529,-126.0336
641,300A016850134000,IKHIL A-01,Abandoned,Gulf Canada Resources Inc.,1971-05-09,Aklak,2952.7,CER-GSC-Arktis,Unknown,,,False,68.670278,-134.008611
642,300A066930134300,MALLIK A-06,Abandoned,Esso Resources Canada Limited,1972-04-21,Mackenzie Bay,3960.9,CER-GSC-Arktis,Unknown,,,False,69.41694,-134.50444
643,300A106910133150,NUNA A-10,Abandoned,Imperial Oil Limited,1983-12-21,Aklak,3245.9,CER-GSC-Arktis,Unknown,,,False,69.15011,-133.25119
644,300A126910133300,SIKU A-12,Abandoned,Gulf Canada Resources Inc.,1976-04-14,Aklak,3270.5,CER-GSC-Arktis,Unknown,,,False,69.01675,-133.54208
645,300A126930133000,TUKTUK A-12,Abandoned,Imperial Oil Limited,1985-12-02,Aklak,1789.7,CER-GSC-Arktis,Unknown,,,False,69.35039,-133.04961
646,300A236930126150,SMOKING HILLS A-23,Abandoned,Suncor Energy Inc.,1974-08-04,,596.2,CER-GSC-Arktis,Unknown,,,False,69.36833,-126.34167
647,300A286920134300,YA-YA A-28,Abandoned,Gulf Canada Resources Inc.,1974-02-28,Kugmallit,3937.5,CER-GSC-Arktis,Unknown,,,False,69.28639,-134.59083
648,300A326910133150,NUNA A-32,Abandoned,Imperial Oil Limited,1973-12-28,Aklak,3571.2,CER-GSC-Arktis,Unknown,,,False,69.02056,-133.37611
649,300A326940132000,MAGAK A-32,Abandoned,Imperial Oil Enterprises Limited,1970-12-20,Aklak,1572.2,CER-GSC-Arktis,Unknown,,,False,69.51917,-132.12556
650,300A356850135450,ULU A-35,Abandoned,Shell Canada Resources Limited,1976-03-15,Iperk,3848.3,CER-GSC-Arktis,Unknown,,,False,68.73389,-135.8825
651,300A376820135000,AKLAVIK A-37,Abandoned,Shell Canada Resources Limited,1970-08-02,Quaternary,2560.7,CER-GSC-Arktis,Unknown,,,False,68.27075,-135.12956
652,300A416910134300,REINDEER A-41,Abandoned,Gulf Canada Resources Inc.,1973-12-22,Taglu,1824.0,CER-GSC-Arktis,Unknown,,,False,69.00333,-134.67194
653,300A426930135150,UPLUK A-42,Abandoned,Chevron Canada Resources Limited,1977-01-15,Iperk,2791.7,CER-GSC-Arktis,Unknown,,,False,69.35306,-135.42611
654,300A446900133300,PARSONS A-44,Abandoned,Gulf Canada Resources Inc.,1975-04-09,Aklak,3397.2,CER-GSC-Arktis,Unknown,,,False,68.88472,-133.67667
655,300A556950131450,ATKINSON A-55,Abandoned,Imperial Oil Limited,1973-12-15,Aklak,2232.6,CER-GSC-Arktis,Unknown,,,False,69.73583,-131.965
656,300B026930133000,TUK B-02,Abandoned,Devon ARL Corporation,2002-02-17,Aklak,3171.0,CER-GSC-Arktis,Unknown,,,False,69.353139,-133.016
657,300B116850135150,UNAK B-11,Abandoned,Shell Canada Resources Limited,1973-11-07,Iperk,3294.8,CER-GSC-Arktis,Yes,,,False,68.66933,-135.31122
658,300B126920135150,UNIPKAT B-12,Abandoned,Shell Canada Resources Limited,1992-01-08,Iperk,1185.9,CER-GSC-Arktis,Unknown,,,False,69.183555,-135.306944
659,300B196920135150,NIGLINTGAK B-19,Abandoned,Shell Canada Resources Limited,1975-10-18,Iperk,2898.2,CER-GSC-Arktis,Unknown,,,False,69.30306,-135.30528
660,300B406920133000,TUK B-40,Abandoned,Imperial Oil Limited,1985-12-08,Aklak,1799.6,CER-GSC-Arktis,Unknown,,,False,69.32047,-133.13883
661,300B526940131450,ITKRILEK B-52,Abandoned,Imperial Oil Limited,1985-03-21,Aklak,1283.7,CER-GSC-Arktis,Unknown,,,False,69.5205,-131.97553
662,300B606840136000,FISH RIVER B-60,Abandoned,Chevron Canada Resources Limited,1977-06-21,Reindeer,3499.7,CER-GSC-Arktis,Unknown,,,False,68.65083,-136.2275
663,300C116910133300,SIKU C-11,Abandoned,Gulf Canada Resources Inc.,1975-12-26,Aklak,3288.7,CER-GSC-Arktis,Unknown,,,False,69.001361,-133.563861
664,300C216930135150,UPLUK C-21,Abandoned,Chevron Canada Resources Limited,1973-02-16,Iperk,1636.8,CER-GSC-Arktis,Unknown,,,False,69.335,-135.35694
665,300C226950134450,NUKTAK C-22,Abandoned,Imperial Oil Limited,1972-12-16,Mackenzie Bay,3838.9,CER-GSC-Arktis,Yes,,,False,69.68528,-134.85833
666,300C236920133150,WAGNARK C-23,Abandoned,Imperial Oil Limited,1976-04-07,Aklak,4245.9,CER-GSC-Arktis,Unknown,,,False,69.20028,-133.3625
667,300C366910134300,REINDEER C-36,Abandoned,Gulf Canada Resources Inc.,1973-03-13,Taglu,1825.5,CER-GSC-Arktis,Unknown,,,False,69.086083,-134.654167
668,300C386850133300,ONIGAT C-38,Abandoned,Gulf Canada Resources Inc.,1970-05-02,Iperk,2591.7,CER-GSC-Arktis,Unknown,,,False,68.786111,-133.654167
669,300C426930134450,TAGLU C-42,Abandoned,Imperial Oil Limited,1972-04-30,Mackenzie Bay,4866.0,CER-GSC-Arktis,Unknown,,,False,69.35139,-134.94722
670,300C526940134150,IVIK C-52,Abandoned,Imperial Oil Limited,1972-12-19,Kugmallit,3036.5,CER-GSC-Arktis,Unknown,,,False,69.51944,-134.48111
671,300C556910133300,SIKU C-55,Abandoned,Gulf Canada Resources Inc.,1972-05-02,Aklak,4502.1,CER-GSC-Arktis,Unknown,,,False,69.06778,-133.73275
672,300C586920135000,KUMAK C-58,Abandoned,Shell Canada Resources Limited,1973-04-25,Iperk,3525.3,CER-GSC-Arktis,Yes,,,False,69.285,-135.23167
673,300D026900126450,SADENE D-02,Abandoned,"Mobil Oil Canada, Ltd.",1977-03-08,Landry,1857.1,CER-GSC-Arktis,Unknown,,,False,68.85028,-126.7875
674,300D116930133000,TUKTUK D-11,Abandoned,Imperial Oil Limited,1986-02-07,Aklak,1809.4,CER-GSC-Arktis,Unknown,,,False,69.33656,-133.07792
675,300D206900133300,PARSONS D-20,Abandoned,Gulf Canada Resources Inc.,1976-04-21,Aklak,3270.8,CER-GSC-Arktis,Unknown,,,False,68.98592,-133.57356
676,300D276910134300,REINDEER D-27,Abandoned,British American Oil Company Ltd [The],1965-07-08,Richards,3853.9,CER-GSC-Arktis,Unknown,,,False,69.10139,-134.615
677,300D296940132150,KIMIK D-29,Abandoned,Imperial Oil Limited,1971-12-17,Aklak,2655.8,CER-GSC-Arktis,Unknown,,,False,69.63472,-132.36944
678,300D436930134450,TAGLU D-43,Abandoned,Imperial Oil Limited,1973-03-23,Mackenzie Bay,4546.8,CER-GSC-Arktis,Unknown,,,False,69.3705,-134.95011
679,300D486900133150,KAMIK D-48,Abandoned,Gulf Canada Resources Inc.,1975-12-23,Aklak,3224.0,CER-GSC-Arktis,Unknown,,,False,68.9535,-133.45831
680,300D506840133450,SHAKGATLATACHIG D-50,Abandoned,Gulf Canada Resources Inc.,1985-02-21,Aklak,2058.7,CER-GSC-Arktis,Unknown,,,False,68.652,-133.95231
681,300D526850133300,ONIGAT D-52,Abandoned,Gulf Canada Resources Inc.,1985-01-23,Quaternary,1407.3,CER-GSC-Arktis,Unknown,,,False,68.68356,-133.73997
682,300D556930134450,TAGLU D-55,Abandoned,Imperial Oil Limited,1972-04-06,Mackenzie Bay,3658.0,CER-GSC-Arktis,Unknown,,,False,69.40389,-134.99278
683,300D586900133150,KAMIK D-58,Abandoned,Gulf Canada Resources Inc.,1974-11-26,Aklak,,CER-GSC-Arktis,Unknown,,,False,68.95367,-133.49761
684,300E026900133300,PARSONS E-02,Abandoned,Gulf Canada Resources Inc.,1985-12-21,Aklak,1268.6,CER-GSC-Arktis,Unknown,,,False,68.85436,-133.53619
685,300E206920133000,TUK E-20,Abandoned,Esso Resources Canada Limited,1991-01-25,Aklak,3172.1,CER-GSC-Arktis,Unknown,,,False,69.321861,-133.083305
686,300E216910133300,SIKU E-21,Abandoned,Gulf Canada Resources Inc.,1977-04-17,Aklak,3420.4,CER-GSC-Arktis,Unknown,,,False,69.00814,-133.61525
687,300E296920135300,LANGLEY E-29,Abandoned,Imperial Oil Limited,1973-04-08,Iperk,3791.8,CER-GSC-Arktis,Unknown,,,False,69.30806,-135.61556
688,300E406910133150,NUNA E-40,Abandoned,Imperial Oil Limited,1986-03-14,Iperk,1624.3,CER-GSC-Arktis,Unknown,,,False,69.15439,-133.41222
689,300E416940132300,ATERTAK E-41,Abandoned,Imperial Oil Limited,1972-05-01,Aklak,1976.7,CER-GSC-Arktis,Unknown,,,False,69.5075,-132.70222
690,300E546930132300,PIKIOLIK E-54,Abandoned,Imperial Oil Limited,1971-12-11,Aklak,3115.1,CER-GSC-Arktis,Unknown,,,False,69.3875,-132.74306
691,300F096900133300,PARSONS F-09,Abandoned,Gulf Canada Resources Inc.,1971-12-20,Aklak,3541.9,CER-GSC-Arktis,Unknown,,,False,68.97447,-133.52933
692,300F146930132150,AKKU F-14,Abandoned,Esso Resources Canada Limited,1972-12-09,Aklak,1522.7,CER-GSC-Arktis,Unknown,,,False,69.3875,-132.31889
693,300F186920133000,TUK F-18,Abandoned,Imperial Oil Enterprises Limited,1968-12-29,Aklak,3144.8,CER-GSC-Arktis,Unknown,,,False,69.29139,-133.06694
694,300F306900134300,TUNUNUK F-30,Abandoned,Gulf Oil Canada Limited,1976-04-05,Taglu,3561.0,CER-GSC-Arktis,Unknown,,,False,68.98944,-134.61194
695,300F316830134450,NAPOIAK F-31,Abandoned,Shell Canada Resources Limited,1974-04-12,Quaternary,1521.0,CER-GSC-Arktis,Unknown,,,False,68.34028,-134.89694
696,300F386900133150,KAMIK F-38,Abandoned,Gulf Canada Resources Inc.,1976-12-13,Aklak,3535.2,CER-GSC-Arktis,Unknown,,,False,68.95636,-133.39847
697,300F427000131000,KANGUK F-42,Abandoned,Imperial Oil Limited,1973-01-27,Aklak,1544.9,CER-GSC-Arktis,Unknown,,,False,69.85722,-131.18917
698,300F486930134000,KILAGMIOTAK F-48,Abandoned,Gulf Canada Resources Inc.,1972-02-04,Kugmallit,4759.9,CER-GSC-Arktis,Unknown,,,False,69.45806,-134.1975
699,300G027000127150,HORTON RIVER G-02,Abandoned,Elf Oil Exploration And Production Canada Ltd.,1969-11-09,Quaternary,2476.0,CER-GSC-Arktis,Unknown,,,False,69.85625,-127.26564
700,300G046900133450,ATIGI G-04,Abandoned,Gulf Canada Resources Inc.,1971-01-07,Aklak,3728.9,CER-GSC-Arktis,Unknown,,,False,68.88775,-133.767583
701,300G076940134000,HANSEN G-07,Abandoned,Imperial Oil Limited,1986-02-10,Iperk,3275.4,CER-GSC-Arktis,Unknown,,,False,69.60572,-134.01997
702,300G126920133150,WAGNARK G-12,Abandoned,Imperial Oil Limited,1973-04-18,Aklak,3567.4,CER-GSC-Arktis,Unknown,,,False,69.18917,-133.30389
703,300G126930132450,MAYOGIAK G-12,Abandoned,Imperial Oil Limited,1986-02-18,Aklak,2825.9,CER-GSC-Arktis,Unknown,,,False,69.35475,-132.81081
704,300G216930132300,PIKIOLIK G-21,Abandoned,Home Oil Company Limited,1983-02-16,Aklak,1428.8,CER-GSC-Arktis,Unknown,,,False,69.33983,-132.59544
705,300G336930134450,TAGLU G-33,Abandoned,Esso Resources Canada Limited,1971-04-13,Mackenzie Bay,2990.4,CER-GSC-Arktis,Unknown,,,False,69.37164,-134.89353
706,300G396920133000,TUK G-39,Abandoned,Imperial Oil Limited,1985-12-05,Aklak,1794.3,CER-GSC-Arktis,Unknown,,,False,69.30639,-133.14525
707,300G486920133000,TUK G-48,Abandoned,Imperial Oil Limited,1986-01-14,Aklak,1699.4,CER-GSC-Arktis,Unknown,,,False,69.28978,-133.18392
708,300G567000128450,NICHOLSON G-56,Abandoned,Texaco Canada Resources Ltd.,1962-09-04,Recent,862.5,CER-GSC-Arktis,Yes,,,False,69.92467,-128.97614
709,300H066930135000,TAGLU WEST H-06,Abandoned,Imperial Oil Limited,1985-03-26,Mackenzie Bay,4196.3,CER-GSC-Arktis,Unknown,,,False,69.42347,-135.00822
710,300H136830135300,BEAVER HOUSE CREEK H-13,Abandoned,Shell Canada Resources Limited,1970-11-23,Mount Goodenough,3696.4,CER-GSC-Arktis,Unknown,,,False,68.37122,-135.55083
711,300H166940131000,AMAGUK H-16,Abandoned,Elf Oil Exploration And Production Canada Ltd.,1973-03-25,Iperk,1254.1,CER-GSC-Arktis,Yes,,,False,69.59,-131.04778
712,300H226930133000,TUKTUK H-22,Abandoned,Imperial Oil Limited,1986-01-11,Aklak,1800.3,CER-GSC-Arktis,Unknown,,,False,69.35611,-133.08389
713,300H237010130000,RUSSELL H-23,Abandoned,Imperial Oil Limited,1974-02-17,Aklak,1817.1,CER-GSC-Arktis,Unknown,,,False,70.03833,-130.10778
714,300H246920134450,TOAPOLOK H-24,Abandoned,Gulf Canada Resources Inc.,1974-04-21,Richards,2619.2,CER-GSC-Arktis,Unknown,,,False,69.22167,-134.84028
715,300H256950131450,ATKINSON H-25,Abandoned,Esso Resources Canada Limited,1969-12-14,Aklak,1807.1,CER-GSC-Arktis,Unknown,,,False,69.73822,-131.83925
716,300H306920133000,TUK H-30,Abandoned,Imperial Oil Limited,1985-04-21,Aklak,1399.6,CER-GSC-Arktis,Unknown,,,False,69.32242,-133.08717
717,300H306920135150,NIGLINTGAK H-30,Abandoned,Shell Canada Resources Limited,1972-10-24,Iperk,2381.5,CER-GSC-Arktis,Unknown,,,False,69.32256,-135.34314
718,300H346830130300,WOLVERINE H-34,Abandoned,Unocal Canada Limited,1974-02-05,Imperial,2039.9,CER-GSC-Arktis,Unknown,,,False,68.38861,-130.63333
719,300H506950131300,NATAGNAK H-50,Abandoned,Imperial Oil Enterprises Limited,1970-04-30,Iperk,1949.6,CER-GSC-Arktis,Unknown,,,False,69.82417,-131.66972
720,300H546930134450,TAGLU H-54,Abandoned,Imperial Oil Limited,1976-12-02,Mackenzie Bay,2782.8,CER-GSC-Arktis,Unknown,,,False,69.38889,-134.96833
721,300I176920134300,YA-YA I-17,Abandoned,Gulf Canada Resources Inc.,1974-11-22,Kugmallit,,CER-GSC-Arktis,Unknown,,,False,69.27639,-134.54694
722,300I226920135150,UNIPKAT I-22,Abandoned,Shell Canada Resources Limited,1972-09-08,Iperk,4328.6,CER-GSC-Arktis,Unknown,,,False,69.19372,-135.34094
723,300I247000131000,KANGUK I-24,Abandoned,Imperial Oil Enterprises Limited,1971-02-13,Aklak,1600.9,CER-GSC-Arktis,Unknown,,,False,69.89444,-131.08667
724,300I296930131150,KILIGVAK I-29,Abandoned,Elf Oil Exploration And Production Canada Ltd.,1973-05-16,Iperk,1955.7,CER-GSC-Arktis,Unknown,,,False,69.47722,-131.33778
725,300I306910133150,NUNA I-30,Abandoned,Suncor Energy Inc.,2003-02-07,Taglu,3164.0,CER-GSC-Arktis,Unknown,,,False,69.15958,-133.33583
726,300I376850134000,IKHIL I-37,Abandoned,Gulf Canada Resources Inc.,1973-04-10,Iperk,4687.2,CER-GSC-Arktis,Unknown,,,False,68.77611,-134.13056
727,300I486910135450,ELLICE I-48,Suspended,MGM Energy Corp.,2004-02-04,Iperk,,CER-GSC-Arktis,Unknown,,,False,69.12611,-135.92597
728,300J066850133450,OGEOQEOQ J-06,Abandoned,Gulf Canada Resources Inc.,1975-02-21,Aklak,1834.0,CER-GSC-Arktis,Unknown,,,False,68.76167,-133.76667
729,300J066920135000,KUMAK J-06,Abandoned,Shell Canada Resources Limited,1973-11-24,Iperk,3467.0,CER-GSC-Arktis,Unknown,,,False,69.26,-135.01606
730,300J076920132300,ESKIMO J-07,Abandoned,Imperial Oil Enterprises Limited,1969-05-10,Iperk,905.0,CER-GSC-Arktis,Unknown,,,False,69.27861,-132.51639
731,300J176930132450,MAYOGIAK J-17,Abandoned,Imperial Oil Limited,1971-04-03,Iperk,3685.8,CER-GSC-Arktis,Unknown,,,False,69.445,-132.80344
732,300J206910135150,SHAVILIG J-20,Abandoned,Shell Canada Resources Limited,1992-02-18,Iperk,1373.2,CER-GSC-Arktis,Unknown,,,False,69.160667,-135.303305
733,300J236920135450,NORTH ELLICE J-23,Abandoned,Standard Oil Company Of British Columbia Ltd.,1975-10-22,Iperk,3469.1,CER-GSC-Arktis,Unknown,,,False,69.20944,-135.85389
734,300J266940134150,IVIK J-26,Abandoned,Imperial Oil Resources Limited,1972-04-08,Mackenzie Bay,3645.4,CER-GSC-Arktis,Unknown,,,False,69.595,-134.34389
735,300J296910133000,IMNAK J-29,Abandoned,Dome Petroleum Limited,1974-12-22,Iperk,3403.5,CER-GSC-Arktis,Unknown,,,False,69.14472,-133.10139
736,300J296920133000,TUK J-29,Abandoned,Imperial Oil Limited,1985-01-10,Aklak,3096.0,CER-GSC-Arktis,Unknown,,,False,69.3115,-133.09731
737,300J356850134000,IKHIL J-35,Producer,Utility Group Facilities Inc.,1998-02-27,Aklak,1160.0,CER-GSC-Arktis,No,,,False,68.74322,-134.14303
738,300J376930134150,UMIAK J-37,Abandoned,Imperial Oil Limited,1972-12-17,Mackenzie Bay,3614.7,CER-GSC-Arktis,Unknown,,,False,69.443333,-134.385556
739,300J376930134300,MALLIK J-37,Abandoned,Imperial Oil Limited,1977-12-22,Mackenzie Bay,3085.5,CER-GSC-Arktis,Unknown,,,False,69.44389,-134.63972
740,300J397000130000,KAPIK J-39,Abandoned,Imperial Oil Limited,1975-01-01,Aklak,1465.4,CER-GSC-Arktis,Unknown,,,False,69.97556,-130.13611
741,300K106900134450,TUNUNUK K-10,Abandoned,Imperial Oil Enterprises Limited,1968-08-13,Iperk,3752.5,CER-GSC-Arktis,Unknown,,,False,68.99556,-134.77611
742,300K166920135000,KUMAK K-16,Abandoned,Shell Canada Resources Limited,1975-02-24,Iperk,3659.2,CER-GSC-Arktis,Unknown,,,False,69.259139,-135.066167
743,300K236950131300,NATAGNAK K-23,Abandoned,Imperial Oil Enterprises Limited,1970-03-13,Aklak,1516.9,CER-GSC-Arktis,Unknown,,,False,69.70861,-131.61222
744,300K266910135000,TITALIK K-26,Abandoned,Shell Canada Resources Limited,1972-10-17,Iperk,3837.1,CER-GSC-Arktis,Unknown,,,False,69.09167,-135.10417
745,300K306920135300,LANGLEY K-30,Suspended,MGM Energy Corp.,2003-03-19,Iperk,1322.0,CER-GSC-Arktis,Unknown,,,False,69.32514,-135.61092
746,300K316900135000,TULLUGAK K-31,Abandoned,Shell Canada Resources Limited,1976-10-18,Iperk,2887.4,CER-GSC-Arktis,Unknown,,,False,68.84167,-135.15603
747,300K316940132300,ATERTAK K-31,Abandoned,Imperial Oil Limited,1986-04-08,Aklak,3131.5,CER-GSC-Arktis,Unknown,,,False,69.50956,-132.65206
748,300K356850134000,IKHIL K-35,Producer,Utility Group Facilities Inc.,1986-02-27,Aklak,1539.9,CER-GSC-Arktis,No,,,False,68.74547,-134.15447
749,300K457000131150,LOUTH K-45,Abandoned,Imperial Oil Limited,1975-02-19,Kugmallit,2216.4,CER-GSC-Arktis,Unknown,,,False,69.90889,-131.44639
750,300K496850133300,ONIGAT K-49,Abandoned,Gulf Canada Resources Inc.,1986-02-02,Iperk,1422.8,CER-GSC-Arktis,Unknown,,,False,68.81117,-133.69633
751,300K536950131300,NATAGNAK K-53,Abandoned,Imperial Oil Limited,1973-03-04,Aklak,1751.4,CER-GSC-Arktis,Unknown,,,False,69.71083,-131.73194
752,300K546940134150,IVIK K-54,Abandoned,Imperial Oil Limited,1973-03-30,Mackenzie Bay,3150.1,CER-GSC-Arktis,Yes,,,False,69.56,-134.48361
753,300K606830129150,CROSSLEY LK S K-60,Abandoned,Canadian Pacific Oil & Gas Limited,1968-08-28,Hare Indian,1684.9,CER-GSC-Arktis,Unknown,,,False,68.49417,-129.48722
754,300L096920133000,TUK L-09,Abandoned,Imperial Oil Limited,1983-11-18,Aklak,3025.0,CER-GSC-Arktis,Unknown,,,False,69.31239,-133.03692
755,300L246900135150,KUGPIK L-24,Abandoned,Shell Canada Resources Limited,1975-02-03,Iperk,2871.0,CER-GSC-Arktis,Yes,,,False,68.89208,-135.37031
756,300L286850135150,UNAK L-28,Abandoned,Shell Canada Resources Limited,1986-08-11,Taglu,3223.9,CER-GSC-Arktis,Unknown,,,False,68.794,-135.36839
757,300L366920133150,WAGNARK L-36,Abandoned,Imperial Oil Limited,1986-03-08,Aklak,2604.7,CER-GSC-Arktis,Unknown,,,False,69.26208,-133.41497
758,300L376900133300,PARSONS L-37,Abandoned,Gulf Oil Canada Limited,1976-12-26,Aklak,3411.6,CER-GSC-Arktis,Unknown,,,False,68.94519,-133.66519
759,300L386930134300,MALLIK L-38,Abandoned,Esso Resources Canada Limited,1971-12-24,Mackenzie Bay,2530.3,CER-GSC-Arktis,Unknown,,,False,69.46222,-134.65694
760,300L396930132450,MAYOGIAK L-39,Abandoned,Imperial Oil Limited,1974-04-10,Iperk,4442.7,CER-GSC-Arktis,Unknown,,,False,69.47806,-132.90833
761,300L426930135150,UPLUK L-42,Abandoned,Chevron Canada Resources Limited,1985-03-22,Iperk,3347.9,CER-GSC-Arktis,Unknown,,,False,69.3605,-135.45817
762,300L436900133300,PARSONS L-43,Abandoned,Gulf Canada Resources Inc.,1975-12-10,Aklak,3286.1,CER-GSC-Arktis,Unknown,,,False,68.87742,-133.69894
763,300L466900135150,KUGPIK L-46,Abandoned,Suncor Energy Inc.,2002-03-11,Iperk,3014.0,CER-GSC-Arktis,Yes,,,False,68.92819,-135.45358
764,300L606900133150,KAMIK L-60,Abandoned,Gulf Canada Resources Inc.,1975-03-29,Aklak,,CER-GSC-Arktis,Unknown,,,False,68.99464,-133.49003
765,300M016840134300,NAPARTOK M-01,Abandoned,Imperial Oil Limited,1979-02-11,Iperk,1957.7,CER-GSC-Arktis,Unknown,,,False,68.51306,-134.53833
766,300M156910135150,KURK M-15,Abandoned,Suncor Energy Inc.,2001-02-10,,3093.0,CER-GSC-Arktis,Unknown,,,False,69.08092,-135.32325
767,300M166930132450,MAYOGIAK M-16,Abandoned,Imperial Oil Limited,1980-01-24,Aklak,,CER-GSC-Arktis,Unknown,,,False,69.43203,-132.82497
768,300M166930134000,KILAGMIOTAK M-16,Abandoned,Gulf Canada Resources Inc.,1975-02-25,Mackenzie Bay,3152.6,CER-GSC-Arktis,Unknown,,,False,69.43111,-134.075
769,300M186920133000,TUK M-18,Suspended,Devon ARL Corporation,2001-12-24,Aklak,2933.7,CER-GSC-Arktis,Unknown,,,False,69.29739,-133.07628
770,300M196920135150,NIGLINTGAK M-19,Abandoned,Shell Canada Resources Limited,1974-06-01,Iperk,3990.2,CER-GSC-Arktis,Unknown,,,True,69.313611,-135.323889
771,300M266930132300,PIKIOLIK M-26,Abandoned,Imperial Oil Limited,1971-12-22,Aklak,1983.2,CER-GSC-Arktis,Unknown,,,False,69.43194,-132.62389
772,300M316900134150,OGRUKNANG M-31,Abandoned,Gulf Canada Resources Inc.,1977-04-18,Iperk,4411.0,CER-GSC-Arktis,Unknown,,,False,68.84781,-134.41403
773,300M336920134300,YA-YA M-33,Abandoned,Gulf Canada Resources Inc.,1974-11-22,Kugmallit,,CER-GSC-Arktis,Unknown,,,False,69.21583,-134.66222
774,300M336950131450,ATKINSON M-33,Abandoned,Imperial Oil Enterprises Limited,1970-05-01,Aklak,1928.1,CER-GSC-Arktis,Yes,,,False,69.71333,-131.91194
775,300M386930135150,UPLUK M-38,Abandoned,Chevron Canada Resources Limited,1975-02-06,Iperk,3579.5,CER-GSC-Arktis,Unknown,,,False,69.46556,-135.415
776,300M396910135150,KURK M-39,Abandoned,Imperial Oil Limited,1976-12-16,Iperk,3099.0,CER-GSC-Arktis,Unknown,,,False,69.14861,-135.415
777,300M456920135150,UNIPKAT M-45,Abandoned,MGM Energy Corp.,2007-03-14,Iperk,,CER-GSC-Arktis,Unknown,,,False,69.24883,-135.45575
778,300N026840131300,KUGALUK N-02,Abandoned,Canadian Pacific Oil & Gas Limited,1969-04-02,Imperial,2449.7,CER-GSC-Arktis,Unknown,,,False,68.53194,-131.52194
779,300N056930134150,UMIAK N-05,Suspended,MGM Energy Corp.,2005-01-18,Kugmallit,,CER-GSC-Arktis,Unknown,,,False,69.41572,-134.27222
780,300N106900133300,PARSONS N-10,Abandoned,Gulf Canada Resources Inc.,1973-02-24,Aklak,,CER-GSC-Arktis,Unknown,,,False,68.99681,-133.53056
781,300N106930134150,UMIAK N-10,Abandoned,Imperial Oil Limited,1977-04-13,Kugmallit,4783.5,CER-GSC-Arktis,Unknown,,,False,69.49722,-134.27361
782,300N126920135150,UNIPKAT N-12,Abandoned,Shell Canada Resources Limited,1990-02-06,Quaternary,1613.7,CER-GSC-Arktis,Unknown,,,False,69.198555,-135.318805
783,300N166930134150,UMIAK N-16,Suspended,MGM Energy Corp.,2004-02-18,Kugmallit,,CER-GSC-Arktis,Unknown,,,False,69.43142,-134.31542
784,300N176900133300,PARSONS N-17,Abandoned,Gulf Canada Resources Inc.,1975-12-18,Aklak,3207.6,CER-GSC-Arktis,Unknown,,,False,68.94806,-133.56639
785,300N176940134150,IVIK N-17,Abandoned,Imperial Oil Limited,1973-01-10,Mackenzie Bay,3042.7,CER-GSC-Arktis,Unknown,,,False,69.61417,-134.32111
786,300N266850134000,IKHIL N-26,Abandoned,Inuvialuit Petroleum Corporation,1998-03-20,Aklak,,CER-GSC-Arktis,Unknown,,,False,68.76533,-134.11033
787,300N346930132450,MAYOGIAK N-34,Abandoned,Imperial Oil Limited,1986-02-14,Aklak,1721.6,CER-GSC-Arktis,Unknown,,,False,69.39992,-132.90094
788,300N447000130450,AMAROK N-44,Abandoned,Imperial Oil Limited,1974-04-11,Aklak,2293.3,CER-GSC-Arktis,Unknown,,,False,69.89972,-130.93778
789,300N457000128450,NICHOLSON N-45,Abandoned,Texaco Canada Resources Ltd.,1962-10-30,Recent,863.2,CER-GSC-Arktis,Unknown,,,False,69.91639,-128.93856
790,300N466910134450,KIKORALOK N-46,Abandoned,Gulf Canada Resources Inc.,1974-12-20,Iperk,1884.1,CER-GSC-Arktis,Unknown,,,False,69.09611,-134.9425
791,300O097000130300,NUVORAK O-09,Abandoned,Imperial Oil Enterprises Limited,1970-03-12,Iperk,1156.4,CER-GSC-Arktis,Unknown,,,False,69.98194,-130.51556
792,300O136900135150,KUGPIK O-13,Abandoned,Shell Canada Resources Limited,1973-03-26,Iperk,3662.7,CER-GSC-Arktis,Unknown,,,False,68.880555,-135.304167
793,300O146910135450,ELLICE O-14,Abandoned,Imperial Oil Enterprises Limited,1969-11-19,Iperk,2901.3,CER-GSC-Arktis,Unknown,,,False,69.06556,-135.80444
794,300O156910135000,TITALIK O-15,Abandoned,Shell Canada Resources Limited,1975-04-27,Iperk,3379.0,CER-GSC-Arktis,Unknown,,,False,69.08278,-135.05333
795,300O196920132450,TUKTU O-19,Abandoned,Imperial Oil Enterprises Limited,1970-12-07,Aklak,2315.0,CER-GSC-Arktis,Unknown,,,False,69.31528,-132.80472
796,300O206850134450,KIPNIK O-20,Abandoned,Shell Canada Resources Limited,1974-07-14,Iperk,3489.8,CER-GSC-Arktis,Unknown,,,False,68.83331,-134.80525
797,300O276900133300,PARSONS O-27,Abandoned,Gulf Canada Resources Inc.,1974-03-23,Aklak,3265.6,CER-GSC-Arktis,Unknown,,,False,68.94806,-133.59889
798,300O486900133450,ATIGI O-48,Abandoned,Gulf Canada Resources Inc.,1974-01-09,Richards,1981.0,CER-GSC-Arktis,Unknown,,,False,68.96333,-133.93528
799,300O546920134450,TOAPOLOK O-54,Abandoned,Gulf Canada Resources Inc.,1973-11-27,Kugmallit,2784.0,CER-GSC-Arktis,Unknown,,,False,69.23264,-134.97525
800,300O596950131300,NATAGNAK O-59,Abandoned,Imperial Oil Limited,1982-12-17,Iperk,2119.6,CER-GSC-Arktis,Unknown,,,False,69.81567,-131.72225
801,300P036930135000,TAGLU WEST P-03,Abandoned,Esso Resources Canada Limited,1971-12-12,Mackenzie Bay,3305.6,CER-GSC-Arktis,Unknown,,,False,69.381944,-135.006667
802,300P046930135300,GARRY P-04,Abandoned,Sun Oil Company,1975-08-25,Kugmallit,3301.2,CER-GSC-Arktis,Unknown,,,False,69.39606,-135.50539
803,300P216920133300,RED FOX P-21,Abandoned,Gulf Canada Resources Inc.,1975-02-23,Iperk,4175.0,CER-GSC-Arktis,Unknown,,,False,69.18,-133.58361
804,300P416900133300,PARSONS P-41,Abandoned,Gulf Canada Resources Inc.,1976-12-29,Aklak,3541.7,CER-GSC-Arktis,Unknown,,,False,68.84744,-133.67453
805,300P536900133300,PARSONS P-53,Abandoned,Gulf Canada Resources Inc.,1973-12-22,Aklak,3429.6,CER-GSC-Arktis,Unknown,,,False,68.88036,-133.71592
806,300P536920134300,YA-YA P-53,Abandoned,Gulf Oil Canada Limited,1972-12-08,Kugmallit,3027.7,CER-GSC-Arktis,Unknown,,,False,69.21272,-134.71383
807,300P596930134300,MALLIK P-59,Abandoned,Imperial Oil Limited,1972-12-30,Mackenzie Bay,2626.9,CER-GSC-Arktis,Yes,,,False,69.48028,-134.7125
808,300P606840133300,SHOLOKPAOQAK P-60,Abandoned,Gulf Canada Resources Inc.,1970-03-17,Aklak,1897.3,CER-GSC-Arktis,Unknown,,,False,68.6625,-133.716667
809,302L386930134300,MALLIK 2L-38,Abandoned,Aurora College,1998-02-16,Mackenzie Bay,1150.0,CER-GSC-Arktis,Unknown,,,False,69.46131,-134.65844
810,303L386930134300,MALLIK 3L-38,Abandoned,Aurora College,2001-12-25,,1188.0,CER-GSC-Arktis,Unknown,,,False,69.46064,-134.66156
811,304L386930134300,MALLIK 4L-38,Abandoned,Aurora College,2002-01-11,,1188.0,CER-GSC-Arktis,Unknown,,,False,69.46133,-134.65969
812,305L386930134300,MALLIK 5L-38,Abandoned,Aurora College,2002-01-25,Mackenzie Bay,,CER-GSC-Arktis,Unknown,,,False,69.46097,-134.66064
813,300F266030068150,AKPATOK ISLAND F-26,Abandoned,PREMIUM-HOMESTEAD,1969-01-01,HUDSON STRAIT BASIN,,Basin,Yes,,,False,60.424606,-68.33575
814,300N127520098300,ALLISON RIVER N-12,Abandoned,SUN KR PANARCTIC,1970-01-01,ARCTIC FOLD BELT,,Basin,Yes,,,False,75.198671,-98.596177
815,NAN_UWI_0,ALPHA-1S1,Suspended,CAPRICORN,2010-01-01,,,Basin,Unknown,,,True,70.315043,-58.478393
816,300H407820096000,AMUND CENTRAL DOME H-40,Abandoned,PANARCTIC,1970-01-01,SVERDRUP BASIN,,Basin,Yes,,,False,78.32544,-96.265627
817,NAN_UWI_1,AT2-1,Abandoned,CAPRICORN,2011-01-01,NUUK BASIN,,Basin,Yes,,,True,64.356922,-55.426256
818,NAN_UWI_2,AT7-1,Abandoned,CAPRICORN,2011-01-01,NUUK BASIN,,Basin,Yes,,,True,64.742542,-55.708571
819,300D587740100000,BALAENA D-58,Abandoned,PANARCTIC AIEG DOME PPC,1980-01-01,SVERDRUP BASIN,,Basin,Yes,,,True,77.620973,-100.376067
820,300J347540098300,BATHURST CALEDONIAN RIVER J-34,Abandoned,DOM.EXPLORERS-CANSO ET AL,1963-01-01,ARCTIC FOLD BELT,,Basin,Yes,,,False,75.559409,-98.717693
821,300A577630103300,BENT HORN A-57,Abandoned,PANARCTIC ET AL,1978-01-01,SVERDRUP BASIN,,Basin,Yes,,,False,76.43439,-103.823609
822,300F727630103300,BENT HORN F-72,Abandoned,PANARCTIC,1975-01-01,SVERDRUP BASIN,,Basin,Yes,,,False,76.358333,-103.972498
823,302F727630103300,BENT HORN F-72A,Abandoned,PANARCTIC,1975-01-01,SVERDRUP BASIN,,Basin,Yes,,,False,76.358333,-103.972498
824,303F727630103300,BENT HORN F-72B,Abandoned,PANARCTIC ET AL,1987-01-01,SVERDRUP BASIN,,Basin,Yes,,,False,76.358333,-103.972498
825,300N727630103300,BENT HORN N-72,Abandoned,PANARCTIC TENN ET AL,1973-01-01,SVERDRUP BASIN,,Basin,Yes,,,False,76.364943,-103.971666
826,300G137510108000,BEVERLEY INLET G-13,Abandoned,PANARCTIC ET AL,1977-01-01,ARCTIC FOLD BELT,,Basin,Yes,,,False,75.039594,-108.091685
827,300E467720086000,BLUE FIORD E-46,Abandoned,PANARCTIC ARCO ET AL,1974-01-01,ARCTIC FOLD BELT,,Basin,Yes,,,False,77.258352,-86.301968
828,300O687710091000,BUCKINGHAM O-68,Abandoned,PANARCTIC ET AL,1984-01-01,SVERDRUP BASIN,,Basin,Yes,,,True,77.13428,-91.399035
829,300C477750100000,CAPE ALLISON C-47,Abandoned,PANARCTIC ET AL,1985-01-01,SVERDRUP BASIN,,Basin,Yes,,,True,77.769048,-100.292037
830,300L507750100000,CAPE ALLISON L-50,Abandoned,HB NORCEN PHILLIPS,1977-01-01,SVERDRUP BASIN,,Basin,Yes,,,False,77.826247,-100.303306
831,300M217640103300,CAPE FLEETWOOD M-21,Abandoned,PANARCTIC,1974-01-01,SVERDRUP BASIN,,Basin,Yes,,,False,76.51406,-103.678614
832,302K157750099000,CAPE MACMILLAN 2K-15,Abandoned,PANARCTIC ET AL,1983-01-01,SVERDRUP BASIN,,Basin,Yes,,,True,77.744646,-99.102345
833,300K157750099000,CAPE MACMILLAN K-15,Abandoned,PANARCTIC ET AL,1983-01-01,SVERDRUP BASIN,,Basin,Yes,,,True,77.744869,-99.102206
834,300F247740109000,CAPE MAMEN F-24,Abandoned,PANARCTIC ET AL,1982-01-01,SVERDRUP BASIN,,Basin,Yes,,,True,77.555514,-109.168096
835,300B647630109300,CHADS CREEK B-64,Abandoned,PANARCTIC ET AL,1974-01-01,SVERDRUP BASIN,,Basin,Yes,,,False,76.386362,-109.908161
836,300G077740099300,CHAR G-07,Abandoned,PANARCTIC AIEG DOME PPC,1980-01-01,SVERDRUP BASIN,,Basin,Yes,,,True,77.60895,-99.521535
837,300G077630103000,CHARLES POINT G-07,Abandoned,PANARCTIC,1976-01-01,ARCTIC FOLD BELT,,Basin,Yes,,,False,76.441572,-103.019097
838,300B667730106000,CISCO B-66,Abandoned,PANARCTIC AIEG PRC PPC,1981-01-01,SVERDRUP BASIN,,Basin,Yes,,,True,77.417849,-106.395525
839,300C427730106000,CISCO C-42,Abandoned,PANARCTIC ET AL,1982-01-01,SVERDRUP BASIN,,Basin,Yes,,,True,77.354423,-106.287347
840,300K587730106000,CISCO K-58,Abandoned,PANARCTIC ET AL,1982-01-01,SVERDRUP BASIN,,Basin,Yes,,,True,77.46082,-106.354684
841,300M227730106000,CISCO M-22,Abandoned,PANARCTIC ET AL,1984-01-01,SVERDRUP BASIN,,Basin,Yes,,,True,77.367619,-106.188754
842,300K337640108300,COLLINGWOOD K-33,Abandoned,PANARCTIC TENN ET AL,1974-01-01,SVERDRUP BASIN,,Basin,Yes,,,False,76.546527,-108.726529
843,300O307730094300,CORNWALL O-30,Abandoned,MOBIL,1979-01-01,SVERDRUP BASIN,,Basin,Yes,,,False,77.497294,-94.650227
844,300K407510094300,CORNWALLIS CENTRAL DOME K-40,Abandoned,PANARCTIC DEMINEX,1971-01-01,ARCTIC STABLE PLATFORM,,Basin,Yes,,,False,75.161988,-94.721132
845,300L417450094300,CORNWALLIS RESOLUTE BAY L-41,Abandoned,LOBITOS ET AL,1963-01-01,ARCTIC STABLE PLATFORM,,Basin,Yes,,,False,74.678557,-94.744606
846,300I538010098300,CROCKER I-53,Abandoned,DOME ARCTIC VENTURES,1974-01-01,SVERDRUP BASIN,,Basin,Yes,,,False,80.046496,-98.923729
847,NAN_UWI_3,DELTA-1,Abandoned,CAPRICORN,2011-01-01,,,Basin,Yes,,,True,71.307125,-58.668928
848,300L247930085300,DEPOT POINT L-24,Abandoned,HORN RIVER PANARCTIC ET AL,1972-01-01,SVERDRUP BASIN,,Basin,Yes,,,False,79.395438,-85.739053
849,300B737650105300,DESBARATS B-73,Abandoned,PANARCTIC AIEG,1979-01-01,SVERDRUP BASIN,,Basin,Yes,,,True,76.704408,-105.956235
850,300E457510091300,DEVON E-45,Abandoned,IMP IOE PANARCTIC ET AL,1971-01-01,ARCTIC STABLE PLATFORM,,Basin,Yes,,,False,75.073275,-91.805993
851,300P367830103000,DOME BAY P-36,Abandoned,PANARCTIC DOME TENNECO ET AL,1972-01-01,SVERDRUP BASIN,,Basin,Yes,,,False,78.43236,-103.266278
852,300P587830103000,DOME BAY STRAT P-58,Abandoned,PANARCTIC,1973-01-01,SVERDRUP BASIN,,Basin,Yes,,,False,78.464078,-103.421133
853,300B447630108000,DRAKE B-44,Abandoned,PANARCTIC TENNECO ET AL POR,1972-01-01,SVERDRUP BASIN,,Basin,Yes,,,False,76.386581,-108.269747
854,300D737630108000,DRAKE D-73,Abandoned,PANARCTIC TENN ET AL,1975-01-01,SVERDRUP BASIN,,Basin,Yes,,,False,76.369133,-108.493686
855,300E787630108000,DRAKE E-78,Abandoned,PANARCTIC POR HOMESTEAD,1974-01-01,SVERDRUP BASIN,,Basin,Yes,,,False,76.456138,-108.492506
856,300F167630108300,DRAKE F-16,Abandoned,PANARCTIC TENNECO ET AL POR,1972-01-01,SVERDRUP BASIN,,Basin,Yes,,,False,76.421746,-108.596207
857,300F767630108000,DRAKE F-76,Abandoned,PANARCTIC,1978-01-01,SVERDRUP BASIN,,Basin,Yes,,,True,76.423664,-108.48211
858,300D687630108300,DRAKE POINT D-68,Abandoned,PANARCTIC ET AL,1973-01-01,SVERDRUP BASIN,,Basin,Yes,,,False,76.452131,-108.930756
859,300K677630108300,DRAKE POINT K-67,Abandoned,PANARCTIC,1970-01-01,SVERDRUP BASIN,,Basin,Yes,,,False,76.446575,-108.922503
860,300K797630108300,DRAKE POINT K-79,Abandoned,PANARCTIC ET AL,1978-01-01,SVERDRUP BASIN,,Basin,Yes,,,False,76.477409,-108.982433
861,300L677630108300,DRAKE POINT L-67,Abandoned,PANARCTIC,1969-01-01,SVERDRUP BASIN,,Basin,Yes,,,False,76.444352,-108.925281
862,300N677630108300,DRAKE POINT N-67,Abandoned,PANARCTIC,1969-01-01,SVERDRUP BASIN,,Basin,Yes,,,False,76.44702,-108.919392
863,300E497830100000,DUMBBELLS E-49,Abandoned,PANARCTIC GULF,1972-01-01,SVERDRUP BASIN,,Basin,Yes,,,False,78.474386,-100.406149
864,300M057830095000,EAST AMUND M-05,Abandoned,IMP PANARCTIC UNION PPL,1973-01-01,SVERDRUP BASIN,,Basin,Yes,,,False,78.414279,-95.074666
865,300I557630107300,EAST DRAKE I-55,Abandoned,PANARCTIC GULF ET AL,1975-01-01,SVERDRUP BASIN,,Basin,Yes,,,True,76.411835,-107.817232
866,300L067630107300,EAST DRAKE L-06,Abandoned,PANARCTIC ET AL,1985-01-01,SVERDRUP BASIN,,Basin,Yes,,,True,76.427143,-107.55515
867,300F627630110000,EAST HECLA F-62,Abandoned,PANARCTIC TENN ET AL POR,1972-01-01,SVERDRUP BASIN,,Basin,Yes,,,True,76.355161,-110.413073
868,300M667730086000,EIDS M-66,Abandoned,PANARCTIC TENN ET AL CSP,1974-01-01,ARCTIC FOLD BELT,,Basin,Yes,,,False,77.43364,-86.434992
869,300E797600109000,ELDRIDGE BAY E-79,Abandoned,PANARCTIC,1973-01-01,ARCTIC FOLD BELT,,Basin,Yes,,,False,75.973236,-109.496232
870,300M407810101300,ELVE M-40,Abandoned,SUN GA KRC CON PANARCTIC,1974-01-01,SVERDRUP BASIN,,Basin,Yes,,,False,78.167452,-101.831695
871,300A417820101300,ELVE POINT STRAT A-41,Abandoned,PANARCTIC,1973-01-01,SVERDRUP BASIN,,Basin,Yes,,,False,78.169591,-101.840085
872,300K507810101300,ELVE POINT STRAT K-50,Abandoned,PANARCTIC,1973-01-01,SVERDRUP BASIN,,Basin,Yes,,,True,78.159841,-101.893677
873,300N277940084300,FOSHEIM N-27,Abandoned,PANARCTIC,1971-01-01,SVERDRUP BASIN,,Basin,Yes,,,False,79.616056,-84.721399
874,NAN_UWI_4,GAMMA-1,Abandoned,CAPRICORN,2011-01-01,,,Basin,Yes,,,True,69.444556,-59.968169
875,300O217350090300,GARNIER O-21,Abandoned,PANARCTIC DEMINEX,1971-01-01,ARCTIC STABLE PLATFORM,,Basin,Yes,,,False,73.68189,-90.612519
876,300E108000084000,GEMINI E-10,Abandoned,PANARCTIC,1972-01-01,SVERDRUP BASIN,,Basin,Yes,,,False,79.990451,-84.068848
877,300G376300059000,GJOA G-37,Abandoned,ESSO-H.B.,1979-01-01,SAGLEK BASIN,,Basin,Yes,,,True,62.941275,-59.106975
878,300C527730090300,GRAHAM C-52,Abandoned,BP ET AL,1972-01-01,SVERDRUP BASIN,,Basin,Yes,,,False,77.354792,-90.85721
879,300A267730099300,GRENADIER A-26,Abandoned,PANARCTIC ET AL,1983-01-01,SVERDRUP BASIN,,Basin,Yes,,,True,77.419337,-99.638535
880,NAN_UWI_5,GRO-3,Abandoned,GRONARCTIC,1996-01-01,,,Basin,Yes,,,True,70.46275,-54.087117
881,300O168020084000,HALCYON O-16,Abandoned,PANARCTIC,1973-01-01,SVERDRUP BASIN,,Basin,Yes,,,False,80.265795,-84.110512
882,300I697620110000,HECLA I-69,Abandoned,PANARCTIC TENNECO ET AL,1973-01-01,SVERDRUP BASIN,,Basin,Yes,,,False,76.31091,-110.389927
883,300O716220062450,HEKJA O-71,Abandoned,AQUITAINE ET AL,1979-01-01,SAGLEK BASIN,,Basin,Yes,,,True,62.181228,-62.978328
884,300J127850100300,HELICOPTER J-12,Abandoned,PANARCTIC GULF,1972-01-01,SVERDRUP BASIN,,Basin,Yes,,,False,78.693581,-100.616058
885,NAN_UWI_6,HELLEFISK-1,Abandoned,ARCO GREENLAND,1977-01-01,SISIMIUT BASIN,,Basin,Yes,,,True,67.878262,-56.737172
886,300H377810099300,HOODOO DOME H-37,Abandoned,PANARCTIC,1969-01-01,SVERDRUP BASIN,,Basin,Yes,,,False,78.108509,-99.763517
887,300E057810099300,HOODOO E-05,Abandoned,DOME PANARCTIC ET AL,1978-01-01,SVERDRUP BASIN,,Basin,Yes,,,False,78.07225,-99.566237
888,300L417820099300,HOODOO L-41,Abandoned,IMP PANARCTIC DOME ET AL,1972-01-01,SVERDRUP BASIN,,Basin,Yes,,,False,78.177933,-99.906514
889,300N527820099300,HOODOO N-52,Abandoned,PANARCTIC DOME ET AL,1981-01-01,SVERDRUP BASIN,,Basin,Yes,,,False,78.200796,-99.975777
890,300J207610104000,HOTSPUR J-20,Abandoned,BP ET AL PANARCTIC,1971-01-01,ARCTIC FOLD BELT,,Basin,Yes,,,False,76.161055,-104.080242
891,NAN_UWI_7,IKERMIUT-1,Abandoned,CHEVRON PETROLEUM GREENLAND,1977-01-01,SISIMIUT BASIN,,Basin,Yes,,,True,66.936861,-56.588733
892,300J377920105000,ISACHSEN J-37,Abandoned,PANARCTIC ET AL,1973-01-01,SVERDRUP BASIN,,Basin,Yes,,,False,79.278684,-105.279444
893,302G167810101000,JACKSON 2G-16,Abandoned,PANARCTIC TENN SUN DOME,1976-01-01,SVERDRUP BASIN,,Basin,Yes,,,True,78.090479,-101.117002
894,300B167810101000,JACKSON BAY STRAT B-16,Abandoned,PANARCTIC,1973-01-01,SVERDRUP BASIN,,Basin,Yes,,,True,78.085478,-101.109591
895,300G167810101000,JACKSON G-16,Abandoned,PANARCTIC TENN SUN DOME,1976-01-01,SVERDRUP BASIN,,Basin,Yes,,,True,78.090479,-101.117002
896,300P447810100300,JACKSON STRAT P-44,Abandoned,PANARCTIC,1973-01-01,SVERDRUP BASIN,,Basin,Yes,,,False,78.064749,-100.836491
897,NAN_UWI_8,KANGAMIUT-1,Abandoned,TOTAL GRONLAND OLIE,1976-01-01,KANGAMIUT BASIN,,Basin,Yes,,,True,66.150513,-56.188156
898,300O517620104000,KEY POINT O-51,Abandoned,PANARCTIC ET AL,1976-01-01,SVERDRUP BASIN,,Basin,Yes,,,False,76.182581,-104.336217
899,302D187750101000,KING CHRISTIAN 2D-18,Abandoned,PANARCTIC,1970-01-01,SVERDRUP BASIN,,Basin,Yes,,,False,77.786839,-101.115314
900,300D187750101000,KING CHRISTIAN D-18,Abandoned,PANARCTIC,1970-01-01,SVERDRUP BASIN,,Basin,Yes,,,False,77.785284,-101.121538
901,300N067750101000,KING CHRISTIAN N-06,Abandoned,PANARCTIC TENNECO ET AL,1971-01-01,SVERDRUP BASIN,,Basin,Yes,,,False,77.765976,-101.041776
902,300B537540108000,KING POINT WEST B-53,Abandoned,TEXEX,1975-01-01,ARCTIC FOLD BELT,,Basin,Yes,,,False,75.534901,-108.342882
903,300B067820102300,KRISTOFFER BAY B-06,Abandoned,PANARCTIC TENNECO ET AL,1971-01-01,SVERDRUP BASIN,,Basin,Yes,,,False,78.251404,-102.543447
904,300C367820102000,KRISTOFFER STRAT C-36,Abandoned,PANARCTIC,1973-01-01,SVERDRUP BASIN,,Basin,Yes,,,True,78.254867,-102.299828
905,300C567820102000,KRISTOFFER STRAT C-56,Abandoned,PANARCTIC,1973-01-01,SVERDRUP BASIN,,Basin,Yes,,,False,78.252845,-102.468223
906,300E277820102000,KRISTOFFER STRAT E-27,Abandoned,PANARCTIC,1973-01-01,SVERDRUP BASIN,,Basin,Yes,,,False,78.274812,-102.250767
907,300H177820102300,KRISTOFFER STRAT H-17,Abandoned,PANARCTIC,1973-01-01,SVERDRUP BASIN,,Basin,Yes,,,False,78.27377,-102.591306
908,300I477820102000,KRISTOFFER STRAT I-47,Abandoned,PANARCTIC,1973-01-01,SVERDRUP BASIN,,Basin,Yes,,,False,78.276454,-102.338994
909,300L457820102000,KRISTOFFER STRAT L-45,Abandoned,PANARCTIC,1973-01-01,SVERDRUP BASIN,,Basin,Yes,,,True,78.246814,-102.406554
910,NAN_UWI_9,LEG 105 - SITE 645E,Abandoned,OCEAN DRILLING PROGRAM,1985-01-01,,,Basin,Yes,,,True,70.463333,-64.658333
911,NAN_UWI_10,LF7-1,Abandoned,CAPRICORN,2011-01-01,LADY FRANKLIN BASIN,,Basin,Yes,,,True,64.000805,-57.662442
912,300P467750097300,LINCKENS ISLAND P-46,Abandoned,SUN GULF GLOBAL,1973-01-01,SVERDRUP BASIN,,Basin,Yes,,,True,77.763967,-97.759126
913,300O257850102300,LOUISE O-25,Abandoned,PANARCTIC DOME TENN ET AL,1972-01-01,SVERDRUP BASIN,,Basin,Yes,,,False,78.750227,-102.701906
914,300I727740103300,MACLEAN I-72,Abandoned,PANARCTIC AIEG PPC DOME,1981-01-01,SVERDRUP BASIN,,Basin,Yes,,,True,77.528418,-103.941841
915,300K717630108300,MARRYATT K-71,Abandoned,PANARCTIC ET AL,1982-01-01,SVERDRUP BASIN,,Basin,Yes,,,False,76.344512,-108.976076
916,300H027930085000,MAY POINT H-02,Abandoned,PANARCTIC CS,1973-01-01,SVERDRUP BASIN,,Basin,Yes,,,False,79.357632,-85.012645
917,300J538000094300,MID FIORD J-53,Abandoned,HORN RIVER CCS GETTY,1973-01-01,SVERDRUP BASIN,,Basin,Yes,,,False,79.87793,-94.953703
918,300D237830104300,MOCKLIN POINT D-23,Abandoned,PANARCTIC,1975-01-01,SVERDRUP BASIN,,Basin,Yes,,,False,78.370056,-104.750512
919,300A027940087000,MOKKA A-02,Abandoned,IMP PANARCTIC ET AL,1972-01-01,SVERDRUP BASIN,,Basin,Yes,,,False,79.520995,-87.020395
920,300O158050083000,NEIL O-15,Abandoned,GULF WC ET AL,1974-01-01,SVERDRUP BASIN,,Basin,Yes,,,False,80.746871,-83.113109
921,300D417830104000,NOICE D-41,Abandoned,PANARCTIC ET AL,1978-01-01,SVERDRUP BASIN,,Basin,Yes,,,False,78.335496,-104.407071
922,300G447830104000,NOICE G-44,Abandoned,PANARCTIC,1972-01-01,SVERDRUP BASIN,,Basin,Yes,,,False,78.391,-104.364169
923,300H417830104000,NOICE STRAT H-41,Abandoned,PANARCTIC,1973-01-01,SVERDRUP BASIN,,Basin,Yes,,,False,78.339664,-104.350122
924,300B247830104300,NOICE WEST STRAT B-24,Abandoned,PANARCTIC,1973-01-01,SVERDRUP BASIN,,Basin,Yes,,,False,78.385307,-104.691226
925,300N337830104300,NOICE WEST STRAT N-33,Abandoned,PANARCTIC,1973-01-01,SVERDRUP BASIN,,Basin,Yes,,,False,78.3815,-104.812596
926,300L717720091000,NORTH BUCKINGHAM L-71,Abandoned,PANARCTIC ET AL,1986-01-01,SVERDRUP BASIN,,Basin,Yes,,,True,77.179145,-91.491347
927,300H497650108300,NORTH SABINE H-49,Abandoned,PANARCTIC HMSTD POR,1974-01-01,SVERDRUP BASIN,,Basin,Yes,,,False,76.804984,-108.755452
928,300P407630107000,NORTHEAST DRAKE P-40,Abandoned,PANARCTIC AIEG,1977-01-01,SVERDRUP BASIN,,Basin,Yes,,,True,76.499592,-107.200348
929,NAN_UWI_11,NUKIK-1,Abandoned,MOBIL EXPLORATION GREENLAND,1977-01-01,NUKIK PLATFORM,,Basin,Yes,,,True,65.526947,-54.758524
930,NAN_UWI_12,NUKIK-2,Abandoned,MOBIL EXPLORATION GREENLAND,1977-01-01,NUKIK PLATFORM,,Basin,Yes,,,True,65.632004,-54.764857
931,300A727730105000,PAT BAY A-72,Abandoned,PANARCTIC TENNECO ET AL,1975-01-01,SVERDRUP BASIN,,Basin,Yes,,,False,77.351287,-105.451241
932,300G607910104300,POLLUX G-60,Abandoned,PANARCTIC TENNECO ET AL,1972-01-01,SVERDRUP BASIN,,Basin,Yes,,,False,79.157542,-104.959299
933,NAN_UWI_13,QULLEQ-1,Abandoned,STATOIL,2000-01-01,FYLLA PLATFORM,,Basin,Yes,,,True,63.813492,-54.449986
934,300N186220062300,RALEGH N-18,Abandoned,CANTERRA ET AL,1982-01-01,SAGLEK BASIN,,Basin,Yes,,,True,62.299394,-62.547892
935,300K327530105300,REA POINT STRAT K-32,Abandoned,PANARCTIC,1974-01-01,ARCTIC FOLD BELT,,Basin,Yes,,,False,75.360078,-105.729053
936,300G127550105300,RICHARDSON POINT G-12,Abandoned,PANARCTIC ET AL,1977-01-01,ARCTIC FOLD BELT,,Basin,Yes,,,False,75.68849,-105.582719
937,300K077640104000,ROBERT HARBOUR K-07,Abandoned,PANARCTIC TENN,1974-01-01,SVERDRUP BASIN,,Basin,Yes,,,False,76.609723,-104.038982
938,300J437650109300,ROCHE POINT O-43,Abandoned,PANARCTIC ET AL,1978-01-01,SVERDRUP BASIN,,Basin,Yes,,,True,76.713275,-109.775171
939,300C428000084000,ROMULUS C-42,Abandoned,PANARCTIC,1972-01-01,SVERDRUP BASIN,,Basin,Yes,,,False,79.85231,-84.377744
940,300E827400098300,RUSSELL E-82,Abandoned,SUN PANARCTIC,1971-01-01,ARCTIC STABLE PLATFORM,,Basin,Yes,,,False,73.858891,-98.947646
941,300K087810104300,SCULPIN K-08,Abandoned,PANARCTIC ET AL,1982-01-01,SVERDRUP BASIN,,Basin,Yes,,,True,78.129069,-104.562534
942,300F147620108300,SHERARD BAY F-14,Abandoned,PANARCTIC DOME ET AL,1974-01-01,SVERDRUP BASIN,,Basin,Yes,,,False,76.222844,-108.599871
943,300F347620108300,SHERARD BAY F-34,Abandoned,PANARCTIC ET AL,1983-01-01,SVERDRUP BASIN,,Basin,Yes,,,False,76.223427,-108.729777
944,300O547620108000,SHERARD O-54,Abandoned,DOME ARCTIC VENTURE,1973-01-01,SVERDRUP BASIN,,Basin,Yes,,,False,76.230376,-108.339202
945,300P377820089300,SHERWOOD P-37,Abandoned,IMP PANARCTIC UNION PP,1973-01-01,SVERDRUP BASIN,,Basin,Yes,,,False,78.280647,-89.757286
946,300K287920103300,SIRIUS K-28,Abandoned,PANARCTIC HOME TENN ET AL,1973-01-01,SVERDRUP BASIN,,Basin,Yes,,,False,79.293867,-103.72988
947,300B807750104300,SKATE B-80,Abandoned,PANARCTIC AIEG PPC DOME,1981-01-01,SVERDRUP BASIN,,Basin,Yes,,,True,77.821412,-104.957421
948,300C597750104300,SKATE C-59,Abandoned,PANARCTIC ET AL,1984-01-01,SVERDRUP BASIN,,Basin,Yes,,,True,77.805107,-104.860087
949,300C157720105000,SKYBATTLE BAY C-15,Abandoned,SUN KR PANARCTIC,1971-01-01,SVERDRUP BASIN,,Basin,Yes,,,False,77.237645,-105.10119
950,300M117720105000,SKYBATTLE BAY M-11,Abandoned,PANARCTIC ET AL,1985-01-01,SVERDRUP BASIN,,Basin,Yes,,,False,77.182973,-105.114346
951,300G197620103000,SOPHIE POINT G-19,Abandoned,PANARCTIC,1977-01-01,SVERDRUP BASIN,,Basin,Yes,,,False,76.307263,-103.083688
952,300J117630101300,STOKES RANGE J-11,Abandoned,PANARCTIC ET AL,1978-01-01,ARCTIC FOLD BELT,,Basin,Yes,,,False,76.343668,-101.585841
953,300O237750102000,SUTHERLAND O-23,Abandoned,DOME ARCTIC VENTURES,1973-01-01,SVERDRUP BASIN,,Basin,Yes,,,False,77.715741,-102.147476
954,NAN_UWI_14,T4-1,Abandoned,CAPRICORN,2010-01-01,,,Basin,Yes,,,True,71.129117,-59.902911
955,NAN_UWI_15,T8-1,Abandoned,CAPRICORN,2010-01-01,,,Basin,Yes,,,True,70.300794,-59.53155
956,300J348000083300,TALEMEN J-34,Abandoned,PANARCTIC UNION ARCO,1973-01-01,SVERDRUP BASIN,,Basin,Yes,,,False,79.895643,-83.780682
957,300A057000136450,PITSIULAK A-05,Abandoned,Gulf Canada Resources Inc.,1983-08-22,Iperk,2191.6,CER-GSC,Unknown,,,True,69.90394,-136.75953
958,300A066950137000,IMMIUGAK A-06,Abandoned,Gulf Canada Resources Inc.,1989-06-16,Iperk,3537.3,CER-GSC,Unknown,,,True,69.750472,-137.005361
959,300A257000136150,TARSIUT A-25,Abandoned,Dome Petroleum Limited,1978-10-18,Iperk,4425.7,CER-GSC,Unknown,,,True,69.90303,-136.33897
960,300A437000135450,KIGGAVIK A-43,Abandoned,Gulf Canada Resources Inc.,1982-07-21,Iperk,3510.7,CER-GSC,Unknown,,,True,69.86953,-135.92142
961,300A757040130300,KAGLULIK A-75,Abandoned,Dome Petroleum Limited,1977-07-19,,644.7,CER-GSC,Unknown,,,True,70.56861,-130.85611
962,300A777050129000,KILANNAK A-77,Abandoned,Dome Petroleum Limited,1980-06-23,Iperk,2995.0,CER-GSC,Unknown,,,True,70.77042,-129.35725
963,300B356930136150,SARPIK B-35,Abandoned,Imperial Oil Limited,1976-04-02,Iperk,3194.9,CER-GSC,Unknown,,,True,69.40194,-136.38611
964,300B356940135150,PELLY B-35,Abandoned,Sun Oil Company,1974-10-05,Iperk,3323.3,CER-GSC,Unknown,,,True,69.56972,-135.39092
965,300B357040134000,IRKALUK B-35,Abandoned,Dome Petroleum Limited,1981-09-27,Iperk,4855.0,CER-GSC,Unknown,,,True,70.56806,-134.17019
966,300B417030132000,HAVIK B-41,Abandoned,Dome Petroleum Limited,1983-07-17,Iperk,4680.4,CER-GSC,Unknown,,,True,70.33642,-132.21819
967,300B446940135450,NETSERK B-44,Abandoned,Imperial Oil Limited,1975-01-06,Iperk,3518.4,CER-GSC,Unknown,,,True,69.55083,-135.93269
968,300B486940135000,IMMERK B-48,Abandoned,Imperial Oil Limited,1973-09-17,Kugmallit,2691.7,CER-GSC,Unknown,,,True,69.61897,-135.18075
969,300C156930135450,ADGO C-15,Abandoned,Imperial Oil Limited,1975-04-21,Iperk,,CER-GSC,Unknown,,,True,69.40361,-135.8175
970,300C507010132300,UKALERK C-50,Abandoned,Dome Petroleum Limited,1977-07-18,Iperk,2303.8,CER-GSC,Unknown,,,True,70.15156,-132.73569
971,300C606940136150,PAKTOA C-60,Abandoned,Devon ARL Corporation,2005-12-05,Iperk,,CER-GSC,Unknown,,,True,69.65247,-136.48669
972,300E176950134150,PULLEN E-17,Abandoned,Imperial Oil Limited,1974-04-21,Iperk,3881.6,CER-GSC,Unknown,,,True,69.77111,-134.32806
973,300E277000134150,ISSERK E-27,Abandoned,Imperial Oil Limited,1977-12-04,Iperk,4108.4,CER-GSC,Unknown,,,True,69.93889,-134.36967
974,300E566950136450,AAGNERK E-56,Abandoned,Gulf Canada Resources Inc.,1985-10-28,Iperk,1100.0,CER-GSC,Unknown,,,True,69.75456,-136.99883
975,300E566950139300,NATSEK E-56,Abandoned,Dome Petroleum Limited,1978-07-10,Iperk,3494.2,CER-GSC,Unknown,,,True,69.75594,-139.74292
976,300E586920135000,KUMAK E-58,Abandoned,Shell Canada Resources Limited,,Iperk,1357.0,CER-GSC,Unknown,,,False,69.29153,-135.24869
977,300E907020135000,ARLUK E-90,Abandoned,Dome Petroleum Limited,1983-07-30,Iperk,4266.0,CER-GSC,Unknown,,,True,70.32336,-135.44325
978,300F247010133300,AMAULIGAK F-24,Abandoned,Gulf Canada Resources Inc.,1987-10-01,Iperk,3794.0,CER-GSC,Unknown,,,True,70.05483,-133.63025
979,300F286930135450,ADGO F-28,Abandoned,Imperial Oil Limited,1973-12-28,Iperk,3199.5,CER-GSC,Unknown,,,True,69.45461,-135.85439
980,300F297000134000,ITIGINKPAK F-29,Abandoned,Devon ARL Corporation,,Arctic Red,1753.6,CER-GSC,Unknown,,,False,68.47175,-134.608833
981,300F406940135450,NETSERK F-40,Abandoned,Esso Resources Canada Limited,1975-11-08,Iperk,4362.4,CER-GSC,Unknown,,,True,69.65639,-135.90583
982,300G076930135300,GARRY G-07,Abandoned,Sun Oil Company,,Iperk,3756.3,CER-GSC,Unknown,,,False,69.43972,-135.51556
983,300G246930135450,ADGO G-24,Abandoned,Imperial Oil Limited,1985-10-07,Iperk,2053.5,CER-GSC,Unknown,,,True,69.39133,-135.84717
984,300G427010131000,KANNERK G-42,Abandoned,Imperial Oil Limited,1977-03-30,Aklak,2480.4,CER-GSC,Unknown,,,True,70.02331,-131.21558
985,300H016920136000,OLIVIER H-01,Abandoned,MGM Energy Corp.,,Iperk,,CER-GSC,Unknown,,,False,69.17189,-136.00403
986,300H296930135450,ADGO H-29,Abandoned,Imperial Oil Limited,1984-09-27,Iperk,3306.0,CER-GSC,Unknown,,,True,69.47294,-135.83953
987,300H596940133150,KUGMALLIT H-59,Abandoned,Imperial Oil Limited,1976-09-30,Kugmallit,2192.7,CER-GSC,Unknown,,,True,69.63931,-133.46358
988,300I057030134300,SIULIK I-05,Abandoned,Dome Petroleum Limited,1983-07-25,Iperk,4802.6,CER-GSC,Unknown,,,True,70.41039,-134.51097
989,300I157000134150,ISSERK I-15,Abandoned,Imperial Oil Limited,1989-11-11,Iperk,2601.1,CER-GSC,Unknown,,,True,69.91236,-134.29922
990,300I277000134000,ITIYOK I-27,Abandoned,Imperial Oil Limited,1982-11-05,Iperk,3954.4,CER-GSC,Unknown,,,True,69.94442,-134.08867
991,300I437000135150,KAUBVIK I-43,Abandoned,Imperial Oil Limited,1986-10-22,Iperk,3279.0,CER-GSC,Unknown,,,True,69.87583,-135.42203
992,300I447030135000,KOPANOAR I-44,Abandoned,Dome Petroleum Limited,1980-07-10,Iperk,649.0,CER-GSC,Unknown,,,True,70.39542,-135.20072
993,300I457030133300,AIVERK I-45,Abandoned,Dome Petroleum Limited,1982-10-05,Iperk,,CER-GSC,Unknown,,,True,70.41119,-133.70008
994,300I536950136150,MINUK I-53,Abandoned,Imperial Oil Limited,1985-11-27,Iperk,3359.6,CER-GSC,Unknown,,,True,69.70964,-136.45886
995,300I657010133300,AMAULIGAK I-65,Abandoned,Gulf Canada Resources Inc.,1985-09-24,Iperk,3649.0,CER-GSC,Unknown,,,True,70.07769,-133.80456
996,300I657010133301,AMAULIGAK I-65A,Abandoned,Gulf Canada Resources Inc.,1986-01-28,Iperk,3715.5,CER-GSC,Unknown,,,True,70.07769,-133.80456
997,300I657010133302,AMAULIGAK I-65B,Abandoned,Gulf Canada Resources Inc.,1986-03-20,Iperk,3917.0,CER-GSC,Unknown,,,True,70.07769,-133.80456
998,300J176920136150,IKATTOK J-17,Abandoned,Imperial Oil Limited,1975-07-10,Iperk,3776.2,CER-GSC,Unknown,,,True,69.27794,-136.30361
999,300J276930135450,ADGO J-27,Abandoned,Esso Resources Canada Limited,1979-04-05,Iperk,3096.0,CER-GSC,Unknown,,,True,69.44178,-135.84747
1000,300J447010133300,AMAULIGAK J-44,Abandoned,Gulf Canada Resources Inc.,1983-11-16,Iperk,4000.5,CER-GSC,Unknown,,,True,70.05883,-133.71267
1001,300J546950137150,KINGARK J-54,Abandoned,Amoco Canada Petroleum Company Ltd.,1989-07-18,Iperk,2245.5,CER-GSC,Unknown,,,True,69.72894,-137.47081
1002,300J677030133000,NERLERK J-67,Abandoned,Dome Petroleum Limited,1984-09-26,Iperk,4446.3,CER-GSC,Unknown,,,True,70.44497,-133.32475
1003,300J947050133300,KENALOOAK J-94,Abandoned,Dome Petroleum Limited,1979-09-20,Iperk,4565.0,CER-GSC,Unknown,,,True,70.72889,-133.97436
1004,300K066950133450,ARNAK K-06,Abandoned,Imperial Oil Limited,1986-04-27,Iperk,4643.7,CER-GSC,Unknown,,,True,69.76122,-133.77236
1005,300K597030136000,NEKTORALIK K-59,Abandoned,Dome Petroleum Limited,1976-09-23,Iperk,2786.6,CER-GSC,Unknown,,,True,70.47633,-136.28078
1006,300K917020132300,TINGMIARK K-91,Abandoned,Dome Petroleum Limited,1976-08-11,Iperk,3048.5,CER-GSC,Unknown,,,True,70.17672,-132.98228
1007,300L037020129300,ANGASAK L-03,Abandoned,Trillium Exploration Corp. Ltd.,1987-02-24,Iperk,2322.5,CER-GSC,Unknown,,,True,70.21225,-129.54733
1008,300L176950132000,WEST ATKINSON L-17,Abandoned,Imperial Oil Limited,1982-05-01,Aklak,2477.7,CER-GSC,Unknown,,,True,69.77608,-132.07567
1009,300L196950135150,NIPTERK L-19,Abandoned,Imperial Oil Limited,1984-10-03,Iperk,3864.0,CER-GSC,Unknown,,,True,69.81061,-135.33153
1010,300L196950135151,NIPTERK L-19A,Abandoned,Imperial Oil Limited,1985-04-21,Iperk,2668.0,CER-GSC,Unknown,,,True,69.81058,-135.29819
1011,300L246940134300,UNARK L-24,Abandoned,Sun Oil Company,1974-09-26,Mackenzie Bay,3802.8,CER-GSC,Unknown,,,True,69.558389,-134.616694
1012,300L306950133450,ARNAK L-30,Abandoned,Imperial Oil Limited,1976-10-05,Iperk,4521.6,CER-GSC,Unknown,,,True,69.82903,-133.87253
1013,300L347030135000,KOPANOAR L-34,Abandoned,Dome Petroleum Limited,1979-10-11,Iperk,2014.9,CER-GSC,Unknown,,,True,70.39372,-135.19928
1014,300L396920135450,NORTH ELLICE L-39,Abandoned,Chevron Canada Resources Limited,1986-01-25,Iperk,2046.4,CER-GSC,Unknown,,,True,69.31203,-135.91661
1015,300L867010134000,NORTH ISSUNGNAK L-86,Abandoned,Gulf Canada Resources Inc.,1981-07-17,Iperk,4766.2,CER-GSC,Unknown,,,True,70.092389,-134.445917
1016,300M137030135000,KOPANOAR M-13,Abandoned,Dome Petroleum Limited,1976-09-27,Iperk,4309.5,CER-GSC,Unknown,,,True,70.38197,-135.09275
1017,300M156910135151,KURK M-15,Abandoned,Suncor Energy Inc.,,Iperk,,CER-GSC,Unknown,,,False,69.08092,-135.32325
1018,300M566950140000,EDLOK M-56 (N-56),Abandoned,Dome Petroleum Limited,1985-08-10,Quaternary,2523.2,CER-GSC,Unknown,,,True,69.76408,-140.23983
1019,300M987030133000,NERLERK M-98,Abandoned,Dome Petroleum Limited,1977-10-04,Iperk,4890.0,CER-GSC,Unknown,,,True,70.46322,-133.49564
1020,300N056950137000,IMMIUGAK N-05,Abandoned,Gulf Canada Resources Inc.,1989-06-01,,397.0,CER-GSC,Unknown,,,True,69.74822,-137.02244
1021,300N447000136000,EAST TARSIUT N-44,Abandoned,Gulf Canada Resources Inc.,1981-12-10,Iperk,4478.0,CER-GSC,Unknown,,,True,69.89614,-136.19347
1022,300N447000136001,EAST TARSIUT N-44A,Abandoned,Gulf Canada Resources Inc.,1982-06-08,Iperk,2352.5,CER-GSC,Unknown,,,True,69.89692,-136.19411
1023,300N677010133000,KOGYUK N-67,Abandoned,Gulf Canada Resources Inc.,1983-10-28,Iperk,4792.8,CER-GSC,Unknown,,,True,70.11372,-133.32822
1024,300O037030136300,ORVILRUK O-03,Abandoned,Dome Petroleum Limited,1980-07-09,Iperk,3893.0,CER-GSC,Unknown,,,True,70.37997,-136.51458
1025,300O076950136000,KADLUK O-07,Abandoned,Imperial Oil Limited,1983-09-25,Iperk,3892.1,CER-GSC,Unknown,,,True,69.78008,-136.02125
1026,300O097000133300,AMERK O-09,Abandoned,Imperial Oil Limited,1984-08-22,Iperk,4984.0,CER-GSC,Unknown,,,True,69.98233,-133.51478
1027,300O227030134000,KOAKOAK O-22,Abandoned,Dome Petroleum Limited,1979-11-05,Iperk,4358.0,CER-GSC,Unknown,,,True,70.36517,-134.11333
1028,300O447010137000,NATIAK O-44,Abandoned,Dome Petroleum Limited,1983-07-16,Iperk,4577.0,CER-GSC,Unknown,,,True,70.06594,-137.2185
1029,300O617010134000,ISSUNGNAK O-61,Abandoned,Imperial Oil Limited,1980-02-06,Iperk,3582.5,CER-GSC,Unknown,,,True,70.01681,-134.31331
1030,300O867010133300,AMAULIGAK O-86,Abandoned,Gulf Canada Resources Inc.,1988-06-30,Iperk,3909.3,CER-GSC,Unknown,,,True,70.09664,-133.92375
1031,300P096940137450,ADLARTOK P-09,Abandoned,Dome Petroleum Limited,1985-08-08,Quaternary,3642.0,CER-GSC,Unknown,,,True,69.64761,-137.75792
1032,300P237000132450,ALERK P-23,Abandoned,Imperial Oil Limited,1981-09-21,Iperk,3222.5,CER-GSC,Unknown,,,True,69.8825,-132.83944
1033,300P256930135450,ADGO P-25,Abandoned,Imperial Oil Limited,1975-01-02,Iperk,2519.9,CER-GSC,Unknown,,,True,69.41583,-135.84167
1034,300P326950135150,NIPTERK P-32,Abandoned,Esso Resources Canada Limited,1989-02-21,Iperk,2134.0,CER-GSC,Unknown,,,True,69.69636,-135.37847
1035,300P357020134000,AKPAK P-35,Abandoned,Gulf Canada Resources Inc.,1984-10-17,Iperk,2169.7,CER-GSC,Unknown,,,True,70.24786,-134.15664
1036,300P457000136150,WEST TARSIUT P-45,Abandoned,Gulf Canada Resources Inc.,1984-09-25,Iperk,2253.8,CER-GSC,Unknown,,,True,69.91544,-136.418
1037,300P667020132000,UVILUK P-66,Abandoned,Dome Petroleum Limited,1982-11-10,Iperk,4735.0,CER-GSC,Unknown,,,True,70.26344,-132.31328
1038,302C507010132300,UKALERK 2C-50,Abandoned,Dome Petroleum Limited,1978-08-10,Iperk,4941.6,CER-GSC,Unknown,,,True,70.15147,-132.72978
1039,302F247010133300,AMAULIGAK 2F-24,Abandoned,Gulf Canada Resources Inc.,1987-12-22,Iperk,2898.4,CER-GSC,Unknown,,,True,70.05475,-133.63042
1040,302F247010133301,AMAULIGAK 2F-24A,Abandoned,Gulf Canada Resources Inc.,1988-01-30,Iperk,3145.0,CER-GSC,Unknown,,,True,70.05478,-133.63042
1041,302F247010133302,AMAULIGAK 2F-24B,Abandoned,Gulf Canada Resources Inc.,1988-04-15,Iperk,3761.0,CER-GSC,Unknown,,,True,70.05483,-133.63031
1042,302I447030135000,KOPANOAR 2I-44,Abandoned,Dome Petroleum Limited,1980-08-02,Iperk,4008.9,CER-GSC,Unknown,,,True,70.39544,-135.20342
1043,302I457030133300,AIVERK 2I-45,Abandoned,Dome Petroleum Limited,1982-11-03,Iperk,4984.0,CER-GSC,Unknown,,,True,70.41225,-133.70544
1044,302I457030133302,AKPAK 2P-35,Abandoned,Gulf Canada Resources Inc.,1985-07-08,,3672.6,CER-GSC,Unknown,,,True,70.24789,-134.15636
1045,302L246940134300,UNARK 2L-24,Abandoned,Sun Oil Company,1976-10-19,Mackenzie Bay,3789.6,CER-GSC,Unknown,,,True,69.55844,-134.61711
1046,302L347030135000,KOPANOAR 2L-34,Abandoned,Dome Petroleum Limited,1979-11-26,Iperk,181.0,CER-GSC,Unknown,,,True,70.39489,-135.19919
1047,302O617010134000,ISSUNGNAK 2O-61,Abandoned,Imperial Oil Limited,1980-10-02,Iperk,4139.6,CER-GSC,Unknown,,,True,70.01669,-134.31344
1048,302P357020134000,AKPAK 2P-35,Abandoned,Gulf Canada Resources Inc.,1985-07-08,Iperk,,CER-GSC,Unknown,,,True,70.24789,-134.15636
1049,NAN_UWI_16,KOPANOAR D-14,Abandoned,"Hunt,Lamar",1976-08-08,,1146.0,CER-GSC,Unknown,,,True,70.38367,-135.09194
1050,NAN_UWI_17,KAGLULIK M-64,Abandoned,Dome Petroleum Limited,1978-11-03,,144.5,CER-GSC,Unknown,,,True,70.56553,-130.84292
1051,300E376010124000,COLUMBIA ET AL KOTANEELEE YT E-37,Abandoned,,,Liard,,GeoYukon,Unknown,,,False,60.10598306458181,-124.12306819223154
1052,300I056710137150,CHEVRON SOBC WM  WHITEFISH YT I-05,Abandoned,Chevron Standard Ltd.,,Eagle Plain,,GeoYukon,Unknown,,,False,67.07675138096897,-137.25936128713485
1053,300C336620137150,CHEVRON SOBC WM W PARKIN YT C-33,Abandoned,Chevron Standard Ltd.,,Eagle Plain,,GeoYukon,Unknown,,,False,66.20090110120526,-137.36787463641707
1054,300D616630137000,CHEVRON SOBC WM N PARKIN YT D-61,Abandoned,Chevron Standard Ltd.,,Eagle Plain,,GeoYukon,Unknown,,,False,66.33645584283647,-137.21929117456048
1055,300F186610137450,CHEVRON SOBC WM E PORCUPINE YT F-18,Abandoned,Chevron Standard Ltd.,,Eagle Plain,,GeoYukon,Unknown,,,False,66.12339148598666,-137.80681008777248
1056,300O786700137450,CHEVRON SOBC WM E PINE CREEK YT O-78,Abandoned,,,Eagle Plain,,GeoYukon,Unknown,,,False,66.96451908908539,-137.98525576143143
1057,300E536610136450,CHEVRON SOBC WM  BIRCH YT E-53,Abandoned,,,Eagle Plain,,GeoYukon,Unknown,,,False,66.03896057620638,-136.93703109093906
1058,300D636600137300,CHEVRON SOBC IMP S CHANCE YT D-63,Abandoned,Chevron Standard Ltd.,,Eagle Plain,,GeoYukon,Unknown,,,False,65.86894668384593,-137.71651574812898
1059,300C186610137150,CANOE RIVER EAST CHANCE YT C-18,Abandoned,,,Eagle Plain,,GeoYukon,Unknown,,,False,66.11893898667984,-137.3015775250086
1060,300J196610137300,CANOE RIVER CHANCE YT J-19,Suspended,Canoe River Exploration Ltd.,,Eagle Plain,,GeoYukon,Unknown,,,False,66.14178642530469,-137.54345431826212
1061,300M556600140150,INC HUSKY AMOCO BLACK-FLY YT M-55,Abandoned,Inexco Oil Company,,Kandik,,GeoYukon,Unknown,,,False,65.91503214580298,-140.43440917063882
1062,300K026010125000,SOBC SHELL BEAVERCROW YT K-02,Abandoned,,,Liard,,GeoYukon,Unknown,,,False,60.02798451268567,-125.02127506819363
1063,300B166010125150,BLUEMOUNT ET AL BEAVERCROW YT B-16,Abandoned,Bluemount Resources Ltd.,,Liard,,GeoYukon,Unknown,,,False,60.084054007639864,-125.30292020131746
1064,300A426550133000,AMOCO PCP B-1 CRANSWICK YT A-42,Abandoned,Amoco Canada Petroleum Company Ltd.,,Peel Plateau-Plain,,GeoYukon,Unknown,,,False,65.68736110247316,-133.14938891652469
1065,300N506720136450,AMERADA ET AL CROWN YT-A NO 1 N-50,Abandoned,Amerada Petroleum Corp.,,Eagle Plain,,GeoYukon,Unknown,,,False,67.32897821325341,-136.89384117097399
1066,300C336600136450,AQUIT ALDER YT C-33,Abandoned,,,Eagle Plain,,GeoYukon,Unknown,,,False,65.86690002053743,-136.86750231162003
1067,300K586610136450,DEVON EAGLE PLAINS K-58,Abandoned,Devon Canada Corporation,,Eagle Plain,,GeoYukon,Unknown,,,False,66.12613000232007,-136.92663920202472
1068,300L386010124004,EFLO ET AL KOTANEELEE L-38,Suspended,EFLO Energy Yukon Ltd.,2004-08-18,Liard,,GeoYukon,Unknown,,,False,60.12555124282212,-124.12485961059026
1069,300M176010124000,COLUMBIA ET AL KOTANEELEE YT M-17,Abandoned,,,Liard,,GeoYukon,Unknown,,,False,60.11598700187725,-124.05945830879101
1070,300E786610137000,NCY E CHANCE E-78,Suspended,,2012-09-07,Eagle Plain,,GeoYukon,Unknown,,,False,66.12182222182884,-137.24635555523602
1071,300A256610137150,NCY MCPARLON A-25,Suspended,,2012-06-19,Eagle Plain,,GeoYukon,Unknown,,,False,66.06947222223737,-137.3161111100197
1072,300H286610137300,NCY W CHANCE H-28,Suspended,,2012-12-14,Eagle Plain,,GeoYukon,Unknown,,,False,66.12494999981733,-137.56823333234985
1073,300K096620134000,SHELL PEEL R YT K-09,Abandoned,Shell Canada Ltd.,,Peel Plateau-Plain,,GeoYukon,Unknown,,,False,66.3080833347875,-134.01422215076096
1074,300J216640134000,SHELL PEEL R YT J-21,Abandoned,Shell Canada Ltd.,,Peel Plateau-Plain,,GeoYukon,Unknown,,,False,66.5087194802705,-134.07788689113184
1075,300I216620134150,SHELL PEEL R YT I-21,Abandoned,Shell Canada Ltd.,,Peel Plateau-Plain,,GeoYukon,Unknown,,,False,66.17633337036796,-134.30680560947852
1076,300H596640134300,SHELL PEEL R YT H-59,Abandoned,Shell Canada Ltd.,,Peel Plateau-Plain,,GeoYukon,Unknown,,,False,66.63814957178481,-134.66146100595785
1077,300B066640134450,SHELL PEEL R YT B-06,Abandoned,Shell Canada Ltd.,,Peel Plateau-Plain,,GeoYukon,Unknown,,,False,66.58578576098506,-134.76270081238223
1078,302B066640134450,SHELL PEEL R YT 2B-06,Abandoned,Shell Canada Ltd.,,Peel Plateau-Plain,,GeoYukon,Unknown,,,False,66.58581796657997,-134.7633919545353
1079,300G796010128150,SCURRY NV EAST WATSON LAKE YT G-79,Abandoned,,,,,GeoYukon,Unknown,,,False,60.140489526579,-128.48365778191794
1080,300N056630136450,SOCONY MOBIL WM S TUTTLE YT N-05,Abandoned,Socony Mobil Oil of Canada Ltd.,,Eagle Plain,,GeoYukon,Unknown,,,False,66.41402954028885,-136.77530037467693
1081,300D776550137000,SOBC BLACKSTONE YT D-77,Abandoned,,,Eagle Plain,,GeoYukon,Unknown,,,False,65.76944191000645,-137.25086982517914
1082,300F486720137450,CHEVRON SOBC GULF RIDGE YT F-48,Abandoned,Chevron Standard Ltd.,,Eagle Plain,,GeoYukon,Unknown,,,False,67.28952112412,-137.8955564059817
1083,300G316630140000,INEXCO HUSKY ET AL PORCUPINE YT G-31,Abandoned,Inexco Oil Company,,Kandik,,GeoYukon,Unknown,,,False,66.33920517119536,-140.10613060598072
1084,300P506010124000,PAN AM ET AL A-1 KOTANEELEE YT P-50,Abandoned,Pan American Petroleum Corp.,,Liard,,GeoYukon,Unknown,,,False,60.1629185937321,-124.13329017151598
1085,300G016010124150,PAN AM BEAVER YT G-01,Abandoned,Amoco Canada Petroleum Company Ltd.,,Liard,,GeoYukon,Unknown,,,False,60.006774972653965,-124.26502249338664
1086,300F376700134450,PACIFIC ET AL PEEL YT F-37,Abandoned,Pacific Petroleums Ltd.,,Peel Plateau-Plain,,GeoYukon,Unknown,,,False,66.9389722435443,-134.8666693754302
1087,300I276010124000,CANADA SOUTHERN ET AL N BEAVER R YT I-27,Abandoned,,,Liard,,GeoYukon,Unknown,,,False,60.11115083877763,-124.06647047143393
1088,300N536640138150,WESTERN MINERALS N HOPE YT N-53,Abandoned,Western Minerals Ltd.,,Eagle Plain,,GeoYukon,Unknown,,,False,66.54811277202298,-138.42744591251412
1089,300N586600138150,MURPHY MESA PB WHITESTONE YT N-58,Abandoned,Murphy Oil Company Ltd.,,Eagle Plain,,GeoYukon,Unknown,,,False,65.96365785498026,-138.42738992512741
1090,300P346710138300,SOCONY MOBIL WM MOLAR YT P-34,Abandoned,Socony Mobil Oil of Canada Ltd.,,Eagle Plain,,GeoYukon,Unknown,,,False,67.06617430628366,-138.60252519637848
1091,300H716630134300,MOBIL GULF PEEL YT H-71,Abandoned,Mobil Oil Canada Ltd.,,Peel Plateau-Plain,,GeoYukon,Unknown,,,False,66.34063890798785,-134.72569441572202
1092,300H606620136450,NCY EHNJUU CHOO B-73,Suspended,,2013-04-12,Eagle Plain,,GeoYukon,Unknown,,,False,66.20290000040642,-136.98379999971314
1093,300N266610138150,SOCONY MOBIL WM WHITESTONE YT N-26,Abandoned,Socony Mobil Oil of Canada Ltd.,,Eagle Plain,,GeoYukon,Unknown,,,False,66.09949323364471,-138.33571004309795
1094,300J706710137150,CHEVRON SOBC WM WHITEFISH YT J-70,Abandoned,Chevron Standard Ltd.,,Eagle Plain,,GeoYukon,Unknown,,,False,67.15868741738039,-137.44800337301498
1095,300M086610137300,WESTERN MINERALS CHANCE YT NO 1 M-08,Suspended,,,Eagle Plain,,GeoYukon,Unknown,,,False,66.12922601498,-137.52658470294259
1096,300F726740137450,WESTCOAST ET AL PORCUPINE YT F-72,Abandoned,,,Eagle Plain,,GeoYukon,Unknown,,,False,67.5228557773103,-137.9875108071287
1097,300D546620137150,EXCO WEST PARKIN YT D-54,Abandoned,,,Eagle Plain,,GeoYukon,Unknown,,,False,66.21915852164796,-137.4385571161728
1098,300D516620137150,SOCONY MOBIL WM W PARKIN YT D-51,Abandoned,Socony Mobil Oil of canada Ltd.,,Eagle Plain,,GeoYukon,Unknown,,,False,66.16881579917856,-137.4369039379577
1099,300O156010125150,GULF ET AL WEST BEAVER CROW YT O-15,Abandoned,Gulf Oil Canada Ltd.,,Liard,,GeoYukon,Unknown,,,False,60.08285425081866,-125.29715998458083
1100,300N776600134150,TOLTEC PEEL RIVER YT N-77,Abandoned,Toltec Mines. Ltd.,,Peel Plateau-Plain,,GeoYukon,Unknown,,,False,65.94595551341354,-134.48889210073622
1101,300B626620138300,SOCONY MOBIL WM N CATH YT B-62,Abandoned,"Socony Mobil Oil of Canada, Ltd.",,Eagle Plain,,GeoYukon,Unknown,,,False,66.18685121564852,-138.70047543874517
1102,300G086610137300,SOCONY MOBIL WM CHANCE YT NO 1 G-08,Suspended,,,Eagle Plain,,GeoYukon,Unknown,,,False,66.12372113082318,-137.5169103089942
1103,300M596600137000,SOCONY MOBIL WM BLACKIE NO 1 YT M-59,Suspended,Socony Mobil Oil of Canada Ltd.,,Eagle Plain,,GeoYukon,Unknown,,,False,65.98171368491592,-137.1886626055469
1104,300B346610136450,SOCONY MOBIL WM BIRCH YT B-34,Abandoned,Socony Mobil Oil of Canada Ltd.,,Eagle Plain,,GeoYukon,Unknown,,,False,66.0506676463446,-136.85717237810292
1105,300O226650137150,SOBC WM SHAEFFER CR YT O-22,Abandoned,Chevron Standard Ltd.,,Eagle Plain,,GeoYukon,Unknown,,,False,66.6981303982932,-137.33016361086368
1106,300I136610137450,SOBC WM E PORCUPINE YT I-13,Abandoned,Chevron Standard Ltd.,,Eagle Plain,,GeoYukon,Unknown,,,False,66.04282910521117,-137.78513927758007
1107,300C606650133450,SKELLY GETTY MOBIL ARCTIC RED YT C-60,Abandoned,Mobil Oil Canada Ltd.,,Peel Plateau-Plain,,GeoYukon,Unknown,,,False,66.81320830935525,-133.92244166826305
1108,300H376640134450,SHELL TRAIL RIVER YT H-37,Abandoned,Shell Canada Ltd.,,Peel Plateau-Plain,,GeoYukon,Unknown,,,False,66.60452774257985,-134.84902784243798
1109,300L606020124150,PAN AM SHELL MERRILL YT L-60,Abandoned,Pan American Petroleum Corp.,,Liard,,GeoYukon,Unknown,,,False,60.32496629577886,-124.43484687931273
1110,300K156600133000,MCD GCO NORTHUP TAYLOR LAKE YT K-15,Abandoned,,,Peel Plateau-Plain,,GeoYukon,Unknown,,,False,65.91072612872091,-133.05217740972606
1111,300O186550140150,INEXCO ET AL MALLARD YT O-18,Abandoned,Inexco Oil Company,,Kandik,,GeoYukon,Unknown,,,False,65.79919573113608,-140.29716373302315
1112,300B386010124000,COLUMBIA ET AL KOTANEELEE YT B-38,Abandoned,Devon Canada Corporation,,Liard,,GeoYukon,Unknown,,,False,60.12043629278444,-124.11055958024687
1113,300G726700134000,IOE SATAH RIVER YT G-72,Abandoned,Imperial Oil Enterprises Ltd.,,Peel Plateau-Plain,,GeoYukon,Unknown,,,False,66.85614720851336,-134.23604715024894
1114,300N256620134450,GULF MOBIL CARIBOU YT N-25,Abandoned,Gulf Oil Canada Ltd.,,Peel Plateau-Plain,,GeoYukon,Unknown,,,False,66.24805552195188,-134.82619451455423
1115,300M696610133450,SHELL PEEL RIVER YT M-69,Abandoned,Shell Canada Ltd.,,Peel Plateau-Plain,,GeoYukon,Unknown,,,False,66.14977779431044,-133.96577783784147
1116,300L196650135150,SHELL PEEL R YT L-19,Abandoned,Shell Canada Ltd.,,Peel Plateau-Plain,,GeoYukon,Unknown,,,False,66.80997226549324,-135.31597216162868
1117,300L016640134450,SHELL PEEL R YT L-01,Abandoned,Shell Canada Ltd.,,Peel Plateau-Plain,,GeoYukon,Unknown,,,False,66.51072225113289,-134.77288899520747
1118,300K766630134000,SHELL PEEL R YT K-76,Abandoned,Shell Canada Ltd.,,Peel Plateau-Plain,,GeoYukon,Unknown,,,False,66.4263543655715,-134.2377741770228
1119,300D226620137300,EXCO ET AL N CHANCE YT D-22,Abandoned,,,Eagle Plain,,GeoYukon,Unknown,,,False,66.18481326180708,-137.59482328766012
1120,300C246640137450,SOCONY MOBIL WM ELLEN YT C-24,Abandoned,Socony Mobil Oil of Canada Ltd.,,Eagle Plain,,GeoYukon,Unknown,,,False,66.55225390106415,-137.83800179399185
1121,300N496650138000,PEEL PLATEAU EAGLE PLAINS YT NO 1 N-49,Abandoned,,,Eagle Plain,,GeoYukon,Unknown,,,False,66.81479058701557,-138.14413706646008
1122,300K566610137450,SOCONY MOBIL WM E PORCUPINE R YT K-56,Abandoned,Socony Mobil Oil of Canada Ltd.,,Eagle Plain,,GeoYukon,Unknown,,,False,66.09239474196804,-137.92796813933975
1123,300I486010124002,COLUMBIA ET AL KOTANEELEE YT I-48,Abandoned,Columbia Gas Development of Canada Ltd.,,Liard,,GeoYukon,Unknown,,,False,60.12638185488711,-124.1269154112508
1124,300A056740134000,PT. SEPARATION NO.1(A-05),Abandoned,Richfield Oil Corporation,1960-01-01,,,CER-OROGO,Unknown,,,False,67.56833,-134.00278
1125,300A226540131450,A-1 CRANSWICK A-22,Abandoned,Amoco Canada Petroleum Company Ltd.,1972-01-01,,,CER-OROGO,Unknown,,,False,65.51694,-131.81528
1126,300A476710130450,GRANDVIEW HILLS NO.1(A-47),Abandoned,Richfield Oil Corporation,1959-01-01,,,CER-OROGO,Unknown,,,False,67.10333,-130.875
1127,300A736800130300,TENLEN A-73,Abandoned,Central Del-Rio Oils Limited,1971-01-01,,,CER-OROGO,Unknown,,,False,67.86875,-130.72267
1128,300B106720131451,TREE RIVER B-10,Abandoned,Devlan Exploration Inc.,2001-01-01,,,CER-OROGO,Unknown,,,False,67.32064,-131.75978
1129,300B256720135301,MCPHERSON B-25,Abandoned,Unocal Canada Limited,1972-01-01,,,CER-OROGO,Unknown,,,False,67.23356,-135.57289
1130,300C026730135300,STONEY CORE HOLE C-02,Abandoned,Imperial Oil Enterprises Limited,1967-01-01,,,CER-OROGO,Unknown,,,False,67.352778,-135.516667
1131,300C366720131451,TREE RIVER C-36,Abandoned,Devlan Exploration Inc.,2003-01-01,,,CER-OROGO,Unknown,,,False,67.2525,-131.860944
1132,300C786740134000,FT. MCPHERSON C-78,Abandoned,Skelly Oil of Canada Ltd,1972-01-01,,,CER-OROGO,Unknown,,,False,67.61778,-134.23889
1133,300D086620133300,SAINVILLE RIVER D-08,Abandoned,Suncor Energy Inc.,1974-01-01,,,CER-OROGO,Unknown,,,False,66.28528,-133.5275
1134,300D396710131301,ONTARATUE RIVER D-39,Abandoned,Devlan Exploration Inc.,2001-01-01,,,CER-OROGO,Unknown,,,False,67.13672,-131.61925
1135,300D646600132151,SOUTH PEEL D-64,Abandoned,Dome Petroleum Limited,1973-01-01,,,CER-OROGO,Unknown,,,False,65.88444,-132.46389
1136,300D696740130000,THUNDER R. D-69,Abandoned,"Mobil Oil Canada, Ltd.",1970-01-01,,,CER-OROGO,Unknown,,,False,67.63611,-130.21111
1137,300F426730135300,STONEY CORE HOLE F-42,Abandoned,Imperial Oil Enterprises Limited,1967-01-01,,,CER-OROGO,Unknown,,,False,67.356389,-135.645278
1138,300F526730135300,STONEY CORE HOLE F-52,Abandoned,Imperial Oil Enterprises Limited,1967-01-01,,,CER-OROGO,Unknown,,,False,67.355555,-135.671944
1139,300F576710132150,TREE RIVER F-57,Abandoned,Shell Canada Resources Limited,1970-01-01,,,CER-OROGO,Unknown,,,False,67.10756,-132.42789
1140,300F796710133000,CLARE F-79,Abandoned,Imperial Oil Enterprises Limited,1965-01-01,,,CER-OROGO,Unknown,,,False,67.13889,-133.23889
1141,300G046830133450,AURORA TRAINING WELL INUVIK G-04,Abandoned,Aurora College,2001-01-01,,,CER-OROGO,Unknown,,,False,68.39053,-133.76172
1142,300G066740135150,STONY G-06,Abandoned,Dome Petroleum Limited,1972-01-01,,,CER-OROGO,Unknown,,,False,67.59111,-135.26389
1143,300G556650133000,ARCTIC RED WEST G-55,Abandoned,Shell Canada Resources Limited,1971-01-01,,,CER-OROGO,Unknown,,,False,66.74114,-133.16617
1144,300H346630132000,ARCTIC CIRCLE ONTARATUE H-34,Abandoned,Suncor Energy Inc.,1963-01-01,,,CER-OROGO,Unknown,,,False,66.38958,-132.09764
1145,300H386720132150,TREE RIVER H-38,Abandoned,Imperial Oil Enterprises Limited,1967-01-01,,,CER-OROGO,Unknown,,,False,67.28917,-132.35
1146,300H576710132150,TREE RIVER EAST H-57,Abandoned,Shell Canada Resources Limited,1971-01-01,,,CER-OROGO,Unknown,,,False,67.10756,-132.41117
1147,300I066730133150,ATTOE LK. I-06,Abandoned,International Nuclear Corporation,1969-01-01,,,CER-OROGO,Unknown,,,False,67.425,-133.25278
1148,300I506730135150,STONY I-50,Abandoned,Imperial Oil Enterprises Limited,1965-01-01,,,CER-OROGO,Unknown,,,False,67.49556,-135.37944
1149,300I516800135150,TREELESS CREEK I-51,Abandoned,Banff Oil Ltd,1970-01-01,,,CER-OROGO,Unknown,,,False,67.845,-135.40778
1150,300I776530130450,SOUTH RAMPARTS I-77,Abandoned,Candel Oil Ltd.,1973-01-01,,,CER-OROGO,Unknown,,,False,65.44222,-130.97167
1151,300J346720130450,GRANDVIEW HILLS COREHOLE NO.1(J-34),Abandoned,Richfield Oil Corporation,1961-01-01,,,CER-OROGO,Unknown,,,False,67.227778,-130.854444
1152,300J806740134300,SOUTH DELTA J-80,Abandoned,Bluemont Resources Ltd.,1972-01-01,,,CER-OROGO,Unknown,,,False,67.66122,-134.72733
1153,300K286710133300,SWAN LAKE K-28,Abandoned,Imperial Oil Enterprises Limited,1967-01-01,,,CER-OROGO,Unknown,,,False,67.12833,-133.57889
1154,300K356800135150,RAT PASS K-35,Abandoned,Banff Oil Ltd,1970-01-01,,,CER-OROGO,Unknown,,,False,67.91181,-135.36578
1155,300K636630133000,SAINVILLE RIVER K-63,Abandoned,Shell Canada Resources Limited,1972-01-01,,,CER-OROGO,Unknown,,,False,66.37692,-133.20431
1156,300L506650133150,MARTIN HOUSE L-50,Abandoned,Imperial Oil Enterprises Limited,1966-01-01,,,CER-OROGO,Unknown,,,False,66.82833,-133.40083
1157,300M056720134000,NEVEJO M-05,Abandoned,Imperial Oil Enterprises Limited,1966-01-01,,,CER-OROGO,Unknown,,,False,67.24944,-134.02917
1158,300N736730131151,THUNDER RIVER N-73,Abandoned,Devlan Exploration Inc.,2001-01-01,,,CER-OROGO,Unknown,,,False,67.381,-131.48775
1159,300O276650132450,ARCTIC RED RIVER O-27,Abandoned,Shell Canada Resources Limited,1970-01-01,,,CER-OROGO,Unknown,,,False,66.78222,-132.82664
1160,300O656610132150,WELDON CREEK O-65,Abandoned,Inexco Oil Company,1973-01-01,,,CER-OROGO,Unknown,,,False,66.07917,-132.45028
1161,302F526730135300,STONEY CORE HOLE 2F-52,Abandoned,Imperial Oil Enterprises Limited,1967-01-01,,,CER-OROGO,Unknown,,,False,67.355833,-135.6725
1162,300A077530110000,SABINE BAY A-07,Abandoned,Suncor Energy Inc.,1975-01-01,ARCTIC FOLD BELT,,CER-Basin-Arktis,Unknown,,,False,75.435,-110.01389
1163,300A157300124300,STORKERSON BAY A-15,Abandoned,Elf Oil Exploration And Production Canada Ltd.,1971-01-01,ARCTIC STABLE PLATFORM,,CER-Basin-Arktis,Unknown,,,False,72.9,-124.55806
1164,300A807730110000,CAPE NOREM A-80,Abandoned,Elf Oil Exploration And Production Canada Ltd.,1970-01-01,SVERDRUP BASIN,,CER-Basin-Arktis,Unknown,,,False,77.48694,-110.45139
1165,300C317650116300,JAMESON BAY C-31,Abandoned,Elf Oil Exploration And Production Canada Ltd.,1971-01-01,SVERDRUP BASIN,,CER-Basin-Arktis,Unknown,,,False,76.67,-116.72928
1166,300C327630110000,EAST HECLA C-32,Abandoned,Suncor Energy Inc.,1975-01-01,SVERDRUP BASIN,,CER-Basin-Arktis,Yes,,,False,76.35261,-110.2295
1167,300C447630114000,DEPOT ISLAND C-44,Abandoned,Suncor Energy Inc.,1977-01-01,SVERDRUP BASIN,,CER-Basin-Arktis,Unknown,,,False,76.38736,-114.29575
1168,300C507750114000,BROCK C-50,Abandoned,Suncor Energy Inc.,1971-01-01,SVERDRUP BASIN,,CER-Basin-Arktis,Unknown,,,False,77.81669,-114.29003
1169,300C687410120300,CASTEL BAY C-68,Abandoned,Suncor Energy Inc.,1975-01-01,ARCTIC STABLE PLATFORM,,CER-Basin-Arktis,Unknown,,,False,74.11972,-120.83306
1170,300C717620112300,KITSON R. C-71,Abandoned,Sun Oil Company,1970-01-01,SVERDRUP BASIN,,CER-Basin-Arktis,Unknown,,,False,76.17014,-112.98219
1171,300C737540111300,APOLLO C-73,Abandoned,Suncor Energy Inc.,1973-01-01,ARCTIC FOLD BELT,,CER-Basin-Arktis,Unknown,,,False,75.53333,-111.98278
1172,300C807440113000,DUNDAS C-80,Abandoned,Suncor Energy Inc.,1972-01-01,ARCTIC STABLE PLATFORM,,CER-Basin-Arktis,Unknown,,,False,74.65056,-113.38328
1173,300D027630115300,MARIE BAY D-02,Abandoned,Suncor Energy Inc.,1969-01-01,SVERDRUP BASIN,,CER-Basin-Arktis,Unknown,,,False,76.35031,-115.55867
1174,300D167330120000,KUSRHAAK D-16,Abandoned,Elf Oil Exploration And Production Canada Ltd.,1974-01-01,ARCTIC STABLE PLATFORM,,CER-Basin-Arktis,Unknown,,,False,73.41778,-120.08833
1175,300D497540118300,PEDDER POINT D-49,Abandoned,Suncor Energy Inc.,1974-01-01,ARCTIC FOLD BELT,,CER-Basin-Arktis,Unknown,,,False,75.63583,-118.80444
1176,300D767310123000,NANUK D-76,Abandoned,Elf Oil Exploration And Production Canada Ltd.,1972-01-01,ARCTIC STABLE PLATFORM,,CER-Basin-Arktis,Unknown,,,False,73.08694,-123.39583
1177,300D877340117000,MUSKOX D-87,Abandoned,Chevron Canada Resources Limited,1981-01-01,ARCTIC STABLE PLATFORM,,CER-Basin-Arktis,Unknown,,,False,73.60225,-117.449972
1178,300E767420123300,BAR HARBOUR E-76,Abandoned,Suncor Energy Inc.,1975-01-01,ARCTIC STABLE PLATFORM,,CER-Basin-Arktis,Unknown,,,False,74.2575,-123.89722
1179,300F687720116300,SATELLITE F-68,Abandoned,B P O G Operations Limited,1971-01-01,SVERDRUP BASIN,,CER-Basin-Arktis,Unknown,,,False,77.29083,-116.91944
1180,300F857450110300,HEARNE F-85,Abandoned,Dome Petroleum Limited,1978-01-01,ARCTIC STABLE PLATFORM,,CER-Basin-Arktis,Unknown,,,False,74.73775,-110.93275
1181,300H497700118300,INTREPID INLET H-49,Abandoned,Elf Oil Exploration And Production Canada Ltd.,1973-01-01,SVERDRUP BASIN,,CER-Basin-Arktis,Unknown,,,False,76.97406,-118.751
1182,300I207800114300,BROCK I-20,Abandoned,Suncor Energy Inc.,1972-01-01,SVERDRUP BASIN,,CER-Basin-Arktis,Unknown,,,False,77.99444,-114.56417
1183,300I447230122300,ORKSUT I-44,Abandoned,Deminex Canada Limited,1973-01-01,ARCTIC STABLE PLATFORM,,CER-Basin-Arktis,Unknown,,,False,72.39575,-122.70244
1184,300J607620110000,HECLA J-60,Abandoned,Suncor Energy Inc.,1970-01-01,SVERDRUP BASIN,3616.5,CER-Basin-Arktis,Yes,,,False,76.32719,-110.33031
1185,300J727340115300,PARKER RIVER J-72,Abandoned,Chevron Canada Resources Limited,1979-01-01,ARCTIC STABLE PLATFORM,,CER-Basin-Arktis,Unknown,,,False,73.52836,-115.87361
1186,300K337650113300,EMERALD K-33,Abandoned,B P O G Operations Limited,1972-01-01,SVERDRUP BASIN,,CER-Basin-Arktis,Unknown,,,False,76.71194,-113.7225
1187,300L327720118000,ANDREASEN L-32,Abandoned,Elf Oil Exploration And Production Canada Ltd.,1973-01-01,SVERDRUP BASIN,,CER-Basin-Arktis,Unknown,,,False,77.19375,-118.23733
1188,300L467630115000,SANDY POINT L-46,Abandoned,Suncor Energy Inc.,1969-01-01,SVERDRUP BASIN,,CER-Basin-Arktis,Unknown,,,False,76.42733,-115.30394
1189,300L497610121300,DYER BAY L-49,Abandoned,Elf Oil Exploration And Production Canada Ltd.,1975-01-01,ARCTIC FOLD BELT,,CER-Basin-Arktis,Unknown,,,False,76.14319,-121.81022
1190,300M647230121300,IKKARIKTOK M-64,Abandoned,Columbia Gas Development Of Canada Ltd.,1974-01-01,ARCTIC STABLE PLATFORM,,CER-Basin-Arktis,Unknown,,,False,72.39647,-121.84967
1191,300N827450113000,NORTH DUNDAS N-82,Abandoned,Dome Petroleum Limited,1979-01-01,ARCTIC STABLE PLATFORM,,CER-Basin-Arktis,Unknown,,,False,74.69658,-113.42808
1192,300P247600118000,EGLINTON P-24,Abandoned,Suncor Energy Inc.,1974-01-01,ARCTIC FOLD BELT,,CER-Basin-Arktis,Unknown,,,False,75.89806,-118.1275
1193,300A097450110300,WINTER HARBOUR NO.1(A-09),Abandoned,Dome Petroleum Limited,1961-09-10,,,CER-Arktis,Unknown,,,False,74.80167,-110.51028
1194,300C057630110300,WEST HECLA C-05,Abandoned,Suncor Energy Inc.,1976-04-28,,1237.5,CER-Arktis,Yes,,,True,76.4025,-110.53194
1195,300E076920135300,LANGLEY E-07,Suspended,MGM Energy Corp.,2008-03-17,,,CER-Arktis,Unknown,,,False,69.27336,-135.53419
1196,300E607800111000,WILKINS E-60,Abandoned,Elf Oil Exploration And Production Canada Ltd.,1970-10-11,,,CER-Arktis,Unknown,,,False,77.98861,-111.3625
1197,300F117600113300,ZEUS F-11,Abandoned,Suncor Energy Inc.,1973-05-02,,,CER-Arktis,Unknown,,,False,75.83961,-113.60681
1198,300F367250117000,VICTORIA ISLAND F-36,Abandoned,Murphy Oil Company Ltd.,1975-01-28,,,CER-Arktis,Unknown,,,False,72.755,-117.18694
1199,300F627630110002,EAST HECLA F-62,Abandoned,Suncor Energy Inc.,1972-11-11,,1219.0,CER-Arktis,Yes,,,True,76.35442,-110.41069
1200,300H077340123000,UMINMAK H-07,Abandoned,Elf Oil Exploration And Production Canada Ltd.,1972-04-01,,,CER-Arktis,Unknown,,,False,73.60806,-123.00833
1201,300I256920135000,KUMAK I-25,Suspended,MGM Energy Corp.,2007-02-07,,,CER-Arktis,Unknown,,,False,69.24506,-135.08461
1202,300I697620110001,HECLA I-69,Abandoned,Suncor Energy Inc.,1973-02-22,,1456.6,CER-Arktis,Yes,,,False,76.31017,-110.38756
1203,300J176920135450,NORTH ELLICE J-17,Suspended,MGM Energy Corp.,2009-02-02,,,CER-Arktis,Unknown,,,False,69.27519,-135.80244
1204,300J276910135450,ELLICE J-27,Suspended,MGM Energy Corp.,2008-12-25,,,CER-Arktis,Unknown,,,False,69.11103,-135.84825
1205,300J517640117000,WILKIE POINT J-51,Abandoned,Elf Oil Exploration And Production Canada Ltd.,1975-03-17,,,CER-Arktis,Unknown,,,False,76.50861,-117.33
1206,300M487250120300,TIRITCHIK M-48,Abandoned,Elf Oil Exploration And Production Canada Ltd.,1973-12-31,,,CER-Arktis,Unknown,,,False,72.7975,-120.74667
1207,300N436930134450,TAGLU N-43,Abandoned,Imperial Oil Enterprises Limited,1977-04-09,,,CER-Arktis,Unknown,,,False,69.37919,-134.93892
1208,300P196900135300,ATIK P-19,Abandoned,MGM Energy Corp.,2007-12-23,,,CER-Arktis,Unknown,,,False,68.98189,-135.54506
1209,306L386930134300,MALLIK 6L-38,Abandoned,Aurora College,2007-04-20,,,CER-Arktis,Unknown,,,False,69.46139,-134.65953
1210,NAN_UWI_18,WEST HECLA N-52,Abandoned,Suncor Energy Inc.,,,,CER,Unknown,,,True,76.36478,-110.84806
1211,NAN_UWI_19,WEST HECLA P-62,Abandoned,Suncor Energy Inc.,,,,CER,Unknown,,,True,76.36417,-110.87639
1212,NAN_UWI_20,AMAULIGAK I-44,Abandoned,Gulf Canada Resources Inc.,1983-10-07,,,CER,Unknown,,,True,70.058611,-133.7125
1213,NAN_UWI_21,AMAULIGAK COREHOLE N-01,Abandoned,Gulf Canada Resources Inc.,,,,CER,Unknown,,,True,70.05489,-133.62911
1214,NAN_UWI_22,KOPANOAR 2D-14,Abandoned,"Hunt,Lamar",,,,CER,Unknown,,,True,70.383889,-135.091944
1215,NAN_UWI_23,AMAULIGAK 2F-24BST,Abandoned,Gulf Canada Resources Inc.,1988-07-27,,,CER,Unknown,,,True,70.05483,-133.63031
1216,NAN_UWI_24,OLIVIER 2H-01,Abandoned,MGM Energy Corp.,,,,CER,Unknown,,,False,69.17189,-136.00403
1217,NAN_UWI_25,OLIVIER 3H-01,Suspended,MGM Energy Corp.,,,,CER,Unknown,,,False,69.17189,-136.00403
1218,NAN_UWI_26,APUT C-43,Suspended,MGM Energy Corp.,,,,CER,Unknown,,,False,69.03403,-135.69683
1219,NAN_UWI_27,NORTH ELLICE A-25,Abandoned,MGM Energy Corp.,,,,CER,Unknown,,,False,69.23547,-135.83625
1220,300C587620111000,SOUTHWEST HECLA C-58,Abandoned,Suncor Energy Inc.,1977-01-01,SVERDRUP BASIN,,CER-Basin,Yes,,,True,76.28464,-111.348
1221,300F547710110000,HAZEN F-54,Abandoned,Phillips Petroleum Canada Ltd.,1979-01-01,SVERDRUP BASIN,,CER-Basin,Yes,,,True,77.05456,-110.35389
1222,300I347630113000,GRASSY I-34,Abandoned,Suncor Energy Inc.,1978-01-01,SVERDRUP BASIN,,CER-Basin,Yes,,,True,76.39539,-113.18956
1223,300M257630111000,NORTHWEST HECLA M-25,Abandoned,Suncor Energy Inc.,1976-01-01,SVERDRUP BASIN,,CER-Basin,Yes,,,True,76.41511,-111.187
1224,300G076930135301,GARRY G-07,Abandoned,Uncertain,1978-02-10,,4021.2,Arktis,Unknown,,,True,69.74327777777778,-135.86543055555555
1225,300F296830134300,ITIGINKPAK F-29 (N2002A0039),Abandoned,Canadian Natural Resources,2003-02-11,,,Arktis,Unknown,,,False,68.47163888888889,-134.61138888888888
1226,300N2006A0029,KUMAK A-29 (I-29),,Shell,,,,Arktis,Unknown,,,False,69.3,-135.09111111111113
1227,300E586920135001,KUMAK E-58,Abandoned,Shell,1977-02-28,,1554.5,Arktis,Yes,,,False,69.2915,-134.24869444444442
1228,300D546830133300,INUVIK D-54,Abandoned,Amoco Canada Petroleum Company Ltd.,1969-01-01,Arctic Red,1560.8,CER-GSC-OROGO,Unknown,,,False,68.38689,-133.74022
1229,300F176810135000,AKLAVIK F-17,Abandoned,Unocal Canada Limited,1973-01-01,Quaternary,891.4,CER-GSC-OROGO,Unknown,,,False,68.10556,-135.06667
1230,300F386810135000,AKLAVIK F-38,Abandoned,Unocal Canada Limited,1973-01-01,Quaternary,2051.7,CER-GSC-OROGO,Unknown,,,False,68.12083,-135.15306
1231,300E476850137150,BLOW RIVER YT. E-47,Abandoned,I.O.E.,1970-05-08,Albian Flysch,4210.9,GSC-GeoYukon-Arktis,Yes,,,False,68.772047,-137.456292
1232,300L416930138450,ROLAND BAYYT.L-41,Abandoned,Pacific et al.,1972-12-22,Quaternary,2740.6,GSC-GeoYukon-Arktis,Yes,,,False,69.341675,-138.951327
1233,300N586910138300,SPRING RIVER YT. N-58,Abandoned,I.O.E.,1971-01-07,Quaternary,2098.3,GSC-GeoYukon-Arktis,Yes,,,False,69.131201,-138.737439
