Well ID,Well Name,Last Operator,Current or Last Owner,Well Status,Classification,First SPUD year,Latest SPUD or Start Date,Latest Rig Release or End Date,Land Title,Region,NAD 27 Lat,NAD 27 Long,NAD_83_LatDD,NAD_83_LongDD,UWI,,
3,WINDY POINT NO.1(C-40),Imperial Oil Limited,Imperial Oil Limited,Abandoned,Exploratory Well,1920,02-Sep-20,03-Sep-21,11496,Dehcho,"61° 19' 0.0""","115° 52' 0.0""",61.3168,-115.8681,300C406120115450,,
4,BLUEFISH NO.1(A-37),Imperial Oil Limited,Imperial Oil Limited,Abandoned,Exploratory Well,1921,15-Jul-21,19-Jul-23,14,Sahtu,"64° 56' 0.0""","125° 51' 0.0""",64.9334,-125.8518,300A376500125450,,
5,FORT NORMAN NO. 1,Imperial Oil Limited,Imperial Oil Limited,Abandoned,Exploratory Well,1921,27-Jul-21,20-Aug-21,,Sahtu,"65° 14' 0.0""","126° 37' 0.0""",65.2334,-126.6185,300C356520126300,,
7,C-1 LOCATION (LINK),Northwest Oils Ltd,Northwest Oils Ltd,Abandoned,Development Well,1921,25-Aug-21,15-Jun-22,,Sahtu,"65° 14' 0.0""","126° 50' 0.0""",65.2334,-126.8352,300C256520126450,,
9,C-2 LOCATION (LINK),Northwest Oils Ltd,Northwest Oils Ltd,Abandoned,Development Well,1922,08-Nov-22,23-Sep-23,,Sahtu,"65° 14' 0.0""","126° 50' 0.0""",65.2334,-126.8352,302C256520126450,,
30,CANOL HOOSIER RIDGE NO.1(H-15),Imperial Oil Limited,Imperial Oil Limited,Abandoned,Exploratory Well,1942,11-Dec-42,16-Apr-43,,Sahtu,"65° 24' 15.6""","127° 32' 13.9""",65.4044,-127.5391,300H156530127300,,
36,CANOL HOOSIER RIDGE NO.2(A-16),Imperial Oil Limited,Imperial Oil Limited,Abandoned,Exploratory Well,1943,17-Apr-43,10-Aug-43,,Sahtu,"65° 25' 0.0""","127° 32' 11.2""",65.4168,-127.5383,300A166530127300,,
40,MAC NO.1(J-76),Imperial Oil Limited,Imperial Oil Limited,Abandoned,Exploratory Well,1943,17-Sep-43,06-Nov-43,177,Sahtu,"65° 15' 30.0""","126° 59' 0.0""",65.2584,-126.9852,300J766520126450,,
43,CANOL BLUEFISH NO. 1A,Imperial Oil Limited,Imperial Oil Limited,Abandoned,Exploratory Well,1943,30-Aug-43,20-Oct-43,,Sahtu,"64° 56' 1.0""","125° 50' 54.0""",64.9337,-125.8501,302A376500125450,,
45,MAC NO.2,Imperial Oil Limited,Imperial Oil Limited,Abandoned,Development Well,1943,19-Nov-43,23-Aug-44,,Sahtu,"65° 14' 51.0""","127° 0' 22.0""",65.2476,-127.0080,300P056520127000,,
46,LOON CREEK NO. 1,Imperial Oil Limited,Imperial Oil Limited,Abandoned,Exploratory Well,1943,23-Nov-43,30-Mar-45,,Sahtu,"65° 11' 6.0""","126° 54' 23.0""",65.1851,-126.9082,300A526520126450,,
67,RAY NO. 1,Imperial Oil Limited,Imperial Oil Limited,Abandoned,Exploratory Well,1944,27-Jul-44,08-Sep-44,189,Sahtu,"65° 15' 6.0""","127° 8' 8.0""",65.2517,-127.1374,300B466520127000,,
68,SANS SAULT NO.1(H-24),Imperial Oil Limited,Imperial Oil Limited,Abandoned,Exploratory Well,1944,15-Jun-45,28-Jun-45,6,Sahtu,"65° 43' 19.4""","128° 49' 7.8""",65.7221,-128.8208,300H246550128451,,
72,MORROW CREEK NO.1(G-44),Imperial Oil Limited,Imperial Oil Limited,Abandoned,Exploratory Well,1944,26-Sep-44,10-Nov-44,145,Sahtu,"65° 23' 14.8""","127° 23' 7.1""",65.3875,-127.3872,300G446530127150,,
78,VERMILION RIDGE NO. 1,Imperial Oil Limited,Imperial Oil Limited,Abandoned,Exploratory Well,1944,04-Dec-44,03-Apr-45,169,Sahtu,"65° 7' 51.0""","126° 5' 0.0""",65.1309,-126.0851,300N286510126000,,
79,SEEPAGE LAKE NO.1(L-28),Imperial Oil Limited,Imperial Oil Limited,Abandoned,Exploratory Well,1944,05-Dec-44,14-Dec-44,11493,Sahtu,"65° 17' 40.0""","126° 50' 24.0""",65.2945,-126.8419,300L286520126450,,
82,LOONEX NO. 1 (G-12),Imperial Oil Limited,Imperial Oil Limited,Abandoned,Exploratory Well,1944,23-Dec-44,10-Mar-45,,Sahtu,"65° 11' 19.0""","127° 2' 33.0""",65.1887,-127.0444,300G126520127000,,
90,RAIDER ISLAND NO.1(F-39),Imperial Oil Limited,Imperial Oil Limited,Abandoned,Exploratory Well,1945,30-Mar-45,04-May-45,194,Sahtu,"65° 18' 14.6""","127° 6' 56.5""",65.3041,-127.1176,300F396520127000,,
91,LOON CREEK NO.2(G-78),Imperial Oil Limited,Imperial Oil Limited,Abandoned,Exploratory Well,1945,30-Mar-45,30-Jun-45,2,Sahtu,"65° 7' 20.0""","126° 28' 51.0""",65.1223,-126.4826,300G786510126150,,
92,CANYON CREEK NO.1(G-51),Imperial Oil Limited,Imperial Oil Limited,Abandoned,Exploratory Well,1945,27-Jun-45,24-Jul-45,2,Sahtu,"65° 10' 22.3""","126° 24' 51.3""",65.1729,-126.4161,300G516520126150,,
93,JUDILE NO.1(H-40),Imperial Oil Limited,Imperial Oil Limited,Abandoned,Exploratory Well,1945,22-Jul-45,02-Sep-45,3,Sahtu,"65° 29' 23.6""","127° 35' 58.2""",65.4900,-127.6014,300H406530127300,,
94,CANYON CREEK NO.2(J-20),Imperial Oil Limited,Imperial Oil Limited,Abandoned,Exploratory Well,1945,29-Aug-45,08-Sep-45,2,Sahtu,"65° 9' 36.0""","126° 17' 35.0""",65.1601,-126.2949,300J206510126150,,
95,REDSTONE NO.1(J-42),Imperial Oil Limited,Imperial Oil Limited,Abandoned,Exploratory Well,1945,26-Dec-45,25-Mar-46,208,Sahtu,"64° 11' 42.0""","124° 38' 19.0""",64.1951,-124.6404,300J426420124300,,
96,WHIRLPOOL NO.1(H-73),Imperial Oil Limited,Imperial Oil Limited,Abandoned,Exploratory Well,1946,27-Jan-46,30-Aug-46,8,Sahtu,"65° 32' 25.0""","129° 13' 17.0""",65.5403,-129.2234,300H736540129000,,
99,NORTH WEST TERRITORIES NO.2 (K-59),N.W.T. Petroleums Ltd.,N.W.T. Petroleums Ltd.,Abandoned,Exploratory Well,1951,05-Aug-51,30-Sep-51,238,Dehcho,"61° 18' 32.0""","118° 40' 30.0""",61.3090,-118.6764,300K596120118300,,
100,DEEP BAY NO.1(D-47),N.W.T. Petroleums Ltd.,N.W.T. Petroleums Ltd.,Abandoned,Test Hole,1952,17-Apr-52,06-May-52,234,Dehcho,"61° 16' 0.0""","116° 54' 0.0""",61.2668,-116.9014,300D476120116450,,
101,DEEP BAY NO.2(C-19),N.W.T. Petroleums Ltd.,N.W.T. Petroleums Ltd.,Abandoned,Exploratory Well,1952,30-Sep-52,10-Oct-52,234,Dehcho,"61° 18' 0.0""","116° 48' 0.0""",61.3001,-116.8014,300C196120116451,,
102,WESTEROL 3-A G-77,Western Homestead Oils Ltd.,Western Homestead Oils Ltd.,Abandoned,Exploratory Well,1952,13-Jul-52,31-Jul-52,383,Dehcho,"61° 46' 26.0""","120° 43' 48.0""",61.7740,-120.7315,300G776150120300,,
103,WESTEROL NO.7A (A-80),Petcal Company Ltd,Petcal Company Ltd,Abandoned,Exploratory Well,1952,07-Aug-52,20-Aug-52,390,Dehcho,"61° 39' 13.0""","120° 43' 34.0""",61.6537,-120.7276,300A806140120300,,
104,WESTEROL 4-A (M-77),Anderson F.W.,Anderson F.W.,Abandoned,Exploratory Well,1952,29-Aug-52,12-Sep-52,384,Dehcho,"61° 46' 49.0""","121° 14' 46.0""",61.7804,-121.2476,300M776150121000,,
105,TRAIL CREEK NO.1(J-65),British American Oil Company Ltd [The],British American Oil Company Ltd [The],Abandoned,Exploratory Well,1952,22-Sep-52,05-Oct-52,413,Dehcho,"62° 4' 30.0""","122° 12' 0.0""",62.0751,-122.2015,300J656210122000,,
106,DEEP BAY NO.3(C-61),N.W.T. Petroleums Ltd.,N.W.T. Petroleums Ltd.,Abandoned,Exploratory Well,1952,14-Oct-52,25-Oct-52,526,Dehcho,"61° 20' 0.0""","116° 42' 30.0""",61.3335,-116.7097,300C616130116300,,
107,DEEP BAY NO.4(C-20),N.W.T. Petroleums Ltd.,N.W.T. Petroleums Ltd.,Abandoned,Exploratory Well,1952,29-Oct-52,09-Nov-52,234,Dehcho,"61° 19' 0.0""","116° 48' 0.0""",61.3168,-116.8014,300C206120116450,,
108,BIG ISLAND NO.1(B-69),N.W.T. Petroleums Ltd.,N.W.T. Petroleums Ltd.,Abandoned,Exploratory Well,1953,23-Mar-53,03-Apr-53,232,Dehcho,"61° 8' 0.0""","116° 42' 0.0""",61.1335,-116.7014,300B696110116300,,
109,LIARD RAPIDS NO. 1-A (B-18),New Ranchmens Oil Co. Ltd.,New Ranchmens Oil Co. Ltd.,Abandoned,Exploratory Well,1953,07-Feb-54,10-Mar-54,374,Dehcho,"61° 27' 0.0""","121° 47' 40.0""",61.4501,-121.7960,300B186130121451,,
110,BIG ISLAND NO.2(C-38),N.W.T. Petroleums Ltd.,N.W.T. Petroleums Ltd.,Abandoned,Exploratory Well,1953,08-Apr-53,18-Apr-53,,Dehcho,"61° 7' 0.0""","116° 52' 0.0""",61.1168,-116.8681,300C386110116450,,
111,ROOT RIVER NO.1(C-16),British American Oil Company Ltd [The],British American Oil Company Ltd [The],Abandoned,Exploratory Well,1953,27-Jun-53,17-Jul-53,462,Dehcho,"62° 25' 0.0""","123° 18' 0.0""",62.4168,-123.3016,300C166230123150,,
112,LONE MOUNTAIN NO.1(D-51),British American Oil Company Ltd [The],British American Oil Company Ltd [The],Abandoned,Exploratory Well,1953,24-Jul-53,09-Aug-53,460,Dehcho,"62° 10' 0.0""","122° 56' 0.0""",62.1668,-122.9349,300D516220122450,,
113,LONE MOUNTAIN NO.2(B-59),British American Oil Company Ltd [The],British American Oil Company Ltd [The],Abandoned,Exploratory Well,1953,14-Aug-53,09-Sep-53,481,Dehcho,"62° 8' 0.0""","122° 40' 0.0""",62.1334,-122.6682,300B596210122300,,
114,JEAN MARIE CREEK NO.1(B-43),British American Oil Company Ltd [The],British American Oil Company Ltd [The],Abandoned,Exploratory Well,1953,16-Sep-53,30-Sep-53,507,Dehcho,"61° 32' 0.0""","120° 38' 15.0""",61.5334,-120.6390,300B436140120300,,
115,HEART LAKE NO.1(F-29),N.W.T. Petroleums Ltd.,N.W.T. Petroleums Ltd.,Abandoned,Exploratory Well,1954,03-Feb-54,25-Feb-54,322,Dehcho,"60° 48' 18.0""","116° 35' 6.0""",60.8051,-116.5864,300F296050116300,,
116,ISLAND RIVER NO. 1 (G-50),Imperial Oil Limited,Imperial Oil Limited,Abandoned,Exploratory Well,1954,05-Mar-54,10-Jul-54,287,Dehcho,"60° 9' 29.0""","121° 8' 16.0""",60.1581,-121.1394,300G506010121000,,
117,DESMARAIS LAKE NO.1(C-19),N.W.T. Petroleums Ltd.,N.W.T. Petroleums Ltd.,Abandoned,Exploratory Well,1954,07-Mar-54,01-Apr-54,,Dehcho,"60° 48' 0.0""","116° 48' 0.0""",60.8001,-116.8014,300C196050116450,,
118,ESCARPMENT LAKE NO.1(L-66),N.W.T. Petroleums Ltd.,N.W.T. Petroleums Ltd.,Abandoned,Exploratory Well,1954,20-Oct-54,13-Nov-54,324,Dehcho,"60° 35' 43.0""","116° 13' 0.0""",60.5954,-116.2180,302L666040116001,,
119,ESCARPMENT LAKE NO.2(D-66),N.W.T. Petroleums Ltd.,N.W.T. Petroleums Ltd.,Abandoned,Exploratory Well,1954,21-Nov-54,09-Dec-54,323,Dehcho,"60° 36' 9.0""","116° 12' 3.0""",60.6026,-116.2022,300D666040116000,,
120,HEART LAKE NO.2 (I-41),N.W.T. Petroleums Ltd.,N.W.T. Petroleums Ltd.,Abandoned,Exploratory Well,1954,20-Dec-54,14-Jan-55,654,Dehcho,"60° 50' 30.0""","116° 37' 30.0""",60.8418,-116.6264,300I416100116300,,
121,RABBIT LAKE NO.1(O-16),Briggs D. Todd,Briggs D. Todd,Abandoned,Exploratory Well,1955,23-Jan-88,26-Jan-88,SDL11,Dehcho,"60° 55' 50.8""","118° 47' 28.7""",60.9309,-118.7927,300O166100118451,,
122,RABBIT LAKE NO. 2(O-25),Briggs D. Todd,Briggs D. Todd,Abandoned,Exploratory Well,1955,05-Apr-55,29-May-55,363,Dehcho,"60° 54' 53.1""","118° 49' 36.8""",60.9149,-118.8283,300O256100118450,,
123,ESCARPMENT LAKE NO.3(A-77),N.W.T. Petroleums Ltd.,N.W.T. Petroleums Ltd.,Abandoned,Exploratory Well,1955,14-Nov-55,17-Dec-55,323,Dehcho,"60° 36' 5.0""","116° 13' 19.0""",60.6015,-116.2233,300A776040116000,,
124,FOETUS LAKE NO.1 (D-06),Briggs D. Todd,Briggs D. Todd,Abandoned,Exploratory Well,1955,15-Dec-55,31-Jan-56,910,Dehcho,"60° 55' 12.8""","118° 31' 48.8""",60.9203,-118.5316,300D066100118300,,
125,GREAT SLAVE LAKE NO.1 (O-46),J.C. Sproule Associates,J.C. Sproule Associates,Abandoned,Exploratory Well,1956,05-Mar-56,19-Mar-56,647,Dehcho,"60° 55' 47.8""","116° 38' 0.1""",60.9301,-116.6348,300O466100116300,,
126,N.E.TATHLINA LAKE NO.1(C-27),Briggs D. Todd,Briggs D. Todd,Abandoned,Exploratory Well,1956,10-Mar-89,15-Mar-89,,Dehcho,"60° 46' 1.2""","117° 19' 44.5""",60.7671,-117.3304,300C276050117151,,
130,LIARD RIVER NO.1(M-36),Shell Canada Resources Limited,Shell Canada Resources Limited,Abandoned,Exploratory Well,1956,14-Sep-56,18-Sep-56,1012,Dehcho,"61° 15' 55.0""","122° 37' 15.0""",61.2654,-122.6224,300M366120122300,,
132,N.E.TATHLINA LAKE NO.2(K-18),Briggs D. Todd,Briggs D. Todd,Abandoned,Exploratory Well,1957,09-Jan-57,01-Feb-57,,Dehcho,"60° 47' 36.5""","117° 17' 57.3""",60.7936,-117.3007,300K186050117150,,
133,BOVIE LAKE NO.1 (B-73),Texaco Canada Resources Ltd.,Texaco Canada Resources Ltd.,Abandoned,Exploratory Well,1957,21-Jan-57,01-Mar-57,227,Dehcho,"60° 2' 9.0""","122° 58' 36.0""",60.0359,-122.9783,300B736010122450,,
134,RABBIT LAKE NO.3(B-07),Briggs D. Todd,Briggs D. Todd,Abandoned,Exploratory Well,1957,20-Jan-88,22-Jan-88,SDL11,Dehcho,"60° 56' 6.7""","118° 45' 43.7""",60.9353,-118.7636,300B076100118451,,
135,KAKISA RIVER NO. 1 (H-57),Shell Canada Resources Limited,Shell Canada Resources Limited,Abandoned,Exploratory Well,1957,11-Feb-57,19-Mar-57,581,Dehcho,"60° 6' 22.0""","117° 54' 49.0""",60.1062,-117.9150,300H576010117450,,
137,TATHLINA LAKE NO.3(F-01),Briggs D. Todd,Briggs D. Todd,Abandoned,Exploratory Well,1958,06-Jan-58,24-Jan-58,,Dehcho,"60° 40' 29.5""","117° 31' 9.6""",60.6750,-117.5208,300F016050117300,,
138,TATHLINA LAKE NO.5(K-65),Briggs D. Todd,Briggs D. Todd,Abandoned,Exploratory Well,1958,29-Jan-58,12-Feb-58,,Dehcho,"60° 44' 43.4""","117° 27' 16.2""",60.7455,-117.4559,300K656050117150,,
139,TROUT RIVER NO.1(K-33),Briggs D. Todd,Briggs D. Todd,Abandoned,Exploratory Well,1958,29-Jan-58,05-Mar-58,902,Dehcho,"60° 52' 30.0""","120° 36' 48.0""",60.8751,-120.6148,300K336100120300,,
140,TETCHO LAKE NO.1(L-26),Briggs D. Todd,Briggs D. Todd,Abandoned,Exploratory Well,1958,02-Feb-58,11-Mar-58,927,Dehcho,"60° 35' 42.0""","120° 35' 15.0""",60.5951,-120.5891,300L266040120300,,
141,TATHLINA LAKE NO.7(J-53),Briggs D. Todd,Briggs D. Todd,Abandoned,Exploratory Well,1958,17-Feb-58,07-Mar-58,,Dehcho,"60° 42' 33.0""","117° 23' 43.0""",60.7093,-117.3967,300J536050117150,,
142,TATHLINA LAKE NO.8(F-25),Briggs D. Todd,Briggs D. Todd,Abandoned,Exploratory Well,1958,10-Mar-58,22-Mar-58,,Dehcho,"60° 44' 27.6""","117° 19' 46.2""",60.7411,-117.3309,300F256050117150,,
143,TURKEY LAKE NO.1 (I-48),Briggs D. Todd,Briggs D. Todd,Abandoned,Exploratory Well,1958,14-Mar-58,26-Mar-58,893,Dehcho,"61° 7' 30.0""","120° 22' 30.0""",61.1251,-120.3765,300I486110120150,,
144,ALEXANDRA NO.5(E-75),Shell Canada Resources Limited,Shell Canada Resources Limited,Abandoned,Exploratory Well,1958,11-Oct-58,29-Oct-58,1389,Dehcho,"60° 34' 15.0""","116° 44' 39.4""",60.5709,-116.7457,300E756040116300,,
145,ALEXANDRA NO.2(K-55),Shell Canada Resources Limited,Shell Canada Resources Limited,Abandoned,Exploratory Well,1959,05-Jan-59,31-Jan-59,1390,Dehcho,"60° 24' 30.6""","117° 55' 33.5""",60.4086,-117.9274,300K556030117450,,
146,NORTHEAST RABBIT LAKE NO.1(K-21),Briggs D. Todd,Briggs D. Todd,Abandoned,Exploratory Well,1959,25-Jan-59,12-Feb-59,900,Dehcho,"61° 0' 34.1""","118° 35' 9.1""",61.0096,-118.5873,300K216110118300,,
147,KAKISA RIVER NO.2 (A-77),Shell Canada Resources Limited,Shell Canada Resources Limited,Abandoned,Exploratory Well,1959,21-Jan-59,27-Feb-59,584,Dehcho,"60° 6' 12.5""","118° 28' 18.5""",60.1036,-118.4733,300A776010118150,,
148,ALEXANDRA NO.4(L-50),Shell Canada Resources Limited,Shell Canada Resources Limited,Abandoned,Exploratory Well,1959,05-Feb-59,25-Feb-59,1395,Dehcho,"60° 19' 40.6""","117° 54' 16.5""",60.3280,-117.9060,300L506020117450,,
149,WEST TATHLINA LAKE NO.1(G-48),Briggs D. Todd,Briggs D. Todd,Abandoned,Exploratory Well,1959,15-Dec-59,22-Dec-59,1526,Dehcho,"60° 37' 21.3""","117° 53' 8.1""",60.6227,-117.8870,300G486040117451,,
150,LIARD RIVER NO.2(D-75),Shell Canada Resources Limited,Shell Canada Resources Limited,Abandoned,Exploratory Well,1959,26-Feb-59,08-Apr-59,1012,Dehcho,"61° 14' 5.9""","122° 44' 58.9""",61.2351,-122.7513,300D756120122300,,
151,ALEXANDRA NO.1(J-56),Shell Canada Resources Limited,Shell Canada Resources Limited,Abandoned,Exploratory Well,1959,02-Mar-59,09-Mar-59,1590,Dehcho,"60° 25' 38.0""","118° 10' 16.9""",60.4273,-118.1728,300J566030118000,,
152,NORTHEAST TATHLINA LAKE NO.9(D-34),Briggs D. Todd,Briggs D. Todd,Abandoned,Exploratory Well,1959,21-Mar-59,06-Apr-59,,Dehcho,"60° 43' 12.0""","117° 22' 17.0""",60.7201,-117.3728,300D346050117150,,
154,SULPHUR BAY NO.1(O-66),Kore Petroleums Ltd.,Kore Petroleums Ltd.,Abandoned,Exploratory Well,1959,18-Dec-59,18-Feb-60,2471,Dehcho,"61° 25' 53.0""","115° 57' 0.0""",61.4315,-115.9514,300O666130115450,,
155,CELIBETA NO. 1 (I-44),Home Oil Company Limited,Home Oil Company Limited,Abandoned,Exploratory Well,1959,21-Dec-59,24-Mar-60,1137,Dehcho,"60° 3' 43.2""","122° 22' 51.3""",60.0620,-122.3826,300I446010122150,,
156,CELIBETA NO. 2 (H-78),Paramount Resources Ltd.,Paramount Resources Ltd.,Abandoned,Exploratory Well,1959,23-Feb-20,10-Mar-20,2713,Dehcho,"60° 7' 29.3""","122° 13' 35.3""",60.1248,-122.2282,300H786010122000,,
157,GRANDVIEW HILLS NO.1(A-47),Richfield Oil Corporation,Richfield Oil Corporation,Abandoned,Exploratory Well,1959,26-Dec-59,02-Apr-60,1637,Gwich'in,"67° 6' 12.0""","130° 52' 30.0""",67.1033,-130.8772,300A476710130450,,
158,WEST TATHLINA NO.2(G-19),Briggs D. Todd,Briggs D. Todd,Abandoned,Exploratory Well,1959,30-Dec-59,30-Jan-60,1526,Dehcho,"60° 38' 17.7""","117° 47' 27.3""",60.6384,-117.7923,300G196040117450,,
159,DAVIDSON CREEK P-02,Imperial Oil Limited,Imperial Oil Limited,Abandoned,Exploratory Well,1960,06-Jan-60,04-Feb-60,2175,Dehcho,"62° 11' 11.0""","118° 15' 11.0""",62.1865,-118.2545,300P026220118150,,
160,ROND LAKE NO.1(P-75),Western Decalta Petroleum Ltd.,Western Decalta Petroleum Ltd.,Abandoned,Exploratory Well,1960,07-Jan-60,17-Feb-60,1484,Sahtu,"67° 4' 47.9""","128° 28' 28.1""",67.0800,-128.4766,300P756710128150,,
161,W.TATHLINA LAKE NO.3(A-71),Briggs D. Todd,Briggs D. Todd,Abandoned,Exploratory Well,1960,12-Jan-60,05-Feb-60,,Dehcho,"60° 40' 0.0""","117° 43' 12.0""",60.6668,-117.7214,300A716050117300,,
162,ALEXANDRA NO.1(F-39),Murphy Oil Company Ltd.,Murphy Oil Company Ltd.,Abandoned,Exploratory Well,1960,20-Jan-60,28-Feb-60,1327,Dehcho,"60° 28' 26.7""","116° 51' 33.8""",60.4742,-116.8608,300F396030116450,,
163,WINDFLOWER G-77,Imperial Oil Limited,Imperial Oil Limited,Abandoned,Exploratory Well,1960,17-Jan-60,19-Feb-60,2809,Dehcho,"62° 56' 26.0""","118° 59' 2.0""",62.9407,-118.9853,300G776300118450,,
164,TROUT RIVER NO.2(D-18),Briggs D. Todd,Briggs D. Todd,Abandoned,Exploratory Well,1960,06-Feb-60,23-Feb-60,903,Dehcho,"60° 57' 9.0""","120° 18' 38.0""",60.9526,-120.3120,300D186100120150,,
165,TROUT RIVER NO.3(I-19),Briggs D. Todd,Briggs D. Todd,Abandoned,Exploratory Well,1960,12-Feb-60,03-Mar-60,904,Dehcho,"60° 58' 44.0""","120° 1' 55.0""",60.9790,-120.0334,300I196100120000,,
167,ROND LAKE NO.2(F-56),Western Decalta Petroleum Ltd.,Western Decalta Petroleum Ltd.,Abandoned,Exploratory Well,1960,19-Feb-60,05-Mar-60,1484,Sahtu,"67° 5' 27.0""","128° 25' 42.0""",67.0909,-128.4305,300F566710128150,,
168,LAC TACHE C-35,Imperial Oil Limited,Imperial Oil Limited,Abandoned,Exploratory Well,1960,23-Feb-60,06-Apr-60,2782,Dehcho,"63° 44' 15.0""","120° 36' 45.0""",63.7377,-120.6141,300C356350120300,,
169,CARTRIDGE F-72,Imperial Oil Limited,Imperial Oil Limited,Abandoned,Exploratory Well,1960,26-Feb-60,31-Mar-60,2795,Dehcho,"63° 11' 19.0""","120° 29' 4.0""",63.1888,-120.4860,300F726320120150,,
170,TROUT RIVER NO.4(A-10),Briggs D. Todd,Briggs D. Todd,Abandoned,Exploratory Well,1960,27-Feb-60,13-Mar-60,903,Dehcho,"60° 59' 11.0""","120° 15' 2.0""",60.9865,-120.2520,300A106100120150,,
172,ROND LAKE NO.3(A-48),Western Decalta Petroleum Ltd.,Western Decalta Petroleum Ltd.,Abandoned,Exploratory Well,1960,07-Mar-60,12-Mar-60,1484,Sahtu,"67° 7' 0.0""","128° 22' 36.0""",67.1168,-128.3788,300A486710128150,,
173,ALEXANDRA FALLS NO.2(J-26),J.C. Sproule Associates,J.C. Sproule Associates,Abandoned,Exploratory Well,1960,07-Mar-60,24-Mar-60,1400,Dehcho,"60° 15' 30.8""","116° 34' 41.9""",60.2587,-116.5797,300J266020116300,,
174,TROUT RIVER NO.5(D-06),Briggs D. Todd,Briggs D. Todd,Abandoned,Exploratory Well,1960,11-Mar-60,28-Mar-60,902,Dehcho,"60° 55' 3.0""","120° 31' 34.0""",60.9176,-120.5276,300D066100120300,,
175,ROND LAKE NO.4(L-47),Western Decalta Petroleum Ltd.,Western Decalta Petroleum Ltd.,Abandoned,Exploratory Well,1960,13-Mar-60,15-Mar-60,1484,Sahtu,"67° 6' 30.0""","128° 24' 0.0""",67.1084,-128.4021,300L476710128150,,
176,TROUT RIVER NO.6(K-18),Briggs D. Todd,Briggs D. Todd,Abandoned,Exploratory Well,1960,16-Mar-60,30-Mar-60,903,Dehcho,"60° 57' 36.0""","120° 17' 53.0""",60.9601,-120.2995,300K186100120150,,
178,PT. SEPARATION NO.1(A-05),Richfield Oil Corporation,Richfield Oil Corporation,Abandoned,Exploratory Well,1960,31-Jul-60,16-Oct-60,1522,Gwich'in,"67° 34' 6.0""","134° 0' 10.0""",67.5682,-134.0052,300A056740134000,,
179,ROND LAKE NO.5(B-57),Western Decalta Petroleum Ltd.,Western Decalta Petroleum Ltd.,Abandoned,Exploratory Well,1960,05-Aug-60,22-Aug-60,1484,Sahtu,"67° 6' 0.0""","128° 24' 55.0""",67.1001,-128.4174,300B576710128150,,
180,LOON RIVER NO.1(H-79),J.C. Sproule Associates,J.C. Sproule Associates,Abandoned,Exploratory Well,1960,10-Aug-60,27-Aug-60,1544,Sahtu,"66° 28' 26.0""","128° 58' 24.0""",66.4739,-128.9754,300H796630128450,,
181,RAMPARTS NO.1(I-55),J.C. Sproule Associates,J.C. Sproule Associates,Abandoned,Exploratory Well,1960,31-Aug-60,23-Sep-60,1534,Sahtu,"66° 14' 44.0""","128° 39' 47.0""",66.2456,-128.6651,300I556620128300,,
182,HARE INDIAN NO.1(H-48),J.C. Sproule Associates,J.C. Sproule Associates,Abandoned,Exploratory Well,1960,24-Sep-60,27-Sep-60,1534,Sahtu,"66° 17' 23.0""","128° 37' 30.0""",66.2898,-128.6271,300H486620128300,,
183,ALEXANDRA NO.6(M-19),Shell Canada Resources Limited,Shell Canada Resources Limited,Abandoned,Exploratory Well,1960,08-Nov-60,16-Dec-60,980,Dehcho,"60° 18' 45.0""","119° 18' 52.6""",60.3126,-119.3161,300M196020119150,,
184,S.W. AIRPORT CREEK NO.1(D-72),Suncor Energy Inc.,Suncor Energy Inc.,Abandoned,Exploratory Well,1960,21-Nov-60,15-Dec-60,,Sahtu,"66° 21' 10.0""","129° 14' 44.0""",66.3528,-129.2476,300D726630129000,,
185,N.CIRCLE RIVER NO.1(A-37),Suncor Energy Inc.,Suncor Energy Inc.,Abandoned,Exploratory Well,1960,21-Dec-60,23-Jan-61,,Sahtu,"66° 26' 9.5""","129° 35' 53.0""",66.4360,-129.6002,300A376630129300,,
186,ALEXANDRA D-62,Shell Canada Resources Limited,Shell Canada Resources Limited,Abandoned,Exploratory Well,1960,23-Dec-60,09-Feb-61,1528,Dehcho,"60° 21' 0.0""","118° 43' 0.0""",60.3501,-118.7181,300D626030118300,,
187,CELIBETA NO.5 (E-56),Home Oil Company Limited,Home Oil Company Limited,Abandoned,Exploratory Well,1960,29-Dec-60,19-Feb-61,2713,Dehcho,"60° 5' 17.4""","122° 11' 5.0""",60.0881,-122.1864,300E566010122000,,
188,CELIBETA NO.6 (F-60),Home Oil Company Limited,Home Oil Company Limited,Abandoned,Exploratory Well,1961,08-Jan-61,02-Mar-61,2713,Dehcho,"60° 9' 21.5""","122° 10' 26.8""",60.1559,-122.1758,300F606010122000,,
189,WEST TATHLINA LAKE NO.4(J-52),J.C. Sproule Associates,J.C. Sproule Associates,Abandoned,Exploratory Well,1961,13-Jan-61,02-Feb-61,887,Dehcho,"60° 41' 33.0""","117° 40' 6.0""",60.6926,-117.6698,300J526050117300,,
190,NORTH ARROWHEAD RIVER NO.1(H-31),Murphy Oil Company Ltd.,Murphy Oil Company Ltd.,Abandoned,Exploratory Well,1961,17-Jan-61,11-Mar-61,1034,Dehcho,"60° 50' 25.0""","122° 5' 50.0""",60.8404,-122.0987,300H316100122000,,
191,NETLA C-07,Canadian Natural Resources Limited,Canadian Natural Resources Limited,Abandoned,Exploratory Well,1961,23-Jan-23,11-Feb-23,1038,Dehcho,"60° 46' 12.6""","122° 46' 17.7""",60.7703,-122.7731,300C076050122452,,
192,CIRCLE RIVER NO.1(K-47),Suncor Energy Inc.,Suncor Energy Inc.,Abandoned,Exploratory Well,1961,26-Jan-61,25-Feb-61,,Sahtu,"66° 26' 38.0""","130° 8' 50.0""",66.4439,-130.1493,300K476630130000,,
193,MATTSON CREEK NO.1(E-13),Pan American Petroleum Corporation,Pan American Petroleum Corporation,Abandoned,Exploratory Well,1961,05-Feb-61,10-Jul-61,2535,Dehcho,"61° 2' 28.0""","123° 48' 30.0""",61.0412,-123.8099,300E136110123450,,
194,REDKNIFE RIVER NO.1(E-60),J.C. Sproule Associates,J.C. Sproule Associates,Abandoned,Exploratory Well,1961,06-Feb-61,22-Feb-61,908,Dehcho,"60° 59' 26.0""","119° 11' 10.0""",60.9907,-119.1875,300E606100119000,,
195,REDKNIFE RIVER NO.2(E-33),J.C. Sproule Associates,J.C. Sproule Associates,Abandoned,Exploratory Well,1961,26-Feb-61,12-Mar-61,907,Dehcho,"60° 52' 29.0""","119° 22' 23.0""",60.8748,-119.3745,300E336100119150,,
196,MUSKEG RIVER NO.1(I-24),Murphy Oil Company Ltd.,Murphy Oil Company Ltd.,Abandoned,Exploratory Well,1961,17-Mar-61,07-May-61,,Dehcho,"60° 43' 38.0""","122° 3' 45.0""",60.7273,-122.0640,300I246050122000,,
197,CARNWATH RIVER NO.1(K-15),Canada Southern Petroleum Ltd.,Canada Southern Petroleum Ltd.,Abandoned,Exploratory Well,1961,11-Mar-61,08-Apr-61,2267,Sahtu,"67° 44' 40.0""","128° 47' 53.0""",67.7445,-128.8003,300K156750128450,,
198,KAKISA RIVER NO.1(N-34),J.C. Sproule Associates,J.C. Sproule Associates,Abandoned,Exploratory Well,1961,16-Mar-61,29-Mar-61,887,Dehcho,"60° 43' 47.5""","117° 36' 40.0""",60.7300,-117.6125,300N346050117300,,
199,ARROWHEAD CABIN I-46,Imperial Oil Limited,Imperial Oil Limited,Abandoned,Exploratory Well,1961,29-Mar-61,25-May-61,1040,Dehcho,"60° 45' 37.2""","122° 22' 47.0""",60.7604,-122.3812,300I466050122150,,
200,GRANDVIEW HILLS COREHOLE NO.1(J-34),Richfield Oil Corporation,Richfield Oil Corporation,Abandoned,Test Hole,1961,01-Apr-61,11-Apr-61,1616,Gwich'in,"67° 13' 40.0""","130° 51' 16.0""",67.2278,-130.8567,300J346720130450,,
202,CELIBETA NO.7 (H-50),Home Oil Company Limited,Home Oil Company Limited,Abandoned,Exploratory Well,1961,10-Dec-61,13-Mar-62,1136,Dehcho,"60° 9' 24.6""","122° 37' 43.9""",60.1568,-122.6305,300H506010122300,,
203,ISLAND RIVER D-29,Amoco Canada Petroleum Company Ltd.,Amoco Canada Petroleum Company Ltd.,Abandoned,Exploratory Well,1961,17-Dec-61,10-Mar-62,2709,Dehcho,"60° 8' 7.7""","121° 5' 17.1""",60.1355,-121.0897,300D296010121000,,
204,ARROWHEAD AURORA M-47,Imperial Oil Limited,Imperial Oil Limited,Abandoned,Exploratory Well,1961,18-Dec-61,10-Mar-62,1041,Dehcho,"60° 36' 54.0""","122° 38' 55.0""",60.6151,-122.6501,300M476040122300,,
205,EMILE LAKE F-73,Imperial Oil Limited,Imperial Oil Limited,Abandoned,Exploratory Well,1961,25-Dec-61,11-Mar-62,,Dehcho,"60° 42' 25.0""","122° 44' 10.0""",60.7070,-122.7376,300F736050122300,,
206,REDKNIFE N-06,Imperial Oil Limited,Imperial Oil Limited,Abandoned,Exploratory Well,1962,02-Mar-62,28-Mar-62,907,Dehcho,"60° 55' 49.0""","119° 16' 10.0""",60.9304,-119.2709,300N066100119150,,
209,N. ISLAND R. O-12,Pan American Petroleum Corporation,Pan American Petroleum Corporation,Abandoned,Exploratory Well,1962,28-Mar-62,05-May-62,1156,Dehcho,"60° 21' 57.2""","121° 2' 36.5""",60.3659,-121.0450,300O126030121000,,
219,OCHRE RIVER P-15,Shell Canada Resources Limited,Shell Canada Resources Limited,Abandoned,Exploratory Well,1963,11-Dec-63,28-Jan-64,1957,Dehcho,"63° 24' 45.0""","122° 46' 57.0""",63.4126,-122.7841,300P156330122450,,
221,ARCTIC CIRCLE ONTARATUE H-34,Suncor Energy Inc.,Suncor Energy Inc.,Abandoned,Exploratory Well,1963,20-Dec-63,01-Apr-64,,Gwich'in,"66° 23' 22.5""","132° 5' 51.5""",66.3895,-132.0998,300H346630132000,,
222,SOUTH ARROWHEAD B-76,British American Oil Company Ltd [The],British American Oil Company Ltd [The],Abandoned,Exploratory Well,1964,12-Jan-64,11-Mar-64,1050,Dehcho,"60° 25' 2.0""","122° 59' 2.0""",60.4173,-122.9854,300B766030122450,,
223,KAKISA H-36,Pan American Petroleum Corporation,Pan American Petroleum Corporation,Abandoned,Exploratory Well,1964,15-Jan-64,02-Feb-64,3144,Dehcho,"60° 55' 18.0""","117° 21' 5.0""",60.9218,-117.3528,300H366100117150,,
224,EBBUTT D-50,Imperial Oil Enterprises Limited,Imperial Oil Enterprises Limited,Abandoned,Exploratory Well,1964,16-Jan-64,18-Mar-64,3103,Dehcho,"62° 19' 1.0""","122° 24' 5.0""",62.3170,-122.4029,300D506220122150,,
225,KAKISA I-44,Pan American Petroleum Corporation,Pan American Petroleum Corporation,Abandoned,Exploratory Well,1964,03-Feb-64,27-Feb-64,3144,Dehcho,"60° 53' 32.0""","117° 22' 34.0""",60.8923,-117.3775,300I446100117150,,
226,S. ISLAND R. M-41,Apache Canada Ltd.,Paramount Resources Ltd.,Abandoned,Exploratory Well,1964,21-Nov-88,21-Nov-88,,Dehcho,"60° 0' 55.0""","121° 9' 0.0""",60.0153,-121.1517,300M416010121002,,
227,TATHLINA LAKE D-39,Chevron Canada Resources Limited,Chevron Canada Resources Limited,Abandoned,Exploratory Well,1964,07-Feb-64,24-Feb-64,3485,Dehcho,"60° 38' 1.0""","117° 22' 20.0""",60.6337,-117.3736,300D396040117150,,
228,DEEP BAY TEST NO.1,Punch Petroleums Ltd.,Punch Petroleums Ltd.,Abandoned,Test Hole,1952,23-Feb-52,09-Mar-52,,Dehcho,"61° 19' 0.0""","116° 46' 15.0""",61.3168,-116.7722,300C106120116450,,
229,BLACKWATER LAKE G-52,Shell Canada Resources Limited,Shell Canada Resources Limited,Abandoned,Exploratory Well,1964,09-Feb-64,24-Mar-64,3295,Dehcho,"64° 1' 20.0""","122° 55' 12.0""",64.0223,-122.9217,300G526410122450,,
230,TATHLINA LAKE K-10,Chevron Canada Resources Limited,Chevron Canada Resources Limited,Abandoned,Exploratory Well,1964,27-Feb-64,13-Mar-64,34850,Dehcho,"60° 39' 40.2""","117° 16' 20.3""",60.6613,-117.2737,300K106040117150,,
231,KAKISA F-35,Pan American Petroleum Corporation,Pan American Petroleum Corporation,Abandoned,Exploratory Well,1964,29-Feb-64,30-Mar-64,3144,Dehcho,"60° 54' 25.0""","117° 21' 49.0""",60.9071,-117.3650,300F356100117150,,
232,EBBUTT J-70,Imperial Oil Enterprises Limited,Imperial Oil Enterprises Limited,Abandoned,Exploratory Well,1964,20-Mar-64,08-Apr-64,3542,Dehcho,"62° 19' 31.0""","121° 57' 3.0""",62.3254,-121.9524,300J706220121450,,
234,KAKISA L-19,Pan American Petroleum Corporation,Pan American Petroleum Corporation,Abandoned,Exploratory Well,1964,01-Apr-64,14-Apr-64,3181,Dehcho,"60° 58' 36.0""","118° 3' 28.0""",60.9768,-118.0592,300L196100118000,,
236,ARCTIC CIRCLE ONTARATUE K-04,Suncor Energy Inc.,Suncor Energy Inc.,Abandoned,Exploratory Well,1964,14-Nov-64,23-Feb-65,,Sahtu,"66° 33' 37.5""","130° 46' 10.3""",66.5604,-130.7717,300K046640130450,,
237,KEELE R. L-04,Shell Canada Resources Limited,Shell Canada Resources Limited,Abandoned,Exploratory Well,1964,10-Dec-64,13-Jan-65,3418,Sahtu,"64° 23' 37.0""","125° 1' 43.0""",64.3937,-125.0304,300L046430125000,,
238,W WRIGLEY G-70,Shell Canada Resources Limited,Shell Canada Resources Limited,Abandoned,Exploratory Well,1964,19-Dec-64,05-Apr-65,1018,Dehcho,"63° 9' 17.0""","124° 11' 50.0""",63.1548,-124.1989,300G706310124000,,
240,WEST ARROWHEAD N-02,British American Oil Company Ltd [The],British American Oil Company Ltd [The],Abandoned,Exploratory Well,1965,10-Jan-65,17-Mar-65,EL383,Dehcho,"60° 31' 46.0""","123° 1' 18.0""",60.5295,-123.0232,300N026040123000,,
241,MILLS LAKE C-03,Chevron Canada Resources Limited,Chevron Canada Resources Limited,Abandoned,Exploratory Well,1965,12-Jan-65,24-Jan-65,3110,Dehcho,"61° 12' 12.0""","118° 1' 0.0""",61.2034,-118.0181,300C036120118000,,
242,BOUVIER L-69,Chevron Canada Resources Limited,Chevron Canada Resources Limited,Abandoned,Exploratory Well,1965,29-Jan-65,21-Feb-65,3186,Dehcho,"60° 48' 34.0""","118° 42' 59.7""",60.8095,-118.7180,300L696050118300,,
243,TRAINOR LAKE C-39,"Pure Oil Company, The","Pure Oil Company, The",Abandoned,Exploratory Well,1965,29-Jan-65,15-Mar-65,SDL3,Dehcho,"60° 18' 1.0""","120° 37' 0.0""",60.3003,-120.6183,300C396020120300,,
246,BIG ISLAND G-56,Chevron Canada Resources Limited,Chevron Canada Resources Limited,Abandoned,Exploratory Well,1965,25-Feb-65,13-Mar-65,3453,Dehcho,"61° 5' 23.0""","116° 40' 0.0""",61.0898,-116.6681,300G566110116300,,
247,CLOVERLEAF I-46,Shell Canada Resources Limited,Shell Canada Resources Limited,Abandoned,Exploratory Well,1965,02-Mar-65,05-Jul-65,3432,Sahtu,"63° 55' 44.0""","124° 52' 39.0""",63.9290,-124.8793,300I466400124450,,
248,CLARE F-79,Imperial Oil Enterprises Limited,Imperial Oil Enterprises Limited,Abandoned,Exploratory Well,1965,05-Apr-65,20-Jun-65,3643,Gwich'in,"67° 8' 20.0""","133° 14' 20.0""",67.1388,-133.2412,300F796710133000,,
291,MANITOU LAKE L-61,Suncor Energy Inc.,Suncor Energy Inc.,Abandoned,Exploratory Well,1965,19-Nov-65,05-Feb-66,,Sahtu,"66° 20' 40.0""","128° 58' 0.0""",66.3445,-128.9688,300L616630128450,,
293,STONY I-50,Imperial Oil Enterprises Limited,Imperial Oil Enterprises Limited,Abandoned,Exploratory Well,1965,07-Dec-65,08-May-66,3732,Gwich'in,"67° 29' 44.0""","135° 22' 46.0""",67.4954,-135.3819,300I506730135150,,
294,TRAINOR K-70,Unocal Canada Limited,Unocal Canada Limited,Abandoned,Exploratory Well,1966,10-Jan-66,21-Feb-66,2706,Dehcho,"60° 9' 40.0""","120° 27' 36.0""",60.1612,-120.4616,300K706010120150,,
296,TRAINOR L-59,Unocal Canada Limited,Unocal Canada Limited,Abandoned,Exploratory Well,1966,21-Jan-66,28-Feb-66,2690,Dehcho,"60° 28' 33.0""","120° 40' 50.0""",60.4759,-120.6821,300L596030120300,,
297,HAY RIVER E-30,"General Crude Oil Company, Alberta, Ltd","General Crude Oil Company, Alberta, Ltd",Abandoned,Exploratory Well,1966,27-Jan-66,03-Feb-66,4129,Dehcho,"60° 49' 23.5""","115° 50' 29.8""",60.8233,-115.8430,300E306050115450,,
299,BOVIE LAKE J-72,Texaco Canada Resources Ltd.,Texaco Canada Resources Ltd.,Abandoned,Exploratory Well,1966,07-Feb-87,13-Feb-87,21763,Dehcho,"60° 11' 39.0""","122° 58' 44.0""",60.1942,-122.9804,300J726020122452,,
300,TRAINOR K-30,Unocal Canada Limited,Unocal Canada Limited,Abandoned,Exploratory Well,1966,08-Feb-66,19-Mar-66,2709,Dehcho,"60° 9' 31.0""","121° 4' 45.0""",60.1586,-121.0808,300K306010121000,,
301,POINTED MOUNTAIN P-53,Apache Canada Ltd.,Paramount Resources Ltd.,Abandoned,Exploratory Well,1966,07-Mar-16,07-Mar-16,,Dehcho,"60° 22' 45.6""","123° 54' 33.3""",60.3794,-123.9108,300P536030123452,,
303,REEF CREEK G-15,"General Crude Oil Company, Alberta, Ltd","General Crude Oil Company, Alberta, Ltd",Abandoned,Exploratory Well,1966,10-Feb-66,27-Feb-66,4128,Dehcho,"60° 54' 24.0""","116° 17' 30.0""",60.9068,-116.2931,300G156100116150,,
305,CAMSELL A-37,Hudson's Bay Oil And Gas Company Limited,Hudson's Bay Oil And Gas Company Limited,Abandoned,Exploratory Well,1966,16-Feb-66,16-Mar-66,3063,Dehcho,"61° 46' 9.2""","122° 35' 55.3""",61.7693,-122.6002,300A376150122300,,
306,BEAVERTAIL G-26,Suncor Energy Inc.,Suncor Energy Inc.,Abandoned,Exploratory Well,1966,18-Feb-66,05-Apr-66,,Sahtu,"65° 55' 25.0""","128° 34' 25.0""",65.9237,-128.5756,300G266600128300,,
308,LAFERTE RIVER A-21,Canada-Cities Service Petroleum Corp.,Canada-Cities Service Petroleum Corp.,Abandoned,Exploratory Well,1966,22-Feb-66,08-Mar-66,4061,Dehcho,"61° 50' 7.5""","117° 48' 59.1""",61.8356,-117.8178,300A216200117450,,
309,DESMARAIS PT. E-72,"General Crude Oil Company, Alberta, Ltd","General Crude Oil Company, Alberta, Ltd",Abandoned,Exploratory Well,1966,28-Feb-66,18-Mar-66,3453,Dehcho,"61° 1' 17.7""","116° 29' 42.1""",61.0217,-116.4964,300E726110116150,,
310,NEVEJO M-05,Imperial Oil Enterprises Limited,Imperial Oil Enterprises Limited,Abandoned,Exploratory Well,1966,29-Jan-66,29-Mar-66,3622,Gwich'in,"67° 14' 58.0""","134° 1' 45.0""",67.2493,-134.0315,300M056720134000,,
311,MILLS LAKE P-18,Chevron Canada Resources Limited,Chevron Canada Resources Limited,Abandoned,Exploratory Well,1966,06-Mar-66,17-Mar-66,3110,Dehcho,"61° 17' 50.0""","118° 2' 0.0""",61.2973,-118.0348,300P186120118000,,
315,LAFERTE RIVER K-13,Canada-Cities Service Petroleum Corp.,Canada-Cities Service Petroleum Corp.,Abandoned,Exploratory Well,1966,30-Mar-66,06-Apr-66,4067,Dehcho,"62° 2' 37.5""","117° 48' 2.8""",62.0439,-117.8022,300K136210117450,,
317,MARTIN HOUSE L-50,Imperial Oil Enterprises Limited,Imperial Oil Enterprises Limited,Abandoned,Exploratory Well,1966,17-Apr-66,11-Jun-66,3600,Gwich'in,"66° 49' 42.0""","133° 24' 3.0""",66.8282,-133.4031,300L506650133150,,
318,SHOALS C-31,Suncor Energy Inc.,Suncor Energy Inc.,Abandoned,Exploratory Well,1966,18-Apr-66,22-May-66,,Sahtu,"65° 50' 7.5""","128° 51' 45.0""",65.8355,-128.8645,300C316600128450,,
320,LITTLE CHICAGO N-32,Suncor Energy Inc.,Suncor Energy Inc.,Abandoned,Exploratory Well,1966,16-Jun-66,18-Jul-66,,Sahtu,"67° 11' 46.0""","130° 6' 55.0""",67.1961,-130.1175,300N326720130000,,
323,TRAINOR E-35,Unocal Canada Limited,Unocal Canada Limited,Abandoned,Exploratory Well,1966,20-Dec-66,30-Jan-67,2697,Dehcho,"60° 14' 21.0""","120° 22' 29.0""",60.2392,-120.3763,300E356020120150,,
324,TROUT LK M-73,Dome Petroleum Limited,Dome Petroleum Limited,Abandoned,Exploratory Well,1967,05-Jan-67,30-Jan-67,1175,Dehcho,"60° 32' 50.0""","121° 29' 54.0""",60.5473,-121.4999,300M736040121150,,
330,MILLS LAKE 2I-57,Central Del-Rio Oils Limited,Central Del-Rio Oils Limited,Abandoned,Exploratory Well,1967,28-Jan-67,22-Feb-67,3875,Dehcho,"61° 16' 37.2""","117° 39' 35.9""",61.2771,-117.6614,302I576120117300,,
331,SWAN LAKE K-28,Imperial Oil Enterprises Limited,Imperial Oil Enterprises Limited,Abandoned,Exploratory Well,1967,28-Jan-67,02-Mar-67,3637,Gwich'in,"67° 7' 42.0""","133° 34' 44.0""",67.1282,-133.5812,300K286710133300,,
334,TROUT LAKE A-45,"McDermott, J Ray","McDermott, J Ray",Abandoned,Exploratory Well,1967,07-Feb-67,01-Mar-67,2693,Dehcho,"60° 24' 14.9""","121° 52' 31.0""",60.4041,-121.8769,300A456030121450,,
335,LAFERTE RIVER G-41,Canada-Cities Service Petroleum Corp.,Canada-Cities Service Petroleum Corp.,Abandoned,Exploratory Well,1967,10-Feb-67,26-Feb-67,4058,Dehcho,"61° 40' 22.5""","118° 38' 12.2""",61.6730,-118.6382,300G416150118300,,
336,TROUT LAKE H-45,Dome Petroleum Limited,Dome Petroleum Limited,Abandoned,Exploratory Well,1967,16-Feb-67,06-Mar-67,1176,Dehcho,"60° 44' 20.0""","121° 22' 44.0""",60.7390,-121.3804,300H456050121150,,
337,LAFERTE RIVER O-15,Canada-Cities Service Petroleum Corp.,Canada-Cities Service Petroleum Corp.,Abandoned,Exploratory Well,1967,22-Feb-67,15-Mar-67,4054,Dehcho,"61° 34' 52.5""","118° 47' 34.7""",61.5814,-118.7944,300O156140118450,,
338,MILLS LAKE A-70,Central Del-Rio Oils Limited,Central Del-Rio Oils Limited,Abandoned,Exploratory Well,1967,23-Feb-67,17-Mar-67,3910,Dehcho,"61° 9' 7.5""","117° 56' 28.9""",61.1522,-117.9428,300A706110117450,,
339,LAFERTE RIVER A-50,Canada-Cities Service Petroleum Corp.,Canada-Cities Service Petroleum Corp.,Abandoned,Exploratory Well,1967,26-Feb-67,11-Mar-67,4054,Dehcho,"61° 39' 7.5""","118° 52' 44.1""",61.6522,-118.8804,300A506140118450,,
340,BAY CREEK M-31,Murphy Oil Company Ltd.,Murphy Oil Company Ltd.,Abandoned,Exploratory Well,1967,26-Feb-67,02-Apr-67,139,Dehcho,"60° 50' 52.0""","123° 7' 15.0""",60.8479,-123.1224,300M316100123000,,
341,HAY RIVER NO.1(I-41),"McDermott, J Ray","McDermott, J Ray",Abandoned,Exploratory Well,1967,03-Mar-67,30-Mar-67,4522,Dehcho,"61° 0' 37.0""","115° 37' 58.0""",61.0104,-115.6341,300I416110115300,,
342,LAFERTE RIVER H-27,Canada-Cities Service Petroleum Corp.,Canada-Cities Service Petroleum Corp.,Abandoned,Exploratory Well,1967,12-Mar-67,23-Mar-67,4053,Dehcho,"61° 36' 22.5""","118° 33' 59.1""",61.6064,-118.5679,300H276140118300,,
345,MILLS LAKE J-74,Central Del-Rio Oils Limited,Central Del-Rio Oils Limited,Abandoned,Exploratory Well,1967,18-Mar-67,19-Mar-67,3110,Dehcho,"61° 13' 37.5""","118° 13' 49.7""",61.2272,-118.2319,300J746120118000,,
346,TREE RIVER H-38,Imperial Oil Enterprises Limited,Imperial Oil Enterprises Limited,Abandoned,Exploratory Well,1967,19-Mar-67,23-Apr-67,3650,Gwich'in,"67° 17' 21.0""","132° 21' 0.0""",67.2891,-132.3523,300H386720132150,,
347,LAFERTE RIVER A-66,Canada-Cities Service Petroleum Corp.,Canada-Cities Service Petroleum Corp.,Abandoned,Exploratory Well,1967,23-Mar-67,08-Apr-67,4058,Dehcho,"61° 45' 7.5""","118° 41' 29.1""",61.7522,-118.6929,300A666150118300,,
348,LAFERTE RIVER N-54,Canada-Cities Service Petroleum Corp.,Canada-Cities Service Petroleum Corp.,Abandoned,Exploratory Well,1967,26-Mar-67,06-Apr-67,4059,Dehcho,"61° 43' 52.5""","118° 55' 32.8""",61.7314,-118.9272,300N546150118450,,
349,DESMARAIS NO. 1 G-38,"McDermott, J Ray","McDermott, J Ray",Abandoned,Exploratory Well,1967,30-Mar-67,10-Apr-67,3452,Dehcho,"60° 57' 22.5""","116° 36' 19.7""",60.9564,-116.6069,300G386100116300,,
350,SULPHUR POINT NO.1(O-07),"McDermott, J Ray","McDermott, J Ray",Abandoned,Exploratory Well,1967,02-Apr-67,12-Apr-67,4514,Dehcho,"60° 56' 57.0""","114° 45' 30.0""",60.9493,-114.7596,300O076100114450,,
353,OSCAR CREEK H-77,Suncor Energy Inc.,Suncor Energy Inc.,Abandoned,Exploratory Well,1967,20-Jul-67,08-Aug-67,,Sahtu,"65° 26' 22.0""","127° 28' 15.0""",65.4395,-127.4727,300H776530127150,,
354,STONEY CORE HOLE F-52,Imperial Oil Enterprises Limited,Imperial Oil Enterprises Limited,Abandoned,Test Hole,1967,27-Jul-67,02-Aug-67,3738,Gwich'in,"67° 21' 20.0""","135° 40' 19.0""",67.3554,-135.6744,300F526730135300,,
355,STONEY CORE HOLE F-42,Imperial Oil Enterprises Limited,Imperial Oil Enterprises Limited,Abandoned,Test Hole,1967,03-Aug-67,11-Aug-67,3738,Gwich'in,"67° 21' 23.0""","135° 38' 43.0""",67.3562,-135.6477,300F426730135300,,
356,JUDILE O-41,Suncor Energy Inc.,Suncor Energy Inc.,Abandoned,Exploratory Well,1967,09-Aug-67,21-Aug-67,,Sahtu,"65° 30' 45.0""","127° 38' 0.0""",65.5126,-127.6353,300O416540127300,,
358,STONEY CORE HOLE 2F-52,Imperial Oil Enterprises Limited,Imperial Oil Enterprises Limited,Abandoned,Test Hole,1967,13-Aug-67,20-Aug-67,3738,Gwich'in,"67° 21' 21.0""","135° 40' 21.0""",67.3557,-135.6749,302F526730135300,,
359,STONEY CORE HOLE C-02,Imperial Oil Enterprises Limited,Imperial Oil Enterprises Limited,Abandoned,Test Hole,1967,23-Aug-67,29-Aug-67,3738,Gwich'in,"67° 21' 10.0""","135° 31' 0.0""",67.3526,-135.5191,300C026730135300,,
360,JUDILE O-17,Suncor Energy Inc.,Suncor Energy Inc.,Abandoned,Exploratory Well,1967,24-Aug-67,10-Sep-67,,Sahtu,"65° 26' 53.0""","127° 32' 35.0""",65.4481,-127.5450,300O176530127300,,
361,POINTED MOUNTAIN K-45(A-2),Apache Canada Ltd.,Paramount Resources Ltd.,Abandoned,Development Well,1967,10-Jun-94,19-Jun-94,,Dehcho,"60° 24' 33.8""","123° 53' 51.8""",60.4094,-123.8992,300K456030123452,,
363,DESMARAIS J-48,Shell Canada Resources Limited,Shell Canada Resources Limited,Abandoned,Exploratory Well,1967,26-Nov-67,07-Dec-67,4236,Dehcho,"60° 57' 43.5""","116° 53' 7.9""",60.9622,-116.8869,300J486100116450,,
365,DESMARAIS K-29,Shell Canada Resources Limited,Shell Canada Resources Limited,Abandoned,Exploratory Well,1967,09-Dec-67,18-Dec-67,4236,Dehcho,"60° 58' 30.0""","116° 49' 57.5""",60.9751,-116.8341,300K296100116450,,
366,CELIBETA C-77,Dome Petroleum Limited,Dome Petroleum Limited,Abandoned,Exploratory Well,1967,14-Dec-67,08-Jan-68,2713,Dehcho,"60° 6' 12.0""","122° 14' 29.0""",60.1033,-122.2431,300C776010122000,,
368,TROUT LAKE O-41,Shell Canada Resources Limited,Shell Canada Resources Limited,Abandoned,Exploratory Well,1967,15-Dec-67,01-Feb-68,2711,Dehcho,"60° 0' 54.0""","121° 38' 5.0""",60.0150,-121.6364,300O416010121300,,
369,KAKISA LAKE C-04,Shell Canada Resources Limited,Shell Canada Resources Limited,Abandoned,Exploratory Well,1967,30-Dec-67,21-Jan-68,4938,Dehcho,"60° 53' 10.2""","117° 46' 15.0""",60.8863,-117.7723,300C046100117450,,
370,MILLS LAKE C-12,Central Del-Rio Oils Limited,Central Del-Rio Oils Limited,Abandoned,Exploratory Well,1968,07-Jan-68,19-Jan-68,3979,Dehcho,"61° 1' 1.9""","117° 17' 55.1""",61.0173,-117.3001,300C126110117150,,
371,LITTLE BUFFALO N-22,Iskut Silver Mines Ltd.,Iskut Silver Mines Ltd.,Abandoned,Exploratory Well,1968,19-Jan-68,23-Jan-68,,Dehcho,"60° 41' 45.0""","113° 34' 55.2""",60.6960,-113.5832,300N226050113300,,
372,MILLS LAKE L-10,Central Del-Rio Oils Limited,Central Del-Rio Oils Limited,Abandoned,Exploratory Well,1968,21-Jan-68,10-Feb-68,3909,Dehcho,"61° 9' 40.6""","117° 31' 39.2""",61.1614,-117.5290,300L106110117300,,
373,KAKISA J-65,Placid Northern Oils Limited,Placid Northern Oils Limited,Abandoned,Exploratory Well,1968,22-Jan-68,10-Feb-68,3488,Dehcho,"60° 44' 42.0""","117° 27' 7.0""",60.7451,-117.4534,300J656050117150,,
374,TRAINOR H-28,Unocal Canada Limited,Unocal Canada Limited,Abandoned,Exploratory Well,1968,23-Jan-68,22-Feb-68,2698,Dehcho,"60° 17' 16.0""","120° 34' 10.0""",60.2878,-120.5711,300H286020120300,,
375,TWO ISLANDS O-28,Shell Canada Resources Limited,Shell Canada Resources Limited,Abandoned,Exploratory Well,1968,25-Jan-68,17-Feb-68,3181,Dehcho,"60° 57' 53.0""","118° 4' 23.0""",60.9648,-118.0745,300O286100118000,,
376,CAMERON A-05,Strategic Oil & Gas Ltd.,Strategic Oil & Gas Ltd.,Abandoned,Exploratory Well,1968,01-Feb-23,15-Feb-23,,Dehcho,"60° 4' 2.2""","117° 30' 27.4""",60.0674,-117.5090,300A056010117304,,
377,SPAWN G-27,Amoco Canada Petroleum Company Ltd.,Amoco Canada Petroleum Company Ltd.,Abandoned,Exploratory Well,1968,28-Jan-68,29-Feb-68,3878,Dehcho,"60° 6' 16.3""","118° 19' 35.0""",60.1046,-118.3278,300G276010118150,,
378,PROVIDENCE K-45,Imperial Oil Enterprises Limited,Imperial Oil Enterprises Limited,Abandoned,Exploratory Well,1968,28-Jan-68,09-Mar-68,4494,Dehcho,"61° 34' 36.0""","117° 8' 47.8""",61.5768,-117.1480,300K456140117000,,
379,MILLS LAKE B-41,Great Plains Development Company Of Canada Ltd.,Great Plains Development Company Of Canada Ltd.,Abandoned,Exploratory Well,1968,30-Jan-68,15-Feb-68,4496,Dehcho,"61° 40' 5.7""","116° 53' 17.0""",61.6684,-116.8894,300B416150116450,,
380,ISLAND RIVER E-56,Dome Petroleum Limited,Dome Petroleum Limited,Abandoned,Exploratory Well,1968,08-Feb-68,09-Mar-68,1149,Dehcho,"60° 15' 24.1""","121° 11' 13.7""",60.2567,-121.1888,300E566020121000,,
381,TETCHO J-12,Shell Canada Resources Limited,Shell Canada Resources Limited,Abandoned,Exploratory Well,1968,09-Feb-68,01-Mar-68,3026,Dehcho,"60° 41' 40.3""","121° 2' 48.4""",60.6946,-121.0483,300J126050121000,,
382,KAKISA L-71,Placid Northern Oils Limited,Placid Northern Oils Limited,Abandoned,Exploratory Well,1968,12-Feb-68,25-Feb-68,3489,Dehcho,"60° 40' 41.0""","117° 44' 52.0""",60.6782,-117.7492,300L716050117300,,
383,BEAVER LAKE M-29,Shell Canada Resources Limited,Shell Canada Resources Limited,Abandoned,Exploratory Well,1968,13-Feb-68,25-Feb-68,3194,Dehcho,"61° 8' 46.9""","117° 5' 19.7""",61.1465,-117.0902,300M296110117000,,
384,MILLS LAKE L-41,Great Plains Development Company Of Canada Ltd.,Great Plains Development Company Of Canada Ltd.,Abandoned,Exploratory Well,1968,18-Feb-68,26-Feb-68,4497,Dehcho,"61° 40' 38.9""","117° 8' 59.8""",61.6776,-117.1513,300L416150117000,,
385,MID LAKE H-33,"McDermott, J Ray","McDermott, J Ray",Abandoned,Exploratory Well,1968,21-Feb-68,03-Mar-68,4506,Dehcho,"61° 2' 15.0""","116° 5' 45.0""",61.0376,-116.0972,300H336110116000,,
386,FOETUS LK F-60,Shell Canada Resources Limited,Shell Canada Resources Limited,Abandoned,Exploratory Well,1968,21-Feb-68,05-Mar-68,3196,Dehcho,"60° 59' 18.5""","118° 25' 42.4""",60.9886,-118.4299,300F606100118150,,
388,BEAVER LAKE M-39,Shell Canada Resources Limited,Shell Canada Resources Limited,Abandoned,Exploratory Well,1968,25-Feb-68,29-Feb-68,3194,Dehcho,"61° 9' 0.0""","117° 7' 3.0""",61.1501,-117.1189,300M396110117000,,
389,GULL CREEK F-46,Placid Northern Oils Limited,Placid Northern Oils Limited,Abandoned,Exploratory Well,1968,26-Feb-68,10-Mar-68,4084,Dehcho,"60° 45' 29.0""","118° 8' 38.0""",60.7582,-118.1453,300F466050118000,,
390,W. TATHLINA K-48,Placid Northern Oils Limited,Placid Northern Oils Limited,Abandoned,Exploratory Well,1968,27-Feb-68,10-Mar-68,1526,Dehcho,"60° 37' 36.0""","117° 53' 40.0""",60.6268,-117.8959,300K486040117450,,
391,TROUT RIVER O-80,Unocal Canada Limited,Unocal Canada Limited,Abandoned,Exploratory Well,1968,27-Feb-68,17-Mar-68,NWT52,Dehcho,"60° 49' 46.0""","120° 28' 50.0""",60.8295,-120.4821,300O806050120150,,
392,BEAVER LAKE 2M-39,Shell Canada Resources Limited,Shell Canada Resources Limited,Abandoned,Exploratory Well,1968,29-Feb-68,06-Mar-68,3194,Dehcho,"61° 9' 0.0""","117° 7' 2.8""",61.1501,-117.1188,302M396110117000,,
393,MILLS LAKE P-52,Great Plains Development Company Of Canada Ltd.,Great Plains Development Company Of Canada Ltd.,Abandoned,Exploratory Well,1968,29-Feb-68,10-Mar-68,4492,Dehcho,"61° 31' 45.6""","116° 39' 46.7""",61.5295,-116.6643,300P526140116300,,
395,GRUMBLER F-07,Shell Canada Resources Limited,Shell Canada Resources Limited,Abandoned,Exploratory Well,1968,07-Mar-68,29-Mar-68,4150,Dehcho,"60° 26' 17.5""","116° 1' 9.7""",60.4383,-116.0207,300F076030116000,,
396,PROVIDENCE A-47,Esso Resources Canada Limited,Esso Resources Canada Limited,Abandoned,Exploratory Well,1968,11-Mar-68,22-Mar-68,4560,Dehcho,"61° 26' 14.3""","117° 22' 32.7""",61.4374,-117.3771,300A476130117150,,
397,N.E. TATHLINA D-50,Placid Northern Oils Limited,Placid Northern Oils Limited,Abandoned,Exploratory Well,1968,13-Mar-68,28-Mar-68,,Dehcho,"60° 49' 6.5""","117° 9' 8.4""",60.8186,-117.1538,300D506050117000,,
401,POINTED MOUNTAIN G-62,Apache Canada Ltd.,Paramount Resources Ltd.,Abandoned,Exploratory Well,1968,08-Mar-16,08-Mar-16,,Dehcho,"60° 21' 26.8""","123° 56' 46.8""",60.3575,-123.9478,300G626030123451,,
411,GRAINGER J-15,Pan American Petroleum Corporation,Pan American Petroleum Corporation,Abandoned,Exploratory Well,1968,10-Oct-68,29-Oct-68,4940,Dehcho,"61° 14' 35.0""","123° 2' 40.0""",61.2432,-123.0460,300J156120123000,,
412,GRAINGER C-43,Pan American Petroleum Corporation,Pan American Petroleum Corporation,Abandoned,Exploratory Well,1968,02-Nov-68,30-Nov-68,4940,Dehcho,"61° 12' 0.0""","123° 8' 42.0""",61.2001,-123.1466,300C436120123000,,
413,KOTANEELEE O-67,Pan American Petroleum Corporation,Pan American Petroleum Corporation,Abandoned,Exploratory Well,1968,19-Nov-68,15-Mar-69,1000,Dehcho,"60° 26' 50.7""","124° 11' 55.8""",60.4474,-124.2003,300O676030124000,,
415,WOLVERINE CREEK D-61,Sinclair Canada Oil Company,Sinclair Canada Oil Company,Abandoned,Exploratory Well,1968,01-Dec-68,20-Jan-69,5003,Sahtu,"65° 10' 14.0""","124° 12' 52.0""",65.1707,-124.2162,300D616520124000,,
416,N CAMERON HILLS H-34,Canadian Superior Oil Ltd.,Canadian Superior Oil Ltd.,Abandoned,Exploratory Well,1968,02-Dec-68,31-Dec-68,4587,Dehcho,"60° 3' 17.3""","116° 51' 3.4""",60.0549,-116.8523,300H346010116450,,
417,CLI LAKE K-54,British American Oil Company Ltd [The],British American Oil Company Ltd [The],Abandoned,Exploratory Well,1968,09-Dec-68,13-Feb-69,5369,Dehcho,"62° 3' 40.8""","123° 10' 24.2""",62.0614,-123.1750,300K546210123000,,
418,RAM PLATEAU N-44,Texaco Canada Resources Ltd.,Texaco Canada Resources Ltd.,Abandoned,Exploratory Well,1968,20-Dec-68,12-Jan-69,4632,Dehcho,"61° 53' 47.0""","123° 53' 36.0""",61.8965,-123.8950,300N446200123450,,
420,GRUMBLER I-16,Shell Canada Resources Limited,Shell Canada Resources Limited,Abandoned,Exploratory Well,1969,04-Jan-69,23-Jan-69,4149,Dehcho,"60° 25' 37.7""","115° 46' 55.6""",60.4273,-115.7835,300I166030115450,,
421,TRAINOR LK P-55,Canadian Fina Oil Limited,Canadian Fina Oil Limited,Abandoned,Exploratory Well,1969,09-Jan-69,18-Feb-69,3466,Dehcho,"60° 4' 57.0""","119° 54' 48.0""",60.0826,-119.9149,300P556010119450,,
422,REDKNIFE J-21,Canada-Cities Service Petroleum Corp.,Canada-Cities Service Petroleum Corp.,Abandoned,Exploratory Well,1969,10-Jan-69,03-Feb-69,4387,Dehcho,"61° 0' 41.0""","119° 19' 14.2""",61.0115,-119.3221,300J216110119150,,
423,CAMERON RIVER J-12,Hudson's Bay Oil And Gas Company Limited,Hudson's Bay Oil And Gas Company Limited,Abandoned,Exploratory Well,1969,12-Jan-69,17-Feb-69,3216,Dehcho,"60° 1' 30.2""","117° 2' 22.6""",60.0252,-117.0410,300J126010117000,,
425,TRAINOR O-72,Unocal Canada Limited,Unocal Canada Limited,Abandoned,Exploratory Well,1969,19-Jan-69,01-Mar-69,2696,Dehcho,"60° 11' 48.0""","120° 13' 50.0""",60.1967,-120.2321,300O726020120000,,
429,GRUMBLER J-72,Shell Canada Resources Limited,Shell Canada Resources Limited,Abandoned,Exploratory Well,1969,25-Jan-69,13-Feb-69,4145,Dehcho,"60° 21' 40.3""","115° 43' 44.8""",60.3613,-115.7305,300J726030115300,,
430,BERRY F-71,Chevron Canada Resources Limited,Chevron Canada Resources Limited,Abandoned,Exploratory Well,1969,25-Jan-69,06-Mar-69,4419,Dehcho,"62° 30' 21.0""","122° 59' 27.0""",62.5059,-122.9924,300F716240122450,,
432,STRONG POINT G-24,Imperial Oil Enterprises Limited,Imperial Oil Enterprises Limited,Abandoned,Exploratory Well,1969,28-Jan-69,16-Feb-69,4351,Dehcho,"61° 53' 16.0""","120° 49' 36.0""",61.8879,-120.8281,300G246200120450,,
433,ALEX FALLS B-07,"Mobil Oil Canada, Ltd.","Mobil Oil Canada, Ltd.",Abandoned,Exploratory Well,1969,28-Jan-69,23-Feb-69,4189,Dehcho,"60° 36' 0.5""","115° 45' 38.4""",60.6003,-115.7620,300B076040115450,,
434,SIBBESTON H-45,French Petroleum Company Of Canada Ltd,French Petroleum Company Of Canada Ltd,Abandoned,Exploratory Well,1969,30-Jan-69,13-Feb-69,3281,Dehcho,"61° 44' 25.0""","122° 52' 40.0""",61.7404,-122.8793,300H456150122450,,
435,WHITEFISH RIVER K-76,Sinclair Canada Oil Company,Sinclair Canada Oil Company,Abandoned,Exploratory Well,1969,30-Jan-69,18-Mar-69,4990,Sahtu,"65° 35' 32.0""","124° 29' 16.0""",65.5924,-124.4896,300K766540124150,,
437,REDKNIFE I-24,Canada-Cities Service Petroleum Corp.,Canada-Cities Service Petroleum Corp.,Abandoned,Exploratory Well,1969,08-Feb-69,01-Mar-69,4387,Dehcho,"61° 3' 40.2""","119° 18' 49.3""",61.0613,-119.3151,300I246110119150,,
438,JEAN MARIE N-73,Canadian Superior Oil Ltd.,Canadian Superior Oil Ltd.,Abandoned,Exploratory Well,1969,10-Feb-69,25-Feb-69,4247,Dehcho,"61° 22' 48.0""","120° 44' 10.0""",61.3801,-120.7376,300N736130120300,,
439,SIBBESTON E-45,French Petroleum Company Of Canada Ltd,French Petroleum Company Of Canada Ltd,Abandoned,Exploratory Well,1969,14-Feb-69,26-Feb-69,3281,Dehcho,"61° 44' 25.0""","122° 53' 55.0""",61.7404,-122.9002,300E456150122450,,
441,GRUMBLER G-63,Shell Canada Resources Limited,Shell Canada Resources Limited,Abandoned,Exploratory Well,1969,14-Feb-69,16-Mar-69,4146,Dehcho,"60° 12' 28.8""","115° 57' 10.9""",60.2081,-115.9544,300G636020115450,,
442,IVERSON LAKE M-69,Texaco Canada Resources Ltd.,Texaco Canada Resources Ltd.,Abandoned,Exploratory Well,1969,21-Feb-69,27-Mar-69,3379,Dehcho,"62° 28' 57.5""","124° 27' 59.2""",62.4827,-124.4681,300M696230124150,,
443,CLI LAKE G-15,Gulf Canada Resources Inc.,Gulf Canada Resources Inc.,Abandoned,Exploratory Well,1969,23-Feb-69,21-Mar-69,5369,Dehcho,"62° 4' 25.4""","123° 2' 47.7""",62.0738,-123.0481,300G156210123000,,
444,TRAIL RIVER P-13,Imperial Oil Enterprises Limited,Imperial Oil Enterprises Limited,Abandoned,Exploratory Well,1969,24-Feb-69,15-Mar-69,4360,Dehcho,"62° 2' 59.0""","121° 32' 13.0""",62.0498,-121.5384,300P136210121300,,
445,TRAINOR LK G-07,Canadian Fina Oil Limited,Canadian Fina Oil Limited,Abandoned,Exploratory Well,1969,08-Dec-69,20-Dec-69,3468,Dehcho,"60° 16' 18.0""","119° 45' 52.0""",60.2718,-119.7660,300G076020119451,,
446,N. CAMERON HILLS E-69,Canadian Superior Oil Ltd.,Canadian Superior Oil Ltd.,Abandoned,Exploratory Well,1969,25-Feb-69,17-Mar-69,4587,Dehcho,"60° 8' 24.2""","116° 57' 47.8""",60.1402,-116.9647,300E696010116450,,
447,GRUMBLER L-05,Shell Canada Resources Limited,Shell Canada Resources Limited,Abandoned,Exploratory Well,1969,28-Feb-69,18-Mar-69,4147,Dehcho,"60° 14' 41.3""","116° 1' 32.3""",60.2449,-116.0270,300L056020116000,,
448,JEAN MARIE B-48,Imperial Oil Limited,Imperial Oil Limited,Suspended,Exploratory Well,1969,04-Jan-23,08-Feb-23,4247,Dehcho,"61° 27' 10.0""","120° 38' 16.0""",61.4527,-120.6400,300B486130120300,,
449,CAMERON C-22,Pan American Petroleum Corporation,Pan American Petroleum Corporation,Abandoned,Exploratory Well,1969,07-Mar-69,02-Apr-69,3879,Dehcho,"60° 11' 11.3""","117° 49' 47.9""",60.1866,-117.8314,300C226020117450,,
450,CAMERON HILLS F-51,Paramount Resources Ltd.,Paramount Resources Ltd.,Abandoned,Exploratory Well,1969,09-Mar-69,02-Apr-69,,Dehcho,"60° 0' 15.4""","117° 25' 31.6""",60.0044,-117.4268,300F516010117150,,
451,EBBUTT G-72,Chevron Canada Resources Limited,Chevron Canada Resources Limited,Abandoned,Exploratory Well,1969,09-Mar-69,05-Apr-69,4405,Dehcho,"62° 21' 25.0""","122° 28' 38.0""",62.3570,-122.4788,300G726230122150,,
453,GRUMBLER I-72,Shell Canada Resources Limited,Shell Canada Resources Limited,Abandoned,Exploratory Well,1969,20-Mar-69,04-Apr-69,4148,Dehcho,"60° 21' 40.2""","115° 43' 9.0""",60.3613,-115.7205,300I726030115300,,
454,JEAN MARIE C-73,Kerr McGee Of Canada Northwest Ltd.,Kerr McGee Of Canada Northwest Ltd.,Abandoned,Exploratory Well,1969,22-Mar-69,29-Mar-69,4247,Dehcho,"61° 22' 10.0""","120° 44' 5.0""",61.3695,-120.7362,300C736130120300,,
456,MAHONY LAKE I-74,Sinclair Canada Oil Company,Sinclair Canada Oil Company,Abandoned,Exploratory Well,1969,24-Mar-69,02-May-69,4998,Sahtu,"65° 23' 36.0""","124° 43' 30.0""",65.3934,-124.7268,300I746530124300,,
457,POINTED MOUNTAIN (B-1) O-46,Apache Canada Ltd.,Paramount Resources Ltd.,Abandoned,Delineation Well,1969,14-Aug-92,26-Aug-92,,Dehcho,"60° 25' 56.9""","123° 52' 59.2""",60.4325,-123.8846,300O466030123452,,
459,WOOD BUFFALO C-74,Central Del-Rio Oils Limited,Central Del-Rio Oils Limited,Abandoned,Exploratory Well,1969,06-Apr-69,06-May-69,4734,Dehcho,"60° 33' 7.8""","114° 44' 5.0""",60.5523,-114.7360,300C746040114300,,
460,HUME R. A-53,Triad Oil Company Ltd,Triad Oil Company Ltd,Abandoned,Exploratory Well,1969,04-Jul-69,26-Jul-69,1273,Sahtu,"66° 2' 12.0""","129° 9' 46.0""",66.0367,-129.1648,300A536610129000,,
464,WOOD BUFFALO C-03,Central Del-Rio Oils Limited,Central Del-Rio Oils Limited,Abandoned,Exploratory Well,1969,23-May-69,15-Jun-69,4734,Dehcho,"60° 32' 0.0""","114° 30' 59.9""",60.5335,-114.5179,300C036040114301,,
465,WOOD BUFFALO L-42,Central Del-Rio Oils Limited,Central Del-Rio Oils Limited,Abandoned,Exploratory Well,1969,21-Jun-69,06-Jul-69,4733,Dehcho,"60° 31' 39.0""","114° 24' 18.3""",60.5276,-114.4063,300L426040114150,,
466,FLETT N-19,Amoco Canada Petroleum Company Ltd.,Amoco Canada Petroleum Company Ltd.,Abandoned,Exploratory Well,1969,11-Aug-69,17-Nov-69,2520,Dehcho,"60° 38' 48.3""","123° 48' 6.5""",60.6468,-123.8034,300N196040123450,,
467,INUVIK D-54,Amoco Canada Petroleum Company Ltd.,Amoco Canada Petroleum Company Ltd.,Abandoned,Exploratory Well,1969,19-Jul-69,12-Sep-69,4260,Gwich'in,"68° 23' 12.8""","133° 44' 24.8""",68.3868,-133.7428,300D546830133300,,
468,ATTOE LK. I-06,International Nuclear Corporation,International Nuclear Corporation,Abandoned,Exploratory Well,1969,24-Jul-69,16-Dec-69,3792,Gwich'in,"67° 25' 30.0""","133° 15' 10.0""",67.4249,-133.2551,300I066730133150,,
476,CARCAJOU L-24,Triad Oil Company Ltd,Triad Oil Company Ltd,Abandoned,Exploratory Well,1969,10-Dec-69,26-Jan-70,3668,Sahtu,"65° 33' 34.0""","128° 50' 20.0""",65.5595,-128.8408,300L246540128450,,
477,BLACKSTONE E-72,Imperial Oil Enterprises Limited,Imperial Oil Enterprises Limited,Abandoned,Exploratory Well,1969,11-Dec-69,30-Dec-69,3168,Dehcho,"61° 11' 27.0""","122° 14' 54.0""",61.1909,-122.2499,300E726120122000,,
480,FOETUS LAKE P-56,Placid Northern Oils Limited,Placid Northern Oils Limited,Abandoned,Exploratory Well,1969,21-Dec-69,31-Dec-69,3455,Dehcho,"61° 5' 49.3""","118° 39' 37.2""",61.0971,-118.6618,300P566110118300,,
481,JEAN MARIE E-07,Canadian Superior Oil Ltd.,Canadian Superior Oil Ltd.,Abandoned,Exploratory Well,1969,31-Dec-69,18-Jan-70,4182,Dehcho,"61° 16' 20.0""","120° 46' 49.0""",61.2723,-120.7818,300E076120120450,,
482,SIBBESTON G-69,Husky Oil Ltd,Husky Oil Ltd,Abandoned,Exploratory Well,1970,03-Jan-70,28-Jan-70,5357,Dehcho,"61° 58' 28.0""","122° 41' 45.0""",61.9745,-122.6974,300G696200122300,,
483,BOVIE M-05,Imperial Oil Limited,Imperial Oil Limited,Abandoned,Exploratory Well,1970,06-Jan-70,18-Jan-70,59269,Dehcho,"60° 14' 45.8""","122° 46' 39.0""",60.2461,-122.7791,300M056020122450,,
484,CORM L. I-49,Scurry-Rainbow Oil Limited,Scurry-Rainbow Oil Limited,Abandoned,Exploratory Well,1970,09-Jan-70,10-Feb-70,5639,Dehcho,"60° 58' 39.9""","121° 52' 37.9""",60.9779,-121.8787,300I496100121450,,
485,REDKNIFE E-55,Amerada Hess Canada Limited,Amerada Hess Canada Limited,Abandoned,Exploratory Well,1970,12-Jan-70,04-Feb-70,3584,Dehcho,"60° 34' 23.0""","119° 41' 5.5""",60.5731,-119.6864,300E556040119300,,
487,CARLSON LK A-50,Suncor Energy Inc.,Suncor Energy Inc.,Abandoned,Exploratory Well,1970,17-Jan-70,11-Mar-70,,Dehcho,"62° 29' 8.0""","123° 52' 40.0""",62.4856,-123.8794,300A506230123450,,
488,REDKNIFE H-28,Gulf Canada Resources Inc.,Gulf Canada Resources Inc.,Abandoned,Exploratory Well,1970,21-Jan-70,06-Feb-70,4396,Dehcho,"61° 27' 15.7""","119° 33' 51.2""",61.4545,-119.5657,300H286130119300,,
489,JEAN MARIE J-52,Canadian Superior Oil Ltd.,Canadian Superior Oil Ltd.,Abandoned,Exploratory Well,1970,23-Jan-70,06-Feb-70,4460,Dehcho,"61° 31' 30.0""","120° 25' 0.0""",61.5251,-120.4181,300J526140120150,,
490,ISLAND RIVER J-44,Atkinson Petroleums Ltd.,Atkinson Petroleums Ltd.,Abandoned,Exploratory Well,1970,23-Jan-70,25-Feb-70,511-6,Dehcho,"60° 3' 31.0""","120° 23' 10.0""",60.0587,-120.3877,300J446010120150,,
491,WEST CAMERON F-24,Hudson's Bay Oil And Gas Company Limited,Hudson's Bay Oil And Gas Company Limited,Abandoned,Exploratory Well,1970,14-Jan-70,21-Feb-70,70-65,Dehcho,"60° 3' 21.3""","119° 19' 41.6""",60.0560,-119.3297,300F246010119150,,
492,N.W. CELIBETA L-49,Imperial Oil Enterprises Limited,Imperial Oil Enterprises Limited,Abandoned,Exploratory Well,1970,26-Jan-70,05-Feb-70,4612,Dehcho,"60° 28' 35.1""","122° 39' 13.4""",60.4765,-122.6553,300L496030122300,,
493,WILLOWLAKE O-27A,Husky Oil Ltd,Husky Oil Ltd,Abandoned,Exploratory Well,1970,29-Jan-70,22-Feb-70,4363,Dehcho,"62° 16' 48.0""","121° 4' 21.0""",62.2801,-121.0740,302O276220121000,,
494,NORTH CELIBETA D-66,Gobles Oil And Gas Limited,Gobles Oil And Gas Limited,Abandoned,Exploratory Well,1970,30-Jan-70,18-Mar-70,2695,Dehcho,"60° 25' 7.5""","122° 27' 55.0""",60.4188,-122.4669,300D666030122150,,
495,CORMACK N-33,Amoco Canada Petroleum Company Ltd.,Amoco Canada Petroleum Company Ltd.,Abandoned,Exploratory Well,1970,01-Feb-70,14-Mar-70,138,Dehcho,"60° 52' 47.1""","122° 36' 46.3""",60.8799,-122.6144,300N336100122300,,
496,THUNDER R. D-69,"Mobil Oil Canada, Ltd.","Mobil Oil Canada, Ltd.",Abandoned,Exploratory Well,1970,02-Feb-70,17-Feb-70,4444,Gwich'in,"67° 38' 10.0""","130° 12' 40.0""",67.6361,-130.2134,300D696740130000,,
497,MILLS LAKE B-75,Central Del-Rio Oils Limited,Central Del-Rio Oils Limited,Abandoned,Exploratory Well,1970,03-Feb-70,09-Feb-70,4248,Dehcho,"61° 14' 5.0""","117° 28' 41.5""",61.2349,-117.4796,300B756120117150,,
499,SIBBESTON L. G-24,Scurry-Rainbow Oil Limited,Scurry-Rainbow Oil Limited,Abandoned,Exploratory Well,1970,04-Feb-70,09-Mar-70,3279,Dehcho,"61° 33' 23.8""","122° 34' 41.1""",61.5567,-122.5796,300G246140122300,,
501,POPLAR RIVER G-32,Amoco Canada Petroleum Company Ltd.,Amoco Canada Petroleum Company Ltd.,Abandoned,Exploratory Well,1970,05-Feb-70,13-Mar-70,4293,Dehcho,"61° 1' 28.6""","121° 21' 12.4""",61.0247,-121.3549,300G326110121150,,
502,N.W. CELIBETA D-31,Imperial Oil Enterprises Limited,Imperial Oil Enterprises Limited,Abandoned,Exploratory Well,1970,08-Feb-70,19-Feb-70,3780,Dehcho,"60° 20' 5.0""","122° 37' 21.0""",60.3347,-122.6241,300D316030122300,,
503,HUME R. O-62,Triad Oil Company Ltd,Triad Oil Company Ltd,Abandoned,Exploratory Well,1970,09-Feb-70,15-Mar-70,3290,Sahtu,"65° 51' 46.0""","129° 12' 4.0""",65.8628,-129.2031,300O626600129000,,
504,GULL CREEK A-63,Canadian Pacific Oil & Gas Limited,Canadian Pacific Oil & Gas Limited,Abandoned,Exploratory Well,1970,14-Feb-70,28-Feb-70,3517,Dehcho,"60° 42' 1.2""","118° 11' 40.0""",60.7004,-118.1959,300A636050118000,,
505,TROUT RIVER D-14,Gulf Canada Resources Inc.,Gulf Canada Resources Inc.,Abandoned,Exploratory Well,1970,15-Feb-70,02-Mar-70,4188,Dehcho,"61° 33' 10.2""","120° 3' 40.0""",61.5529,-120.0626,300D146140120000,,
507,CORM L. G-15,Scurry-Rainbow Oil Limited,Scurry-Rainbow Oil Limited,Abandoned,Exploratory Well,1970,16-Feb-70,20-Mar-70,3857,Dehcho,"61° 4' 28.0""","122° 2' 33.1""",61.0745,-122.0441,300G156110122000,,
508,PETITOT C-60,Hudson's Bay Oil And Gas Company Limited,Hudson's Bay Oil And Gas Company Limited,Abandoned,Exploratory Well,1970,16-Feb-70,21-Mar-70,2710,Dehcho,"60° 9' 1.7""","121° 25' 36.7""",60.1505,-121.4285,300C606010121150,,
509,GRUMBLER J-13,United Canso Oil & Gas Ltd,United Canso Oil & Gas Ltd,Abandoned,Exploratory Well,1970,23-Feb-70,12-Mar-70,4588,Dehcho,"60° 12' 43.0""","116° 17' 40.0""",60.2121,-116.2959,300J136020116150,,
510,LAFERTE RIVER N-15,Canada-Cities Service Petroleum Corp.,Canada-Cities Service Petroleum Corp.,Abandoned,Exploratory Well,1970,25-Feb-70,03-Mar-70,4059,Dehcho,"61° 44' 56.0""","118° 48' 2.3""",61.7490,-118.8021,300N156150118450,,
511,SIMPSON D-25,Hudson's Bay Oil And Gas Company Limited,Hudson's Bay Oil And Gas Company Limited,Abandoned,Exploratory Well,1970,25-Feb-70,11-Mar-70,4303,Dehcho,"61° 14' 1.0""","121° 50' 24.5""",61.2337,-121.8417,300D256120121450,,
512,LABICHE F-08,Canadian Pacific Oil & Gas Limited,Canadian Pacific Oil & Gas Limited,Abandoned,Exploratory Well,1970,03-Aug-88,02-Sep-88,409,Dehcho,"60° 37' 25.6""","124° 31' 13.2""",60.6238,-124.5219,300F086040124302,,
513,MILLS LAKE C-60,Placid Northern Oils Limited,Placid Northern Oils Limited,Abandoned,Exploratory Well,1970,26-Feb-70,05-Mar-70,3110,Dehcho,"61° 19' 12.5""","118° 10' 41.5""",61.3203,-118.1796,300C606120118000,,
514,WILLOW LAKE H-10,Husky Oil Ltd,Husky Oil Ltd,Abandoned,Exploratory Well,1970,27-Feb-70,27-Mar-70,4410,Dehcho,"62° 49' 16.0""","121° 45' 1.0""",62.8212,-121.7518,300H106250121450,,
515,LITTLE GROWL N-11,Banner Petroleums Limited,Banner Petroleums Limited,Abandoned,Exploratory Well,1970,03-Mar-70,05-Apr-70,39068,Dehcho,"60° 0' 52.5""","121° 48' 2.8""",60.0145,-121.8025,300N116010121450,,
517,KAKISA G-31,Canadian Pacific Oil & Gas Limited,Canadian Pacific Oil & Gas Limited,Abandoned,Exploratory Well,1970,04-Mar-70,19-Mar-70,3509,Dehcho,"60° 40' 20.3""","118° 51' 7.2""",60.6724,-118.8534,300G316050118450,,
518,FOETUS LAKE C-49,Placid Northern Oils Limited,Placid Northern Oils Limited,Abandoned,Exploratory Well,1970,09-Mar-70,20-Mar-70,1283,Dehcho,"61° 8' 12.0""","118° 38' 28.0""",61.1368,-118.6425,300C496110118300,,
522,CELIBETA N-39,Canada Southern Petroleum Ltd.,Canada Southern Petroleum Ltd.,Abandoned,Exploratory Well,1970,15-Mar-70,20-Mar-70,57269,Dehcho,"60° 8' 50.0""","122° 36' 56.0""",60.1472,-122.6172,300N396010122300,,
524,TATHLINA K-24,Canadian Pacific Oil & Gas Limited,Canadian Pacific Oil & Gas Limited,Abandoned,Exploratory Well,1970,23-Mar-70,06-Apr-70,3512,Dehcho,"60° 33' 39.4""","118° 4' 58.3""",60.5610,-118.0843,300K246040118000,,
525,MILLS WEST M-65,Great Plains Development Company Of Canada Ltd.,Great Plains Development Company Of Canada Ltd.,Abandoned,Exploratory Well,1970,24-Mar-70,31-Mar-70,4314,Dehcho,"61° 44' 48.0""","119° 27' 40.0""",61.7468,-119.4626,300M656150119150,,
527,MILLS WEST 2M-65,Great Plains Development Company Of Canada Ltd.,Great Plains Development Company Of Canada Ltd.,Abandoned,Exploratory Well,1970,31-Mar-70,08-Apr-70,4314,Dehcho,"61° 44' 50.0""","119° 27' 40.0""",61.7473,-119.4626,302M656150119150,,
528,ONTADEK LK N-39,"Mobil Oil Canada, Ltd.","Mobil Oil Canada, Ltd.",Abandoned,Exploratory Well,1970,13-Apr-70,30-May-70,3915,Sahtu,"66° 18' 45.3""","128° 21' 38.7""",66.3126,-128.3628,300N396620128150,,
531,COLVILLE E-15,"Mobil Oil Canada, Ltd.","Mobil Oil Canada, Ltd.",Abandoned,Exploratory Well,1970,18-Apr-70,18-Oct-70,5105,Sahtu,"67° 14' 18.2""","126° 18' 25.6""",67.2385,-126.3092,300E156720126150,,
543,MAIDA CK F-57,"McDermott, J Ray","McDermott, J Ray",Abandoned,Exploratory Well,1970,10-Jul-70,12-Aug-70,4382,Sahtu,"65° 36' 17.0""","128° 10' 36.0""",65.6048,-128.1786,300F576540128000,,
547,SLATER RIVER A-37,"Mobil Oil Canada, Ltd.","Mobil Oil Canada, Ltd.",Abandoned,Exploratory Well,1970,09-Aug-70,23-Aug-70,3720,Sahtu,"64° 56' 5.0""","126° 5' 42.0""",64.9348,-126.0968,300A376500126000,,
549,OSCAR CREEK H-71,Banff Oil Ltd,Banff Oil Ltd,Abandoned,Exploratory Well,1970,22-Aug-70,06-Sep-70,4280,Sahtu,"65° 30' 20.0""","127° 13' 26.0""",65.5056,-127.2258,300H716540127000,,
550,S. MAIDA CREEK G-56,"McDermott, J Ray","McDermott, J Ray",Abandoned,Exploratory Well,1970,25-Aug-70,09-Sep-70,4382,Sahtu,"65° 35' 26.0""","128° 10' 17.0""",65.5906,-128.1733,300G566540128000,,
553,OSCAR CREEK J-48,Banff Oil Ltd,Banff Oil Ltd,Abandoned,Exploratory Well,1970,13-Sep-70,22-Sep-70,4282,Sahtu,"65° 27' 35.1""","127° 8' 23.5""",65.4598,-127.1418,300J486530127000,,
557,RAT PASS K-35,Banff Oil Ltd,Banff Oil Ltd,Abandoned,Exploratory Well,1970,21-Oct-70,13-Dec-70,4649,Gwich'in,"67° 54' 42.5""","135° 21' 56.8""",67.9117,-135.3683,300K356800135150,,
559,TREE RIVER F-57,Shell Canada Resources Limited,Shell Canada Resources Limited,Abandoned,Exploratory Well,1970,10-Nov-70,12-Dec-70,6492,Gwich'in,"67° 6' 27.2""","132° 25' 40.4""",67.1075,-132.4302,300F576710132150,,
564,KEELE RIVER I-01,Western Decalta Petroleum Ltd.,Western Decalta Petroleum Ltd.,Abandoned,Exploratory Well,1970,03-Dec-70,09-Jan-71,5424,Sahtu,"64° 20' 40.1""","125° 0' 7.3""",64.3446,-125.0038,300I016430125000,,
568,RABBIT LAKE H-01,Horn River Resources Ltd.,Horn River Resources Ltd.,Abandoned,Exploratory Well,1970,11-Dec-70,22-Dec-70,4385,Dehcho,"61° 0' 25.0""","118° 45' 13.0""",61.0071,-118.7550,300H016110118450,,
569,HUME RIVER L-09,"Mobil Oil Canada, Ltd.","Mobil Oil Canada, Ltd.",Abandoned,Exploratory Well,1970,16-Dec-70,09-Apr-71,4424,Sahtu,"65° 28' 31.0""","129° 31' 32.0""",65.4753,-129.5275,300L096530129300,,
570,ST. CHARLES CREEK H-61,Standard Oil Company Of British Columbia Ltd.,Standard Oil Company Of British Columbia Ltd.,Abandoned,Exploratory Well,1970,17-Dec-70,14-Jan-71,4982,Sahtu,"64° 50' 24.0""","123° 56' 28.0""",64.8401,-123.9428,300H616500123450,,
572,DAHADINNI M-43,Candex Development Limited,Candex Development Limited,Abandoned,Exploratory Well,1971,01-Jan-71,13-Jan-71,3251,Sahtu,"63° 52' 59.3""","124° 39' 15.7""",63.8832,-124.6561,300M436400124300,,
573,TREELESS CREEK I-51,Banff Oil Ltd,Banff Oil Ltd,Abandoned,Exploratory Well,1970,18-Dec-70,28-Jan-71,4649,Gwich'in,"67° 50' 42.0""","135° 24' 28.0""",67.8449,-135.4103,300I516800135150,,
575,ARCTIC RED RIVER O-27,Shell Canada Resources Limited,Shell Canada Resources Limited,Abandoned,Exploratory Well,1970,26-Dec-70,23-Jan-71,6478,Gwich'in,"66° 46' 56.0""","132° 49' 35.9""",66.7821,-132.8289,300O276650132450,,
576,ISLAND RIVER G-42,Atkinson Petroleums Ltd.,Atkinson Petroleums Ltd.,Abandoned,Exploratory Well,1970,30-Dec-70,20-Jan-71,35068,Dehcho,"60° 11' 20.0""","121° 8' 5.0""",60.1889,-121.1364,300G426020121000,,
577,DEEP BAY B-01,Horn River Resources Ltd.,Horn River Resources Ltd.,Abandoned,Exploratory Well,1971,03-Jan-71,11-Jan-71,4490,Dehcho,"61° 20' 6.0""","117° 0' 43.0""",61.3351,-117.0133,300B016130117000,,
578,ANTOINE M-34,Horn River Resources Ltd.,Horn River Resources Ltd.,Abandoned,Exploratory Well,1971,03-Jan-71,24-Jan-71,4400,Dehcho,"61° 43' 54.0""","122° 7' 9.0""",61.7318,-122.1207,300M346150122000,,
579,ARROWHEAD LAKE C-65,Horn River Resources Ltd.,Horn River Resources Ltd.,Abandoned,Exploratory Well,1970,31-Dec-70,04-Jan-71,136,Dehcho,"60° 54' 13.0""","122° 27' 21.0""",60.9037,-122.4573,300C656100122150,,
580,ARROWHEAD LAKE 2C-65,Horn River Resources Ltd.,Horn River Resources Ltd.,Abandoned,Exploratory Well,1971,04-Jan-71,30-Jan-71,136,Dehcho,"60° 54' 13.0""","122° 27' 21.0""",60.9037,-122.4573,302C656100122150,,
581,TRAINOR LAKE F-48,Atkinson Petroleums Ltd.,Atkinson Petroleums Ltd.,Abandoned,Exploratory Well,1971,05-Jan-71,03-Feb-71,49069,Dehcho,"60° 27' 16.9""","120° 23' 38.7""",60.4548,-120.3956,300F486030120150,,
582,WILLOW LAKE J-66,Canadian Fina Oil Limited,Canadian Fina Oil Limited,Abandoned,Exploratory Well,1971,06-Jan-71,26-Jan-71,4355,Dehcho,"61° 55' 43.0""","121° 56' 53.0""",61.9287,-121.9496,300J666200121450,,
583,NORTH CELIBETA K-01,Gobles Oil And Gas Limited,Gobles Oil And Gas Limited,Abandoned,Exploratory Well,1971,06-Jan-71,15-Feb-71,2695,Dehcho,"60° 20' 34.0""","122° 16' 4.0""",60.3428,-122.2695,300K016030122150,,
587,BIG ISLAND O-78,Horn River Resources Ltd.,Horn River Resources Ltd.,Abandoned,Exploratory Well,1971,13-Jan-71,23-Jan-71,4507,Dehcho,"61° 7' 47.0""","116° 28' 38.0""",61.1299,-116.4786,300O786110116150,,
588,CLI LAKE M-05,Horn River Resources Ltd.,Horn River Resources Ltd.,Abandoned,Exploratory Well,1971,13-Jan-71,13-Feb-71,5367,Dehcho,"61° 54' 58.0""","123° 1' 47.0""",61.9162,-123.0313,300M056200123000,,
589,MANUEL LAKE J-42,"Mobil Oil Canada, Ltd.","Mobil Oil Canada, Ltd.",Abandoned,Exploratory Well,1971,13-Jan-71,07-Mar-71,4094,Sahtu,"67° 11' 40.0""","129° 23' 15.0""",67.1945,-129.3897,300J426720129150,,
590,MINK LAKE I-38,Horn River Resources Ltd.,Horn River Resources Ltd.,Abandoned,Exploratory Well,1971,25-Jan-71,08-Feb-71,4157,Dehcho,"61° 37' 31.0""","117° 35' 51.0""",61.6254,-117.5989,300I386140117300,,
591,FORT SIMPSON M-70,"Mobil Oil Canada, Ltd.","Mobil Oil Canada, Ltd.",Abandoned,Exploratory Well,1971,28-Jan-71,27-Feb-71,5535,Dehcho,"61° 59' 57.5""","122° 27' 58.9""",61.9994,-122.4679,300M706200122150,,
592,TENLEN A-73,Central Del-Rio Oils Limited,Central Del-Rio Oils Limited,Abandoned,Exploratory Well,1971,01-Feb-71,23-Jun-71,4879,Gwich'in,"67° 52' 7.5""","130° 43' 21.6""",67.8688,-130.7251,300A736800130300,,
593,WILLOW LAKE L-59,Canadian Fina Oil Limited,Canadian Fina Oil Limited,Abandoned,Exploratory Well,1971,02-Feb-71,26-Feb-71,4376,Dehcho,"62° 8' 40.0""","121° 56' 0.0""",62.1445,-121.9349,300L596210121450,,
595,KELLER LAKE P-14,Canadian Reserve Oil And Gas Ltd.,Canadian Reserve Oil And Gas Ltd.,Abandoned,Exploratory Well,1971,03-Feb-71,17-Feb-71,4931,Sahtu,"64° 13' 53.0""","122° 32' 0.0""",64.2315,-122.5350,300P146420122300,,
597,EAST MACKAY B-45,Candel Oil Ltd.,Candel Oil Ltd.,Abandoned,Exploratory Well,1971,14-Nov-88,14-Nov-88,5525,Sahtu,"64° 44' 9.0""","125° 38' 18.0""",64.7359,-125.6401,300B456450125301,,
598,TREE RIVER EAST H-57,Shell Canada Resources Limited,Shell Canada Resources Limited,Abandoned,Exploratory Well,1971,08-Feb-71,17-Mar-71,6492,Gwich'in,"67° 6' 27.2""","132° 24' 40.2""",67.1075,-132.4134,300H576710132150,,
599,LEVIS D-76,Horn River Resources Ltd.,Horn River Resources Ltd.,Abandoned,Exploratory Well,1971,10-Feb-71,19-Feb-71,4652,Dehcho,"62° 25' 6.0""","118° 29' 34.0""",62.4185,-118.4942,300D766230118150,,
600,BLACKWATER LAKE I-54,Buttes Resources Canada Ltd,Buttes Resources Canada Ltd,Abandoned,Exploratory Well,1971,10-Feb-71,24-Feb-71,3443,Sahtu,"64° 33' 43.9""","122° 39' 40.9""",64.5623,-122.6630,300I546440122300,,
602,BERRY ISLAND A-42,Horn River Resources Ltd.,Horn River Resources Ltd.,Abandoned,Exploratory Well,1971,17-Feb-71,12-Mar-71,5371,Dehcho,"62° 21' 4.0""","123° 7' 43.0""",62.3512,-123.1302,300A426230123000,,
604,SIMPSON O-24,Hudson's Bay Oil And Gas Company Limited,Hudson's Bay Oil And Gas Company Limited,Abandoned,Exploratory Well,1971,02-Feb-71,13-Feb-71,4302,Dehcho,"61° 13' 54.4""","121° 34' 38.3""",61.2319,-121.5788,300O246120121300,,
605,SIMPSON 2 O-24,Hudson's Bay Oil And Gas Company Limited,Hudson's Bay Oil And Gas Company Limited,Abandoned,Exploratory Well,1971,16-Feb-71,06-Mar-71,,Dehcho,"61° 13' 52.5""","121° 34' 38.4""",61.2314,-121.5788,302O246120121300,,
607,TROUT D-66,Horn River Resources Ltd.,Horn River Resources Ltd.,Abandoned,Exploratory Well,1971,18-Jun-89,20-Jun-89,4187,Dehcho,"61° 35' 9.8""","119° 58' 6.9""",61.5862,-119.9700,300D666140119451,,
608,TROUT LAKE M-51,Atkinson Petroleums Ltd.,Atkinson Petroleums Ltd.,Abandoned,Exploratory Well,1971,21-Feb-71,19-Mar-71,45568,Dehcho,"60° 20' 57.0""","121° 10' 47.5""",60.3492,-121.1814,300M516030121000,,
609,KELLER LK O-13,Canadian Reserve Oil And Gas Ltd.,Canadian Reserve Oil And Gas Ltd.,Abandoned,Exploratory Well,1971,23-Feb-71,20-Mar-71,4930,Dehcho,"64° 12' 53.0""","122° 17' 25.0""",64.2149,-122.2919,300O136420122150,,
610,CAMERON N-24,Hudson's Bay Oil And Gas Company Limited,Hudson's Bay Oil And Gas Company Limited,Abandoned,Exploratory Well,1971,24-Feb-71,17-Mar-71,3215,Dehcho,"60° 3' 52.0""","117° 19' 55.9""",60.0645,-117.3336,300N246010117150,,
611,N CAMERON HILLS M-05,Suncor Energy Inc.,Suncor Energy Inc.,Abandoned,Exploratory Well,1971,26-Feb-71,21-Mar-71,,Dehcho,"60° 14' 57.5""","118° 16' 47.0""",60.2494,-118.2812,300M056020118150,,
612,S. CELIBETA J-13,Unocal Canada Limited,Unocal Canada Limited,Abandoned,Exploratory Well,1971,27-Feb-71,19-Mar-71,55669,Dehcho,"60° 2' 44.0""","122° 17' 29.0""",60.0455,-122.2931,300J136010122150,,
613,EBBUTT J-05,Horn River Resources Ltd.,Horn River Resources Ltd.,Abandoned,Exploratory Well,1971,02-Mar-71,19-Mar-71,4405,Dehcho,"62° 24' 37.0""","122° 15' 56.0""",62.4104,-122.2671,300J056230122150,,
614,DEEP BAY TEST NO.2,Punch Petroleums Ltd.,Punch Petroleums Ltd.,Abandoned,Test Hole,1952,16-Mar-52,27-Apr-52,,Dehcho,"61° 21' 0.0""","116° 56' 0.0""",61.3501,-116.9347,300D526130116450,,
615,WILLOWLAKE R. I-71,Horn River Resources Ltd.,Horn River Resources Ltd.,Abandoned,Exploratory Well,1971,05-Mar-71,19-Mar-71,4409,Dehcho,"62° 40' 44.0""","121° 43' 18.0""",62.6790,-121.7232,300I716250121300,,
616,BLACKWATER LAKE 2I-54,Buttes Resources Canada Ltd,Buttes Resources Canada Ltd,Abandoned,Exploratory Well,1971,07-Mar-71,03-Apr-71,3443,Sahtu,"64° 33' 43.9""","122° 39' 40.2""",64.5623,-122.6628,302I546440122300,,
617,DEEP LAKE H-45,Horn River Resources Ltd.,Horn River Resources Ltd.,Abandoned,Exploratory Well,1971,09-Mar-71,21-Mar-71,4182,Dehcho,"61° 14' 17.0""","120° 52' 39.0""",61.2381,-120.8790,300H456120120450,,
619,GREEN I. O-24,Horn River Resources Ltd.,Horn River Resources Ltd.,Abandoned,Exploratory Well,1971,10-Mar-71,22-Mar-71,4465,Dehcho,"61° 53' 46.0""","120° 19' 37.0""",61.8962,-120.3284,300O246200120150,,
621,POLICE ISLAND L-66,Candel Oil Ltd.,Candel Oil Ltd.,Abandoned,Exploratory Well,1971,12-Mar-71,05-Apr-71,6186,Sahtu,"64° 45' 38.0""","125° 12' 57.0""",64.7607,-125.2176,300L666450125000,,
623,IROQUOIS D-40,"Mobil Oil Canada, Ltd.","Mobil Oil Canada, Ltd.",Abandoned,Exploratory Well,1971,14-Mar-71,13-May-71,4108,Sahtu,"67° 29' 8.0""","129° 52' 20.0""",67.4856,-129.8745,300D406730129450,,
624,WILLOWLAKE G-47,Horn River Resources Ltd.,Horn River Resources Ltd.,Abandoned,Exploratory Well,1971,15-Mar-71,07-Apr-71,4419,Dehcho,"62° 36' 23.0""","122° 53' 12.0""",62.6065,-122.8882,300G476240122450,,
626,RABBITSKIN I-08,Horn River Resources Ltd.,Horn River Resources Ltd.,Abandoned,Exploratory Well,1971,23-Mar-71,31-Mar-71,4186,Dehcho,"61° 37' 32.0""","119° 30' 17.0""",61.6257,-119.5061,300I086140119300,,
627,KELLER LAKE F-49,Canadian Reserve Oil And Gas Ltd.,Canadian Reserve Oil And Gas Ltd.,Abandoned,Exploratory Well,1971,25-Mar-71,01-Apr-71,4923,Dehcho,"63° 58' 20.0""","121° 53' 30.0""",63.9724,-121.8933,300F496400121450,,
628,KAKISA N-73,Horn River Resources Ltd.,Horn River Resources Ltd.,Abandoned,Exploratory Well,1971,28-Mar-71,07-Apr-71,4553,Dehcho,"61° 2' 58.0""","118° 14' 25.0""",61.0496,-118.2417,300N736110118000,,
629,ARCTIC RED WEST G-55,Shell Canada Resources Limited,Shell Canada Resources Limited,Abandoned,Exploratory Well,1971,31-Mar-71,22-May-71,6479,Gwich'in,"66° 44' 28.1""","133° 9' 58.2""",66.7410,-133.1684,300G556650133000,,
658,GREAT BEAR RIVER N-30,Standard Oil Company Of British Columbia Ltd.,Standard Oil Company Of British Columbia Ltd.,Abandoned,Exploratory Well,1971,22-Nov-71,11-Dec-71,4983,Sahtu,"64° 59' 45.0""","124° 4' 51.0""",64.9959,-124.0826,300N306500124000,,
659,DAHADINNI D-65,Western Decalta Petroleum Ltd.,Western Decalta Petroleum Ltd.,Abandoned,Exploratory Well,1971,27-Nov-71,24-Jan-72,5361,Dehcho,"63° 54' 12.0""","124° 27' 55.0""",63.9034,-124.4670,300D656400124150,,
661,DODO CANYON K-03,Aquitaine Company Of Canada Ltd,Aquitaine Company Of Canada Ltd,Abandoned,Exploratory Well,1971,29-Nov-71,20-Jan-72,4943,Sahtu,"65° 2' 33.4""","126° 46' 14.0""",65.0427,-126.7724,300K036510126450,,
662,TATE J-65,Candel Oil Ltd.,Candel Oil Ltd.,Abandoned,Exploratory Well,1971,30-Nov-71,08-Feb-72,5523,Sahtu,"64° 24' 39.0""","125° 26' 48.0""",64.4109,-125.4484,300J656430125150,,
663,MOUNTAIN RIVER H-47,Suncor Energy Inc.,Suncor Energy Inc.,Abandoned,Exploratory Well,1971,03-Dec-71,13-Jan-72,,Sahtu,"65° 46' 23.0""","129° 7' 50.0""",65.7731,-129.1326,300H476550129000,,
664,WRIGLEY I-54,Western Decalta Petroleum Ltd.,Western Decalta Petroleum Ltd.,Abandoned,Exploratory Well,1971,06-Dec-71,05-Feb-72,5516,Dehcho,"63° 13' 33.0""","123° 54' 32.0""",63.2259,-123.9106,300I546320123450,,
678,MCPHERSON B-25,Unocal Canada Limited,Unocal Canada Limited,Abandoned,Exploratory Well,1972,06-Dec-72,12-Mar-73,6239,Gwich'in,"67° 14' 0.8""","135° 34' 22.4""",67.2334,-135.5753,300B256720135301,,
681,RED DOG K-29,Amoco Canada Petroleum Company Ltd.,Amoco Canada Petroleum Company Ltd.,Abandoned,Exploratory Well,1972,11-Jan-72,28-Mar-72,3424,Sahtu,"64° 8' 43.0""","125° 34' 55.0""",64.1454,-125.5837,300K296410125300,,
682,SAINVILLE RIVER K-63,Shell Canada Resources Limited,Shell Canada Resources Limited,Abandoned,Exploratory Well,1972,12-Jan-72,23-Jan-72,6475,Gwich'in,"66° 22' 36.9""","133° 12' 15.5""",66.3768,-133.2065,300K636630133000,,
683,DAHADINNI I-70,Imperial Oil Limited,Imperial Oil Limited,Abandoned,Exploratory Well,1972,29-Jan-73,02-Mar-73,4379,Dehcho,"63° 19' 41.0""","124° 56' 35.0""",63.3281,-124.9448,300I706320124451,,
687,HUME RIVER D-53,Suncor Energy Inc.,Suncor Energy Inc.,Abandoned,Exploratory Well,1972,20-Jan-72,11-Feb-72,,Sahtu,"65° 52' 3.0""","129° 11' 0.0""",65.8675,-129.1853,300D536600129000,,
689,A-1 CRANSWICK A-22,Amoco Canada Petroleum Company Ltd.,Amoco Canada Petroleum Company Ltd.,Abandoned,Exploratory Well,1972,25-Jan-72,28-Mar-72,6195,Gwich'in,"65° 31' 1.0""","131° 48' 55.0""",65.5169,-131.8174,300A226540131450,,
691,BELOT HILLS M-63,"Mobil Oil Canada, Ltd.","Mobil Oil Canada, Ltd.",Abandoned,Exploratory Well,1972,31-Jan-72,08-Apr-72,5099,Sahtu,"67° 2' 45.0""","126° 27' 45.0""",67.0459,-126.4646,300M636710126150,,
692,LOST HILL LAKE F-62,Suncor Energy Inc.,Suncor Energy Inc.,Abandoned,Exploratory Well,1972,02-Feb-72,07-Mar-72,,Sahtu,"65° 41' 23.0""","123° 12' 30.0""",65.6899,-123.2101,300F626550123000,,
694,CARCAJOU K-68,Amoco Canada Petroleum Company Ltd.,Amoco Canada Petroleum Company Ltd.,Abandoned,Exploratory Well,1972,09-Feb-72,17-Mar-72,4382,Sahtu,"65° 37' 42.0""","128° 12' 23.0""",65.6284,-128.2083,300K686540128000,,
695,KEELE S. A-28,Western Decalta Petroleum Ltd.,Western Decalta Petroleum Ltd.,Abandoned,Exploratory Well,1972,09-Feb-72,20-May-72,5418,Sahtu,"64° 7' 3.0""","125° 4' 10.0""",64.1176,-125.0712,300A286410125000,,
696,POINTED MOUNTAIN (C-1) P-24,Apache Canada Ltd.,Paramount Resources Ltd.,Abandoned,Service Well,1972,22-Feb-16,06-Mar-16,,Dehcho,"60° 23' 53.7""","123° 48' 57.0""",60.3983,-123.8173,300P246030123450,,
698,STEWART B-30,Candel Oil Ltd.,Candel Oil Ltd.,Abandoned,Exploratory Well,1972,15-Feb-72,09-Apr-72,5422,Sahtu,"64° 19' 12.0""","125° 19' 20.0""",64.3201,-125.3240,300B306420125150,,
699,TRAINOR LK B-24,Petrofina Canada Ltd,Petrofina Canada Ltd,Abandoned,Exploratory Well,1972,19-Feb-72,25-Mar-72,3466,Dehcho,"60° 3' 14.0""","119° 49' 31.5""",60.0539,-119.8269,300B246010119450,,
700,ISLAND R. I-63,Atkinson Petroleums Ltd.,Atkinson Petroleums Ltd.,Abandoned,Exploratory Well,1972,21-Feb-72,21-Mar-72,33068,Dehcho,"60° 32' 41.0""","120° 56' 20.0""",60.5448,-120.9404,300I636040120450,,
703,WILLOW A-39,Hudson's Bay Oil And Gas Company Limited,Hudson's Bay Oil And Gas Company Limited,Abandoned,Exploratory Well,1972,25-Jan-73,11-Feb-73,4421,Dehcho,"62° 48' 5.0""","122° 50' 53.0""",62.8015,-122.8496,300A396250122451,,
704,BLACKWATER E-11,Unocal Canada Limited,Unocal Canada Limited,Abandoned,Exploratory Well,1972,22-Feb-72,04-Apr-72,4898,Dehcho,"63° 40' 20.0""","123° 3' 30.0""",63.6723,-123.0600,300E116350123000,,
708,GRANDVIEW L-26,Candel Oil Ltd.,Candel Oil Ltd.,Abandoned,Exploratory Well,1972,09-Mar-72,11-May-72,6471,Sahtu,"66° 35' 32.0""","130° 20' 21.0""",66.5922,-130.3413,300L266640130150,,
709,WEST WHITEFISH RIVER H-34,Suncor Energy Inc.,Suncor Energy Inc.,Abandoned,Exploratory Well,1972,14-Mar-72,13-Apr-72,,Sahtu,"65° 33' 24.0""","124° 35' 45.0""",65.5568,-124.5976,300H346540124300,,
711,MOUNTAIN R. A-23,Candel Oil Ltd.,Candel Oil Ltd.,Abandoned,Exploratory Well,1972,25-Mar-72,26-Apr-72,3291,Sahtu,"65° 42' 14.0""","129° 19' 12.0""",65.7039,-129.3220,300A236550129150,,
717,FT. MCPHERSON C-78,Skelly Oil of Canada Ltd,Skelly Oil of Canada Ltd,Abandoned,Exploratory Well,1972,09-Apr-72,17-Jul-72,6247,Gwich'in,"67° 37' 4.0""","134° 14' 20.0""",67.6177,-134.2413,300C786740134000,,
721,FT. NORMAN K-14,Candel Oil Ltd.,Candel Oil Ltd.,Abandoned,Exploratory Well,1972,16-Apr-72,27-Apr-72,6188,Sahtu,"64° 53' 42.0""","125° 18' 8.0""",64.8951,-125.3040,300K146500125150,,
724,LITTLE BEAR I-70,Candex Development Limited,Candex Development Limited,Abandoned,Exploratory Well,1972,25-Apr-72,15-May-72,3413,Sahtu,"64° 39' 44.3""","125° 56' 35.1""",64.6624,-125.9449,300I706440125450,,
725,IROQUOIS I-11,Candel Oil Ltd.,Candel Oil Ltd.,Abandoned,Exploratory Well,1972,25-Apr-72,02-Jun-72,4119,Sahtu,"67° 40' 40.0""","129° 32' 5.0""",67.6778,-129.5370,300I116750129300,,
740,POINTED MOUNTAIN (B-2) F-38,Apache Canada Ltd.,Paramount Resources Ltd.,Abandoned,Delineation Well,1972,13-Aug-92,20-Aug-92,,Dehcho,"60° 27' 19.2""","123° 51' 55.0""",60.4554,-123.8668,300F386030123451,,
743,ONTARATUE I-38,Western Decalta Petroleum Ltd.,Western Decalta Petroleum Ltd.,Abandoned,Exploratory Well,1972,09-Sep-72,06-Nov-72,4814,Sahtu,"66° 17' 40.0""","131° 51' 0.0""",66.2944,-131.8522,300I386620131450,,
763,STONY G-06,Dome Petroleum Limited,Dome Petroleum Limited,Abandoned,Exploratory Well,1972,13-Dec-72,17-Feb-73,4206,Gwich'in,"67° 35' 28.0""","135° 15' 50.0""",67.5910,-135.2663,300G066740135150,,
768,OLD FORT POINT E-30,Aquitaine Company Of Canada Ltd,Aquitaine Company Of Canada Ltd,Abandoned,Exploratory Well,1972,20-Dec-72,07-Jan-73,,Sahtu,"64° 49' 26.0""","124° 50' 16.0""",64.8240,-124.8395,300E306450124450,,
769,SOUTH DELTA J-80,Bluemont Resources Ltd.,Bluemont Resources Ltd.,Abandoned,Exploratory Well,1972,21-Dec-72,23-Feb-73,3808,Gwich'in,"67° 39' 40.4""","134° 43' 38.4""",67.6611,-134.7298,300J806740134300,,
771,ARCTIC RED F-47,Candel Oil Ltd.,Candel Oil Ltd.,Abandoned,Exploratory Well,1972,23-Dec-72,07-Mar-73,25767,Sahtu,"65° 36' 25.0""","130° 53' 53.0""",65.6069,-130.9001,300F476540130450,,
777,AKLAVIK F-17,Unocal Canada Limited,Unocal Canada Limited,Abandoned,Exploratory Well,1973,06-Jan-73,08-Feb-73,3880,Gwich'in,"68° 6' 20.0""","135° 4' 0.0""",68.1054,-135.0692,300F176810135000,,
778,REDSTONE P-78,Western Decalta Petroleum Ltd.,Western Decalta Petroleum Ltd.,Abandoned,Exploratory Well,1973,07-Jan-73,13-Feb-73,5520,Sahtu,"64° 7' 57.0""","124° 28' 15.0""",64.1326,-124.4726,300P786410124150,,
781,WOOD BUFFALO 2C-03,Central Del-Rio Oils Limited,Central Del-Rio Oils Limited,Abandoned,Exploratory Well,1969,23-May-69,15-Jun-69,4734,Dehcho,"60° 32' 0.0""","114° 30' 59.9""",60.5335,-114.5179,302C036040114300,,
782,BRACKETT L C-21,Aquitaine Company Of Canada Ltd,Aquitaine Company Of Canada Ltd,Abandoned,Exploratory Well,1973,16-Jan-73,01-Mar-73,5442,Sahtu,"65° 10' 2.0""","125° 5' 8.0""",65.1673,-125.0873,300C216520125000,,
786,S. ISLAND R. M-52,Hudson's Bay Oil And Gas Company Limited,Hudson's Bay Oil And Gas Company Limited,Abandoned,Delineation Well,1973,21-Jan-73,28-Feb-73,83670,Dehcho,"60° 1' 51.0""","121° 11' 5.0""",60.0308,-121.1864,300M526010121000,,
787,N. RAMPARTS A-59,Candel Oil Ltd.,Candel Oil Ltd.,Abandoned,Exploratory Well,1973,22-Jan-73,11-Jun-73,4430,Sahtu,"65° 28' 4.0""","130° 39' 47.0""",65.4678,-130.6651,300A596530130300,,
790,TATHLINA N-18,Suncor Energy Inc.,Suncor Energy Inc.,Abandoned,Exploratory Well,1973,21-Aug-22,31-Aug-22,,Dehcho,"60° 17' 46.0""","118° 3' 0.0""",60.2969,-118.0523,300N186020118000,,
792,HIGHLAND L K-42,Aquitaine Company Of Canada Ltd,Aquitaine Company Of Canada Ltd,Abandoned,Exploratory Well,1973,03-Feb-73,01-Mar-73,4413,Dehcho,"62° 31' 39.9""","122° 23' 36.2""",62.5278,-122.3949,300K426240122150,,
793,NAHANNI BUTTE L-20,Mesa Petroleum (Northern) Ltd.,Mesa Petroleum (Northern) Ltd.,Abandoned,Exploratory Well,1973,04-Feb-73,21-Mar-73,5044,Dehcho,"60° 59' 42.0""","123° 33' 30.0""",60.9951,-123.5599,300L206100123300,,
795,TROUT LAKE H-57,Atkinson Petroleums Ltd.,Atkinson Petroleums Ltd.,Abandoned,Exploratory Well,1973,15-Feb-73,27-Mar-73,21267,Dehcho,"60° 26' 21.0""","121° 24' 46.0""",60.4392,-121.4143,300H576030121150,,
796,EAST FLETT H-13,Amoco Canada Petroleum Company Ltd.,Amoco Canada Petroleum Company Ltd.,Abandoned,Exploratory Well,1973,16-Feb-73,24-Feb-73,6275,Dehcho,"60° 32' 27.5""","123° 17' 15.0""",60.5410,-123.2890,300H136040123150,,
798,ALEXANDRA O-54,Suncor Energy Inc.,Suncor Energy Inc.,Abandoned,Exploratory Well,1973,22-Feb-73,10-Mar-73,,Dehcho,"60° 23' 48.0""","117° 55' 10.0""",60.3968,-117.9209,300O546030117450,,
801,FISH LAKE G-60,Hudson's Bay Oil And Gas Company Limited,Hudson's Bay Oil And Gas Company Limited,Abandoned,Exploratory Well,1973,25-Feb-73,05-Apr-73,4680,Dehcho,"63° 9' 29.8""","122° 54' 59.8""",63.1584,-122.9182,300G606310122450,,
804,HIGHLAND L I-23,Aquitaine Company Of Canada Ltd,Aquitaine Company Of Canada Ltd,Abandoned,Exploratory Well,1973,04-Mar-73,17-Mar-73,4413,Dehcho,"62° 32' 44.7""","122° 19' 8.0""",62.5458,-122.3204,300I236240122150,,
805,JACKFISH N-69,Canada-Cities Service Ltd,Canada-Cities Service Ltd,Abandoned,Exploratory Well,1973,04-Mar-73,19-Mar-73,4369,Dehcho,"62° 28' 47.0""","121° 27' 32.0""",62.4798,-121.4604,300N696230121150,,
807,WELDON CREEK O-65,Inexco Oil Company,Inexco Oil Company,Abandoned,Exploratory Well,1973,05-Mar-73,12-Apr-73,3404,Gwich'in,"66° 4' 45.0""","132° 27' 1.0""",66.0791,-132.4525,300O656610132150,,
808,BLUEFISH K-71,Canada-Cities Service Ltd,Canada-Cities Service Ltd,Abandoned,Exploratory Well,1973,06-Mar-73,31-Mar-73,3719,Sahtu,"64° 50' 30.1""","125° 59' 30.8""",64.8418,-125.9937,300K716500125450,,
809,JOHNSON A-12,Western Decalta Petroleum Ltd.,Western Decalta Petroleum Ltd.,Abandoned,Exploratory Well,1973,09-Mar-73,11-Apr-73,5518,Dehcho,"63° 31' 2.0""","124° 2' 15.0""",63.5173,-124.0392,300A126340124000,,
815,S. RAMPARTS I-77,Candel Oil Ltd.,Candel Oil Ltd.,Abandoned,Exploratory Well,1973,14-Mar-73,14-Apr-73,4431,Gwich'in,"65° 26' 32.0""","130° 58' 18.0""",65.4422,-130.9737,300I776530130450,,
816,HANNA RIV. J-05,Mesa Petroleum (Northern) Ltd.,Mesa Petroleum (Northern) Ltd.,Abandoned,Exploratory Well,1973,17-Mar-73,04-Apr-73,3477,Sahtu,"65° 44' 30.0""","128° 15' 30.0""",65.7417,-128.2603,300J056550128150,,
817,AKLAVIK F-38,Unocal Canada Limited,Unocal Canada Limited,Abandoned,Exploratory Well,1973,17-Mar-73,11-Jun-73,3880,Gwich'in,"68° 7' 15.0""","135° 9' 11.0""",68.1207,-135.1556,300F386810135000,,
824,LAC MAUNOIR D-45,Unocal Canada Limited,Unocal Canada Limited,Abandoned,Exploratory Well,1973,29-Mar-73,07-May-73,5499,Sahtu,"67° 14' 8.6""","125° 9' 20.9""",67.2359,-125.1578,300D456720125000,,
826,SOUTH PEEL D-64,Dome Petroleum Limited,Dome Petroleum Limited,Abandoned,Exploratory Well,1973,22-Dec-73,15-Mar-74,3568,Gwich'in,"65° 53' 4.0""","132° 27' 50.0""",65.8844,-132.4661,300D646600132151,,
864,KEELE N-62,Western Decalta Petroleum Ltd.,Western Decalta Petroleum Ltd.,Abandoned,Exploratory Well,1973,20-Sep-73,21-Oct-73,5423,Sahtu,"64° 21' 48.0""","124° 57' 12.0""",64.3634,-124.9551,300N626430124450,,
895,SAINVILLE RIVER D-08,Suncor Energy Inc.,Suncor Energy Inc.,Abandoned,Exploratory Well,1974,09-Jan-74,06-Mar-74,,Gwich'in,"66° 17' 7.0""","133° 31' 39.0""",66.2851,-133.5297,300D086620133300,,
896,E. MAUNOIR M-48,Unocal Canada Limited,Unocal Canada Limited,Abandoned,Exploratory Well,1974,21-Jan-74,18-Mar-74,6601,Sahtu,"66° 57' 54.0""","124° 24' 0.0""",66.9652,-124.4020,300M486700124150,,
897,N. TATHLINA I-72,Suncor Energy Inc.,Suncor Energy Inc.,Abandoned,Exploratory Well,1974,26-Jan-74,09-Feb-74,,Dehcho,"60° 21' 30.5""","118° 13' 17.0""",60.3586,-118.2228,300I726030118000,,
898,ALEXANDRA FALLS G-36,Miami Oil Producers Inc.,Miami Oil Producers Inc.,Abandoned,Exploratory Well,1974,28-Jan-74,16-Feb-74,625,Dehcho,"60° 15' 26.0""","116° 36' 30.0""",60.2573,-116.6097,300G366020116300,,
899,CARCAJOU J-27,Trans-Prairie Pipelines Ltd,Trans-Prairie Pipelines Ltd,Abandoned,Exploratory Well,1974,01-Feb-74,27-Feb-74,540,Sahtu,"65° 36' 38.0""","128° 34' 26.0""",65.6106,-128.5759,300J276540128300,,
900,KAKISA RIVER I-52,Miami Oil Producers Inc.,Miami Oil Producers Inc.,Abandoned,Exploratory Well,1974,01-Feb-74,27-Feb-74,3876,Dehcho,"60° 1' 34.0""","117° 54' 42.0""",60.0262,-117.9131,300I526010117450,,
903,SILVAN PLATEAU G-51,Aquitaine Company Of Canada Ltd,Aquitaine Company Of Canada Ltd,Abandoned,Exploratory Well,1974,05-Feb-74,22-Mar-74,5382,Sahtu,"63° 50' 21.9""","125° 25' 4.3""",63.8395,-125.4196,300G516400125150,,
905,N TATHLINA 2I-72,Suncor Energy Inc.,Suncor Energy Inc.,Abandoned,Exploratory Well,1974,12-Feb-74,05-Mar-74,,Dehcho,"60° 21' 30.5""","118° 13' 17.0""",60.3586,-118.2228,302I726030118000,,
907,E. CAMERON D-16,Amoco Canada Petroleum Company Ltd.,Amoco Canada Petroleum Company Ltd.,Abandoned,Exploratory Well,1974,21-Feb-74,13-Mar-74,4586,Dehcho,"60° 5' 8.0""","116° 33' 31.0""",60.0857,-116.5600,300D166010116300,,
911,A-4 POINTED MOUNTAIN A-55,Apache Canada Ltd.,Paramount Resources Ltd.,Abandoned,Development Well,1974,07-Mar-16,10-Mar-16,,Dehcho,"60° 24' 5.0""","123° 54' 39.1""",60.4014,-123.9124,300A556030123453,,
912,SWEDE O-22,Miami Oil Producers Inc.,Miami Oil Producers Inc.,Abandoned,Exploratory Well,1974,05-Mar-74,28-Mar-74,SD107,Dehcho,"60° 11' 50.0""","117° 34' 25.0""",60.1973,-117.5750,300O226020117300,,
914,TEDJI LAKE K-24,Canadian Ashland Exploration Ltd,Canadian Ashland Exploration Ltd,Abandoned,Exploratory Well,1974,06-Jun-92,06-Jun-92,6183,Sahtu,"67° 43' 38.0""","126° 49' 56.0""",67.7274,-126.8344,300K246750126451,,
963,GOOD HOPE A-40,Unocal Canada Limited,Unocal Canada Limited,Abandoned,Exploratory Well,1974,15-Dec-74,28-Jan-75,,Sahtu,"66° 29' 10.0""","124° 35' 52.0""",66.4863,-124.5997,300A406630124300,,
966,GREY GOOSE N-70,B P Exploration Canada Limited,B P Exploration Canada Limited,Abandoned,Exploratory Well,1974,27-Dec-74,08-Jan-75,5001,Sahtu,"65° 19' 58.0""","123° 42' 15.0""",65.3329,-123.7059,300N706520123300,,
973,RUSSEL M-07,B P Exploration Canada Limited,B P Exploration Canada Limited,Abandoned,Exploratory Well,1975,26-Jan-75,05-Feb-75,4994,Sahtu,"65° 26' 58.0""","123° 31' 50.0""",65.4496,-123.5323,300M076530123300,,
978,WHITE M-04,B P Exploration Canada Limited,B P Exploration Canada Limited,Abandoned,Exploratory Well,1975,15-Feb-75,23-Feb-75,4988,Sahtu,"65° 33' 56.0""","123° 46' 30.0""",65.5657,-123.7768,300M046540123450,,
979,STOPOVER K-44,Unocal Canada Limited,Unocal Canada Limited,Abandoned,Exploratory Well,1975,15-Feb-75,24-Mar-75,6573,Sahtu,"67° 33' 31.0""","123° 38' 32.0""",67.5588,-123.6443,300K446740123300,,
986,LABICHE C-30,Fort Norman Exploration Inc.,Fort Norman Exploration Inc.,Abandoned,Exploratory Well,1975,23-Feb-76,29-Mar-76,2036,Dehcho,"60° 39' 14.6""","124° 34' 47.4""",60.6540,-124.5814,300C306040124301,,
989,LOSH LAKE G-22,B P Exploration Canada Limited,B P Exploration Canada Limited,Abandoned,Exploratory Well,1975,14-Mar-75,12-Apr-75,6386,Sahtu,"65° 51' 29.0""","123° 19' 35.0""",65.8582,-123.3282,300G226600123150,,
1087,N. COLVILLE L-21,Suncor Energy Inc.,Suncor Energy Inc.,Abandoned,Exploratory Well,1978,27-Jan-78,28-Mar-78,,Sahtu,"67° 40' 37.0""","126° 5' 37.0""",67.6771,-126.0958,300L216750126000,,
1089,S.W. ARROWHEAD M-05,Gulf Canada Resources Inc.,Gulf Canada Resources Inc.,Abandoned,Exploratory Well,1978,14-Feb-78,24-Mar-78,EL383,Dehcho,"60° 24' 52.0""","123° 1' 40.0""",60.4145,-123.0293,300M056030123000,,
1115,LIARD D-29,Paramount Resources Ltd.,Paramount Resources Ltd.,Abandoned,Exploratory Well,1979,24-Sep-80,25-Sep-80,28062,Dehcho,"60° 28' 6.9""","123° 35' 33.1""",60.4686,-123.5940,300D296030123302,,
1122,CAMERON HILLS M-31,Strategic Oil & Gas Ltd.,Strategic Oil & Gas Ltd.,Abandoned,Exploratory Well,1979,01-Feb-24,16-Feb-24,,Dehcho,"60° 0' 56.0""","117° 7' 22.3""",60.0157,-117.1229,300M316010117003,,
1150,BOVIE LAKE M-78,Texaco Canada Inc.,Texaco Canada Inc.,Abandoned,Exploratory Well,1980,20-Jan-80,28-Mar-80,,Dehcho,"60° 17' 52.5""","122° 59' 45.9""",60.2980,-122.9976,300M786020122450,,
1153,SILT LAKE G-62,Westcoast Petroleum Ltd.,Westcoast Petroleum Ltd.,Abandoned,Exploratory Well,1980,27-Jan-80,27-Feb-80,2804,Dehcho,"60° 1' 29.2""","119° 12' 9.8""",60.0249,-119.2042,300G626010119000,,
1158,CAMERON J-62,Strategic Oil & Gas Ltd.,Strategic Oil & Gas Ltd.,Abandoned,Exploratory Well,1980,18-Mar-23,21-Mar-23,,Dehcho,"60° 1' 31.0""","117° 26' 50.0""",60.0254,-117.4486,300J626010117150,,
1159,CAMERON B-13,Strategic Oil & Gas Ltd.,Strategic Oil & Gas Ltd.,Abandoned,Exploratory Well,1980,14-Mar-80,04-Apr-80,,Dehcho,"60° 2' 1.2""","117° 2' 34.8""",60.0338,-117.0444,300B136010117000,,
1181,TROUT LAKE P-34,Sulpetro Limited,Sulpetro Limited,Abandoned,Exploratory Well,1981,15-Jan-81,25-Feb-81,,Dehcho,"60° 23' 52.0""","121° 5' 55.0""",60.3979,-121.1001,300P346030121000,,
1184,CAMERON J-76,Strategic Oil & Gas Ltd.,Strategic Oil & Gas Ltd.,Abandoned,Exploratory Well,1981,08-Feb-81,12-Mar-81,,Dehcho,"60° 5' 35.8""","117° 14' 1.2""",60.0934,-117.2351,300J766010117000,,
1202,NORTH LIARD E-54,Paramount Resources Ltd.,Paramount Resources Ltd.,Abandoned,Exploratory Well,1981,13-Dec-81,14-Dec-82,39868,Dehcho,"60° 33' 28.6""","123° 40' 52.7""",60.5580,-123.6828,300E546040123300,,
1207,S. POINTED MOUNTAIN (D-1) L-68,Prairie Provident Resources Canada Ltd.,Prairie Provident Resources Canada Ltd.,Suspended,Delineation Well,1982,28-Jan-26,06-Mar-26,,Dehcho,"60° 17' 42.8""","123° 57' 55.9""",60.1928,-123.5192,300L686020123451,,
1270,CAMERON J-11,Strategic Oil & Gas Ltd.,Strategic Oil & Gas Ltd.,Abandoned,Exploratory Well,1983,10-Feb-83,04-Mar-83,,Dehcho,"60° 0' 36.9""","117° 17' 37.5""",60.0104,-117.2951,300J116010117150,,
1272,IZOK M-20,Forward Resources Ltd.,Forward Resources Ltd.,Abandoned,Exploratory Well,1983,15-Feb-83,01-Apr-83,3926,Sahtu,"67° 19' 58.3""","123° 48' 27.9""",67.3331,-123.8098,300M206720123450,,
1291,ANDERSON C-51,Forward Resources Ltd.,Forward Resources Ltd.,Abandoned,Exploratory Well,1983,06-Apr-83,23-Apr-83,3903,Sahtu,"67° 30' 9.0""","124° 10' 36.4""",67.5027,-124.1788,300C516740124000,,
1352,SILT LAKE H-64,Home Oil Company Limited,Home Oil Company Limited,Abandoned,Exploratory Well,1983,29-Aug-90,30-Aug-90,EL173,Dehcho,"60° 3' 16.7""","118° 56' 36.4""",60.0547,-118.9449,300H646010118451,,
1355,CAMP M-61,Forward Resources Ltd.,Forward Resources Ltd.,Abandoned,Exploratory Well,1984,03-Jan-84,30-Jan-84,,Sahtu,"67° 0' 55.8""","124° 13' 0.8""",67.0157,-124.2189,300M616710124000,,
1368,BLUEFISH A-49,NSM Resources Ltd.,NSM Resources Ltd.,Abandoned,Exploratory Well,1984,08-Dec-84,20-Dec-84,EA125,Sahtu,"64° 58' 14.0""","125° 52' 44.2""",64.9706,-125.8807,300A496500125451,,
1369,HOOSIER RIDGE N-22,Suncor Energy Inc.,Suncor Energy Inc.,Abandoned,Exploratory Well,1984,24-Feb-85,26-Feb-85,,Sahtu,"65° 21' 56.6""","127° 34' 48.7""",65.3658,-127.5821,300N226530127302,,
1370,TRAINOR LAKE N-25,Northcor Energy Ltd.,Northcor Energy Ltd.,Abandoned,Exploratory Well,1984,05-Feb-84,27-Mar-84,,Dehcho,"60° 14' 48.4""","120° 34' 50.5""",60.2468,-120.5823,300N256020120300,,
1371,KAKISA RIVER J-42,Home Oil Company Limited,Home Oil Company Limited,Abandoned,Exploratory Well,1984,10-Feb-84,12-Mar-84,EA173,Dehcho,"60° 1' 43.1""","118° 38' 5.6""",60.0287,-118.6363,300J426010118300,,
1372,DAHADINNI J-66,Forward Resources Ltd.,Forward Resources Ltd.,Abandoned,Exploratory Well,1984,05-Feb-85,01-Mar-85,L3630,Dehcho,"62° 35' 43.8""","124° 41' 57.3""",62.5955,-124.7009,300J666240124301,,
1373,ARROWHEAD G-69,NSM Resources Ltd.,NSM Resources Ltd.,Abandoned,Exploratory Well,1984,15-Mar-93,15-Mar-93,EA175,Dehcho,"60° 38' 24.4""","122° 57' 2.5""",60.6402,-122.9522,300G696040122452,,
1374,ISLAND RIVER G-38,Northcor Energy Ltd.,Northcor Energy Ltd.,Abandoned,Exploratory Well,1984,28-Feb-85,13-Mar-85,EA169,Dehcho,"60° 7' 29.7""","121° 6' 9.6""",60.1249,-121.1043,300G386010121001,,
1376,EWEKKA C-11,Forward Resources Ltd.,Forward Resources Ltd.,Abandoned,Exploratory Well,1984,15-Feb-84,11-Mar-84,,Sahtu,"67° 40' 2.3""","126° 32' 51.8""",67.6674,-126.5499,300C116750126300,,
1381,CORMACK I-19,Northcor Energy Ltd.,Northcor Energy Ltd.,Abandoned,Exploratory Well,1984,27-Feb-84,26-Mar-84,,Dehcho,"60° 58' 32.0""","122° 32' 3.0""",60.9757,-122.5357,300I196100122300,,
1384,MIRROR LAKE N-33,NSM Resources Ltd.,NSM Resources Ltd.,Abandoned,Exploratory Well,1984,03-Jan-85,13-Jan-85,3788,Sahtu,"64° 52' 46.2""","126° 51' 51.9""",64.8796,-126.8566,300N336500126451,,
1386,SAMMONS H-55,Suncor Energy Inc.,Suncor Energy Inc.,Abandoned,Exploratory Well,1984,14-Mar-84,20-May-84,,Sahtu,"65° 24' 27.6""","128° 24' 45.2""",65.4077,-128.4145,300H556530128150,,
1387,AUBRY J-13,Forward Resources Ltd.,Forward Resources Ltd.,Abandoned,Exploratory Well,1984,18-Mar-84,08-Apr-84,,Sahtu,"67° 12' 37.1""","126° 47' 39.9""",67.2104,-126.7965,300J136720126450,,
1463,MORROW CREEK J-71,Suncor Energy Inc.,Suncor Energy Inc.,Abandoned,Exploratory Well,1984,04-Dec-84,26-Dec-84,,Sahtu,"65° 20' 43.7""","127° 28' 41.7""",65.3455,-127.4801,300J716530127150,,
1471,CARCAJOU D-05,AT&S Exploration Ltd.,AT&S Exploration Ltd.,Abandoned,Exploratory Well,1984,01-Feb-86,01-Feb-86,,Sahtu,"65° 34' 13.1""","128° 16' 42.7""",65.5704,-128.2805,300D056540128152,,
1472,CAMERON RIVER L-11,Exco Energy Ltd.,Exco Energy Ltd.,Abandoned,Exploratory Well,1984,23-Dec-84,18-Jan-85,EA213,Dehcho,"60° 0' 38.5""","117° 3' 28.0""",60.0108,-117.0592,300L116010117000,,
1476,TWEED LAKE M-47,Suncor Energy Inc.,Suncor Energy Inc.,Abandoned,Exploratory Well,1985,11-Jun-25,18-Jun-25,,Sahtu,"66° 56' 47.1""","125° 54' 9.4""",66.9466,-125.9046,300M476700125451,,
1477,TUNAGO N-37,Exco Energy Ltd.,Exco Energy Ltd.,Abandoned,Exploratory Well,1985,12-Jan-85,04-Feb-85,,Sahtu,"66° 6' 49.9""","126° 21' 59.8""",66.1140,-126.3685,300N376610126150,,
1478,WINDY ISLAND A-53,NSM Resources Ltd.,NSM Resources Ltd.,Abandoned,Exploratory Well,1985,16-Jan-85,09-Feb-85,,Sahtu,"64° 52' 0.6""","125° 39' 37.5""",64.8669,-125.6622,300A536500125300,,
1479,SILT LAKE SOUTH G-21,Home Oil Company Limited,Home Oil Company Limited,Abandoned,Exploratory Well,1985,19-Jan-85,26-Feb-85,,Dehcho,"60° 0' 25.1""","118° 49' 22.4""",60.0071,-118.8243,300G216010118450,,
1482,CAMERON I-16,Strategic Oil & Gas Ltd.,Strategic Oil & Gas Ltd.,Abandoned,Exploratory Well,1985,21-Feb-23,16-Mar-23,,Dehcho,"60° 5' 42.5""","117° 32' 1.8""",60.0953,-117.5353,300I166010117302,,
1485,HOOSIER F-27,AT&S Exploration Ltd.,AT&S Exploration Ltd.,Abandoned,Exploratory Well,1985,30-Jan-85,01-Mar-85,,Sahtu,"65° 26' 16.4""","127° 49' 58.9""",65.4379,-127.8349,300F276530127450,,
1489,TUNAGO 2N-37,Exco Energy Ltd.,Exco Energy Ltd.,Abandoned,Exploratory Well,1985,04-Feb-85,16-Mar-85,,Sahtu,"66° 6' 49.9""","126° 21' 59.8""",66.1140,-126.3685,302N376610126150,,
1491,KAKISA RIVER F-56,Northcor Energy Ltd.,Northcor Energy Ltd.,Abandoned,Exploratory Well,1985,17-Feb-85,21-Mar-85,,Dehcho,"60° 5' 26.6""","117° 55' 27.6""",60.0908,-117.9258,300F566010117450,,
1492,CAMERON HILLS I-10,Strategic Oil & Gas Ltd.,Strategic Oil & Gas Ltd.,Abandoned,Exploratory Well,1985,27-Jan-23,20-Mar-23,,Dehcho,"60° 9' 39.3""","117° 30' 3.5""",60.1610,-117.5010,300I106010117303,,
1494,KEELE SOUTH E-19,Imperial Oil Limited,Imperial Oil Limited,Abandoned,Exploratory Well,1985,21-Feb-85,31-Mar-85,,Sahtu,"64° 8' 24.1""","125° 3' 41.6""",64.1401,-125.0633,300E196410125000,,
1497,KAHBAMI H-56,Suncor Energy Inc.,Suncor Energy Inc.,Abandoned,Exploratory Well,1985,05-Mar-85,08-Apr-85,,Sahtu,"67° 45' 27.4""","127° 24' 49.4""",67.7577,-127.4159,300H566750127150,,
1555,TWEED LAKE A-67,Suncor Energy Inc.,Suncor Energy Inc.,Abandoned,Exploratory Well,1985,29-May-25,17-Jun-25,,Sahtu,"66° 56' 11.6""","125° 56' 18.9""",66.9367,-125.9406,300A676700125451,,
1566,MAIDA CREEK O-65,AT&S Exploration Ltd.,AT&S Exploration Ltd.,Abandoned,Exploratory Well,1985,15-Dec-85,21-Dec-85,,Sahtu,"65° 34' 52.7""","128° 11' 47.2""",65.5814,-128.1984,300O656540128000,,
1571,MAIDA CREEK 2O-65,AT&S Exploration Ltd.,AT&S Exploration Ltd.,Abandoned,Exploratory Well,1985,24-Dec-85,10-Jan-86,,Sahtu,"65° 34' 52.7""","128° 11' 47.2""",65.5814,-128.1984,302O656540128000,,
1577,TROUT LAKE F-08,Sulpetro Limited,Sulpetro Limited,Abandoned,Exploratory Well,1986,13-Jan-86,15-Feb-86,,Dehcho,"60° 37' 15.0""","121° 1' 24.0""",60.6209,-121.0248,300F086040121000,,
1579,NOGHA O-47,Suncor Energy Inc.,Suncor Energy Inc.,Abandoned,Exploratory Well,1986,13-Jan-86,17-Feb-86,,Sahtu,"66° 36' 52.2""","125° 53' 18.9""",66.6146,-125.8906,300O476640125450,,
1580,CARCAJOU O-25,AT&S Exploration Ltd.,AT&S Exploration Ltd.,Abandoned,Exploratory Well,1986,14-Jan-86,30-Jan-86,,Sahtu,"65° 34' 50.8""","128° 19' 24.5""",65.5808,-128.3254,300O256540128150,,
1583,KALO B-62,Suncor Energy Inc.,Suncor Energy Inc.,Abandoned,Exploratory Well,1986,24-Jan-86,18-Mar-86,,Sahtu,"65° 11' 2.6""","125° 27' 4.9""",65.1842,-125.4531,300B626520125150,,
1587,LIARD F-25,Purcell Energy Ltd.,Purcell Energy Ltd.,Abandoned,Exploratory Well,1986,25-Jan-86,05-Aug-86,EA229,Dehcho,"60° 24' 22.3""","123° 35' 7.6""",60.4063,-123.5869,300F256030123300,,
1590,SILT LAKE SOUTH 2G-21,Coho Resources Limited,Coho Resources Limited,Abandoned,Exploratory Well,1986,29-Jan-86,11-Feb-86,,Dehcho,"60° 0' 27.9""","118° 49' 22.6""",60.0078,-118.8244,302G216010118450,,
1595,SOUTH ARROWHEAD D-50,NSM Resources Ltd.,NSM Resources Ltd.,Abandoned,Exploratory Well,1986,08-Feb-86,02-Apr-86,,Dehcho,"60° 29' 2.2""","122° 54' 12.7""",60.4840,-122.9050,300D506030122450,,
1596,BLUEBERRY CREEK K-53,NSM Resources Ltd.,NSM Resources Ltd.,Abandoned,Exploratory Well,1986,08-Feb-86,04-Apr-86,,Sahtu,"64° 42' 34.0""","126° 25' 42.8""",64.7095,-126.4304,300K536450126150,,
1600,BELE O-35,Suncor Energy Inc.,Suncor Energy Inc.,Abandoned,Exploratory Well,1986,15-May-25,05-Jun-25,,Sahtu,"66° 34' 58.1""","126° 21' 32.1""",66.5829,-126.3609,300O356640126150,,
1604,TROUT LAKE J-29,Sulpetro Limited,Sulpetro Limited,Abandoned,Exploratory Well,1986,23-Feb-86,20-Mar-86,,Dehcho,"60° 38' 34.0""","121° 19' 12.0""",60.6429,-121.3215,300J296040121150,,
1605,N.W. TWEED LAKE C-12,Suncor Energy Inc.,Suncor Energy Inc.,Abandoned,Exploratory Well,1986,25-Feb-86,01-Apr-86,,Sahtu,"67° 1' 1.9""","126° 3' 3.4""",67.0173,-126.0530,300C126710126000,,
1608,CAMERON C-50,Strategic Oil & Gas Ltd.,Strategic Oil & Gas Ltd.,Abandoned,Exploratory Well,1986,16-Jan-23,23-Jan-23,,Dehcho,"60° 9' 3.7""","117° 38' 40.6""",60.1511,-117.6460,300C506010117304,,
1610,N.W. CELIBETA B-25,Northcor Energy Ltd.,Northcor Energy Ltd.,Abandoned,Exploratory Well,1986,09-Mar-86,20-Mar-86,,Dehcho,"60° 24' 13.1""","122° 34' 20.1""",60.4037,-122.5739,300B256030122300,,
1621,LIARD F-25A,Paramount Resources Ltd.,Paramount Resources Ltd.,Abandoned,Exploratory Well,1986,21-Jun-23,06-Aug-23,,Dehcho,"60° 24' 22.3""","123° 35' 7.6""",60.4063,-123.5869,300F256030123301,,
1668,N. CAMERON HILLS C-24,Suncor Energy Inc.,Suncor Energy Inc.,Abandoned,Exploratory Well,1987,26-Aug-87,14-Sep-87,,Dehcho,"60° 3' 12.3""","116° 50' 2.9""",60.0535,-116.8355,300C246010116450,,
1670,EAST MACKAY I-55,Conoco Canada Limited,Conoco Canada Limited,Abandoned,Exploratory Well,1988,11-Jan-88,17-Feb-88,EL315,Sahtu,"64° 44' 43.3""","125° 39' 44.0""",64.7454,-125.6640,300I556450125300,,
1675,SOUTH ARROWHEAD 2B-76,Shell Canada Resources Limited,Shell Canada Resources Limited,Abandoned,Exploratory Well,1988,21-Jan-88,13-Mar-88,EL311,Dehcho,"60° 25' 7.4""","122° 58' 38.2""",60.4188,-122.9788,302B766030122450,,
1681,NORTH LITTLE BEAR L-21,Conoco Canada Limited,Conoco Canada Limited,Abandoned,Exploratory Well,1988,24-Feb-88,13-Mar-88,EL319,Sahtu,"64° 40' 39.5""","125° 50' 25.2""",64.6777,-125.8421,300L216450125450,,
1686,MILLS LAKE I-57,Central Del-Rio Oils Limited,Central Del-Rio Oils Limited,Abandoned,Exploratory Well,1967,22-Jan-67,28-Jan-67,3875,Dehcho,"61° 16' 37.5""","117° 39' 36.5""",61.2772,-117.6615,300I576120117300,,
1687,WILLOWLAKE O-27,Husky Oil Ltd,Husky Oil Ltd,Abandoned,Exploratory Well,1970,23-Jan-70,27-Jan-70,4363,Dehcho,"62° 16' 48.0""","121° 4' 21.0""",62.2801,-121.0740,300O276220121000,,
1696,DEEP BAY TEST NO.4,Punch Petroleums Ltd.,Punch Petroleums Ltd.,Abandoned,Test Hole,1952,08-Aug-52,24-Aug-52,,Dehcho,"61° 19' 0.0""","116° 51' 0.0""",61.3168,-116.8514,300A406120116450,,
1698,ALEXANDRA FALLS NO.1(H-38),Unocal Canada Limited,Unocal Canada Limited,Abandoned,Test Hole,1955,14-Jan-55,31-Jan-55,637,Dehcho,"60° 27' 15.0""","116° 21' 0.0""",60.4543,-116.3514,300H386030116150,,
1699,ALEXANDRA FALLS NO.2(F-35),Unocal Canada Limited,Unocal Canada Limited,Abandoned,Test Hole,1955,01-Feb-55,05-Feb-55,637,Dehcho,"60° 24' 20.0""","116° 21' 50.0""",60.4057,-116.3653,300F356030116150,,
1700,ALEXANDRA FALLS NO.3(B-05),Unocal Canada Limited,Unocal Canada Limited,Abandoned,Test Hole,1955,06-Feb-55,13-Feb-55,637,Dehcho,"60° 24' 10.0""","116° 30' 30.0""",60.4029,-116.5097,300B056030116300,,
1701,ALEXANDRA FALLS NO.4(K-16),Unocal Canada Limited,Unocal Canada Limited,Abandoned,Test Hole,1955,13-Feb-55,17-Feb-55,637,Dehcho,"60° 25' 35.0""","116° 3' 0.0""",60.4265,-116.0514,300K166030116000,,
1702,ALEXANDRA FALLS NO.5(A-60),Unocal Canada Limited,Unocal Canada Limited,Abandoned,Test Hole,1955,18-Feb-55,21-Feb-55,637,Dehcho,"60° 29' 0.0""","116° 9' 30.0""",60.4834,-116.1597,300A606030116000,,
1703,ALEXANDRA FALLS #6 D-44,Unocal Canada Limited,Unocal Canada Limited,Abandoned,Test Hole,1955,23-Feb-55,07-Mar-55,637,Dehcho,"60° 33' 5.0""","116° 9' 15.0""",60.5515,-116.1555,300D446040116000,,
1704,DEEP BAY TEST NO.3,Punch Petroleums Ltd.,Punch Petroleums Ltd.,Abandoned,Test Hole,1952,16-May-52,09-Sep-52,,Dehcho,"61° 22' 30.0""","116° 52' 0.0""",61.3751,-116.8680,300K336130116450,,
1707,HAY RIVER G-2,Cominco Ltd.,Cominco Ltd.,Abandoned,Test Hole,1953,26-Jan-53,24-Feb-53,EA,Dehcho,"60° 40' 30.0""","115° 56' 42.0""",60.6751,-115.9464,300I616050115450,,
1712,SULPHUR PT. TEST G-4,Cominco Ltd.,Cominco Ltd.,Abandoned,Test Hole,1953,20-Jun-53,25-Jul-53,,Dehcho,"60° 54' 0.0""","114° 46' 0.0""",60.9001,-114.7680,300C056100114450,,
1719,DAHADINNI 2M-43,Candex Development Limited,Candex Development Limited,Abandoned,Exploratory Well,1971,02-Feb-71,04-Sep-71,3251,Sahtu,"63° 52' 59.3""","124° 39' 15.1""",63.8832,-124.6559,302M436400124300,,
1722,HAY RIVER G-3,Cominco Ltd.,Cominco Ltd.,Abandoned,Test Hole,1953,28-Feb-53,05-Apr-53,324,Dehcho,"60° 35' 43.0""","116° 13' 0.0""",60.5954,-116.2180,300L666040116000,,
1723,PINE POINT G-1,Cominco Ltd.,Cominco Ltd.,Abandoned,Test Hole,1952,05-Aug-52,31-Aug-52,EA,Dehcho,"60° 51' 5.0""","114° 24' 30.0""",60.8515,-114.4096,300A526100114150,,
1725,DEEP BAY TEST NO.5,Punch Petroleums Ltd.,Punch Petroleums Ltd.,Abandoned,Test Hole,1952,09-Sep-52,10-Oct-52,,Dehcho,"61° 26' 0.0""","117° 11' 0.0""",61.4335,-117.1847,300D576130117000,,
1726,DEEP BAY TEST NO.6,Punch Petroleums Ltd.,Punch Petroleums Ltd.,Abandoned,Test Hole,1952,19-Oct-52,08-Nov-52,,Dehcho,"61° 22' 30.0""","116° 52' 0.0""",61.3751,-116.8680,302K336130116450,,
1727,DEEP BAY TEST NO.7,Punch Petroleums Ltd.,Punch Petroleums Ltd.,Abandoned,Test Hole,1952,16-Nov-52,30-Nov-52,,Dehcho,"61° 23' 0.0""","116° 55' 30.0""",61.3835,-116.9264,300C546130116450,,
1732,CAMERON B-08,Strategic Oil & Gas Ltd.,Strategic Oil & Gas Ltd.,Abandoned,Exploratory Well,1989,15-Feb-23,20-Feb-23,,Dehcho,"60° 7' 6.8""","117° 30' 46.2""",60.1187,-117.5143,300B086010117305,,
1733,ARROWHEAD RIVER B-41,Paramount Resources Ltd.,Paramount Resources Ltd.,Abandoned,Exploratory Well,1989,13-Jan-23,04-Feb-23,,Dehcho,"60° 30' 8.5""","122° 53' 16.9""",60.5024,-122.8895,300B416040122450,,
1734,NORTH LITTLE BEAR O-51,Conoco Canada Limited,Conoco Canada Limited,Abandoned,Exploratory Well,1989,06-Feb-89,26-Feb-89,EL319,Sahtu,"64° 40' 57.4""","125° 54' 55.2""",64.6827,-125.9171,300O516450125450,,
1736,CAMERON L-47,Strategic Oil & Gas Ltd.,Strategic Oil & Gas Ltd.,Abandoned,Exploratory Well,1989,12-Feb-23,27-Feb-23,,Dehcho,"60° 6' 31.6""","117° 39' 18.6""",60.1089,-117.6566,300L476010117305,,
1742,MOUNTAIN RIVER O-18,Chevron Canada Resources Limited,Chevron Canada Resources Limited,Abandoned,Exploratory Well,1989,30-Nov-89,08-Jan-90,EL322,Sahtu,"65° 37' 57.9""","129° 2' 28.8""",65.6328,-129.0433,300O186540129000,,
1743,CAMERON L-44,Strategic Oil & Gas Ltd.,Strategic Oil & Gas Ltd.,Abandoned,Exploratory Well,1989,13-Feb-23,18-Mar-23,,Dehcho,"60° 3' 31.9""","117° 39' 3.0""",60.0586,-117.6583,300L446010117302,,
1744,HUME RIVER I-66,Chevron Canada Resources Limited,Chevron Canada Resources Limited,Abandoned,Exploratory Well,1990,24-Feb-90,03-Mar-90,EL322,Sahtu,"65° 55' 33.9""","129° 41' 39.4""",65.9261,-129.6963,300I666600129301,,
1745,SWEDE E-02,Suncor Energy Inc.,Suncor Energy Inc.,Abandoned,Exploratory Well,1990,19-Jan-90,17-Feb-90,,Dehcho,"60° 11' 26.0""","117° 31' 24.7""",60.1907,-117.5249,300E026020117300,,
1746,CAMERON A-68,Strategic Oil & Gas Ltd.,Strategic Oil & Gas Ltd.,Abandoned,Exploratory Well,1990,13-Jan-23,17-Jan-23,,Dehcho,"60° 7' 5.9""","117° 26' 17.1""",60.1184,-117.4395,300A686010117152,,
1747,CAMERON A-73,Strategic Oil & Gas Ltd.,Strategic Oil & Gas Ltd.,Abandoned,Exploratory Well,1990,09-Feb-23,14-Feb-23,,Dehcho,"60° 12' 9.4""","117° 43' 27.1""",60.2027,-117.7256,300A736020117303,,
1748,CELIBETA B-12,Shell Canada Resources Limited,Shell Canada Resources Limited,Abandoned,Exploratory Well,1990,01-Feb-90,24-Mar-90,EL328,Dehcho,"60° 1' 13.4""","122° 17' 42.7""",60.0203,-122.2969,300B126010122150,,
1750,EAST HUME RIVER N-10,Chevron Canada Resources Limited,Chevron Canada Resources Limited,Abandoned,Exploratory Well,1990,16-Feb-90,04-Mar-90,EL322,Sahtu,"65° 59' 57.9""","129° 15' 59.1""",65.9994,-129.2684,300N106600129150,,
1751,CAMERON J-37,Strategic Oil & Gas Ltd.,Strategic Oil & Gas Ltd.,Abandoned,Exploratory Well,1990,16-Jan-23,23-Jan-23,,Dehcho,"60° 6' 35.6""","117° 36' 26.4""",60.1104,-117.6083,300J376010117303,,
1752,ISLAND LAKE N-45,Suncor Energy Inc.,Suncor Energy Inc.,Abandoned,Exploratory Well,1990,21-Feb-90,07-Mar-90,,Dehcho,"60° 4' 56.4""","120° 53' 33.7""",60.0824,-120.8943,300N456010120450,,
1753,CAMERON N-28,Strategic Oil & Gas Ltd.,Strategic Oil & Gas Ltd.,Abandoned,Exploratory Well,1990,21-Feb-23,04-Mar-23,,Dehcho,"60° 7' 59.2""","117° 35' 7.6""",60.2025,-117.7258,300N286010117306,,
1755,EAST HUME RIVER I-20,Chevron Canada Resources Limited,Chevron Canada Resources Limited,Abandoned,Exploratory Well,1990,12-Mar-90,24-Mar-90,EL322,Sahtu,"65° 59' 38.2""","129° 17' 16.6""",65.9940,-129.2900,300I206600129150,,
1756,CAMERON B-25,Strategic Oil & Gas Ltd.,Strategic Oil & Gas Ltd.,Abandoned,Exploratory Well,1990,17-Jan-23,31-Jan-23,,Dehcho,"60° 4' 4.6""","117° 34' 41.2""",60.0678,-117.5781,300B256010117302,,
1757,MILLS LAKE 2J-74,Central Del-Rio Oils Limited,Central Del-Rio Oils Limited,Abandoned,Exploratory Well,1967,19-Mar-67,03-Apr-67,3110,Dehcho,"61° 13' 37.5""","118° 13' 47.8""",61.2272,-118.2314,302J746120118000,,
1761,SPERRY CREEK N-58,Chevron Canada Resources Limited,Chevron Canada Resources Limited,Abandoned,Exploratory Well,1991,04-Jan-91,19-Feb-91,EL322,Sahtu,"65° 37' 56.1""","129° 25' 24.7""",65.6323,-129.4255,300N586540129150,,
1764,SWEDE G-21,Strategic Oil & Gas Ltd.,Strategic Oil & Gas Ltd.,Abandoned,Delineation Well,1991,19-Jan-23,25-Jan-23,,Dehcho,"60° 10' 29.1""","117° 34' 39.3""",60.1747,-117.5775,300G216020117301,,
1765,CAMERON M-73,Strategic Oil & Gas Ltd.,Strategic Oil & Gas Ltd.,Abandoned,Delineation Well,1991,20-Feb-23,12-Mar-23,,Dehcho,"60° 2' 51.9""","117° 29' 31.9""",60.0479,-117.4936,300M736010117152,,
1766,SWEDE A-52,Strategic Oil & Gas Ltd.,Strategic Oil & Gas Ltd.,Abandoned,Delineation Well,1991,10-Feb-91,28-Feb-91,,Dehcho,"60° 11' 9.3""","117° 39' 46.8""",60.1860,-117.6644,300A526020117300,,
1767,CAMERON C-19,Strategic Oil & Gas Ltd.,Strategic Oil & Gas Ltd.,Abandoned,Exploratory Well,1991,28-Feb-23,02-Mar-23,,Dehcho,"60° 8' 7.3""","117° 33' 8.0""",60.1355,-117.5536,300C196010117304,,
1768,RAMPARTS RIVER F-46,Chevron Canada Resources Limited,Chevron Canada Resources Limited,Abandoned,Exploratory Well,1991,24-Feb-91,18-Mar-91,EL322,Sahtu,"65° 45' 18.6""","130° 8' 51.4""",65.7552,-130.1496,300F466550130000,,
1792,CAMERON I-74,Strategic Oil & Gas Ltd.,Strategic Oil & Gas Ltd.,Abandoned,Development Well,1994,17-Jan-23,23-Jan-23,,Dehcho,"60° 3' 36.0""","117° 28' 19.2""",60.0601,-117.4734,300I746010117151,,
1793,CAMERON C-75,Strategic Oil & Gas Ltd.,Strategic Oil & Gas Ltd.,Abandoned,Development Well,1994,16-Feb-23,20-Feb-23,,Dehcho,"60° 4' 2.9""","117° 29' 12.6""",60.0676,-117.4883,300C756010117151,,
1798,POINTED MOUNTAIN K-45A,Apache Canada Ltd.,Paramount Resources Ltd.,Abandoned,Development Well,1994,07-Mar-16,11-Mar-16,,Dehcho,"60° 24' 33.8""","123° 53' 51.8""",60.4094,-123.8992,302K456030123452,,
1799,POINTED MOUNTAIN P-53A,Apache Canada Ltd.,Paramount Resources Ltd.,Abandoned,Development Well,1994,17-Jun-03,12-Sep-03,,Dehcho,"60° 22' 45.6""","123° 54' 33.4""",60.3794,-123.9108,300P536030123451,,
1815,NORTH LIARD P-66,Ranger Oil (Canada) Limited,Ranger Oil (Canada) Limited,Abandoned,Exploratory Well,1997,12-Jan-97,13-Jul-97,PL10,Dehcho,"60° 35' 55.7""","123° 41' 25.3""",60.5989,-123.6919,300P666040123300,,
1816,MOUNT COTY K-02,Canadian Forest Oil Ltd.,Canadian Forest Oil Ltd.,Abandoned,Exploratory Well,1996,14-Dec-96,20-Jan-97,EL381,Dehcho,"60° 11' 33.8""","123° 31' 10.2""",60.1927,-123.5211,300K026020123300,,
1817,BOVIE C-76,Paramount Resources Ltd.,Paramount Resources Ltd.,Abandoned,Exploratory Well,1997,29-Dec-97,19-Feb-98,SD122,Dehcho,"60° 15' 14.8""","122° 59' 22.3""",60.2542,-122.9910,300C766020122451,,
1818,DISCOVERY RIDGE H-55,Murphy Oil Company Ltd.,Murphy Oil Company Ltd.,Abandoned,Exploratory Well,1997,26-Feb-97,12-Mar-97,EL375,Sahtu,"65° 24' 15.7""","126° 54' 25.0""",65.4044,-126.9088,300H556530126450,,
1823,NORTH LIARD P-66A,Canadian Natural Resources Limited,Canadian Natural Resources Limited,Abandoned,Exploratory Well,1997,24-Feb-06,05-Mar-06,PL10,Dehcho,"60° 35' 55.7""","123° 41' 25.3""",60.5989,-123.6919,302P666040123303,,
1830,WEST BOVIE N-60,Paramount Resources Ltd.,Paramount Resources Ltd.,Abandoned,Exploratory Well,1997,12-Dec-97,25-Dec-97,EL382,Dehcho,"60° 19' 55.3""","123° 10' 36.0""",60.3321,-123.1782,300N606020123000,,
1831,NOTA CREEK C-17,Canadian Forest Oil Ltd.,Canadian Forest Oil Ltd.,Abandoned,Exploratory Well,1997,03-Aug-05,05-Aug-05,EL390,Sahtu,"65° 6' 1.0""","126° 2' 56.0""",65.1004,-126.0507,300C176510126002,,
1832,NETLA RIVER M-23,Paramount Resources Ltd.,Paramount Resources Ltd.,Abandoned,Exploratory Well,1998,09-Mar-02,10-Mar-02,EA,Dehcho,"60° 42' 58.4""","123° 5' 12.1""",60.7163,-123.0882,300M236050123002,,
1833,ARROWHEAD RIVER N-65,Paramount Resources Ltd.,Paramount Resources Ltd.,Abandoned,Exploratory Well,1998,03-Jan-23,03-Feb-23,EL383,Dehcho,"60° 34' 45.9""","122° 57' 18.6""",60.5795,-122.9567,300N656040122454,,
1834,S.W. ARROWHEAD O-15,Paramount Resources Ltd.,Paramount Resources Ltd.,Abandoned,Exploratory Well,1998,14-Jan-23,02-Feb-23,EL383,Dehcho,"60° 24' 53.7""","123° 2' 31.2""",60.4149,-123.0420,300O156030123001,,
1836,BEAR ROCK O-20,Ranger Oil Limited,Ranger Oil Limited,Abandoned,Exploratory Well,1998,25-Feb-98,07-Mar-98,EA,Sahtu,"64° 59' 47.0""","125° 47' 25.0""",64.9965,-125.7921,300O206500125450,,
1837,DISCOVERY RIDGE D-04,Imperial Oil Limited,Imperial Oil Limited,Abandoned,Exploratory Well,1999,14-Jan-99,24-Jan-99,EA,Sahtu,"65° 23' 12.6""","126° 46' 46.8""",65.3869,-126.7815,300D046530126450,,
1838,LITTLE BEAR M-39,Canadian Forest Oil Ltd.,Canadian Forest Oil Ltd.,Abandoned,Exploratory Well,1998,06-Aug-05,10-Aug-05,EA,Sahtu,"64° 48' 58.0""","126° 22' 22.0""",64.8162,-126.3746,300M396450126151,,
1841,FORT LIARD F-36,Paramount Resources Ltd.,Paramount Resources Ltd.,Abandoned,Exploratory Well,1998,12-Jan-22,15-Jan-22,PL7,Dehcho,"60° 5' 27.5""","123° 22' 0.6""",60.0909,-123.3685,300F366010123154,,
1850,BOVIE C-76A,Paramount Resources Ltd.,Paramount Resources Ltd.,Abandoned,Exploratory Well,1998,31-Mar-09,31-Mar-09,SD122,Dehcho,"60° 15' 14.8""","122° 59' 22.3""",60.2542,-122.9910,300C766020122455,,
1851,FLETT RAPIDS I-61,Canadian Forest Oil Ltd.,Canadian Forest Oil Ltd.,Abandoned,Exploratory Well,1998,01-Jan-02,10-Jan-02,EA,Dehcho,"60° 40' 40.9""","123° 26' 34.0""",60.6781,-123.4443,300P616050123151,,
1852,DEH CHO-1 B-25,Grey Wolf Exploration Inc.,Grey Wolf Exploration Inc.,Abandoned,Exploratory Well,1998,16-Dec-98,08-Jan-99,EL389,Sahtu,"65° 14' 1.2""","126° 34' 32.4""",65.2338,-126.5775,300B256520126300,,
1853,DEH CHO-2 B-14,Grey Wolf Exploration Inc.,Grey Wolf Exploration Inc.,Abandoned,Exploratory Well,1999,17-Jan-99,31-Jan-99,EL389,Sahtu,"65° 13' 9.3""","126° 32' 47.3""",65.2193,-126.5483,300B146520126300,,
1856,EMILE LAKE P-57,Paramount Resources Ltd.,Paramount Resources Ltd.,Abandoned,Exploratory Well,1999,11-Mar-02,12-Mar-02,EL367,Dehcho,"60° 46' 50.7""","122° 39' 25.1""",60.7809,-122.6585,300P576050122301,,
1857,WEST ARROWHEAD C-02,Paramount Resources Ltd.,Paramount Resources Ltd.,Abandoned,Exploratory Well,1999,12-Jan-23,25-Jan-23,EL383,Dehcho,"60° 31' 12.1""","123° 1' 10.4""",60.5201,-123.0211,300C026040123001,,
1858,FORT LIARD A-01,Paramount Resources Ltd.,Paramount Resources Ltd.,Abandoned,Exploratory Well,1999,03-Feb-17,12-Mar-17,EL381,Dehcho,"60° 0' 4.6""","123° 15' 4.9""",60.0011,-123.2531,300A016010123151,,
1860,FORT LIARD K-32,Obsidian Energy Ltd.,Obsidian Energy Ltd.,Abandoned,Exploratory Well,1999,15-Jan-22,22-Feb-22,,Dehcho,"60° 1' 39.2""","123° 21' 49.6""",60.0274,-123.3655,300K326010123150,,
1861,LIARD K-29,Paramount Resources Ltd.,Paramount Resources Ltd.,Abandoned,Delineation Well,1999,16-Aug-05,23-Aug-05,SDL99,Dehcho,"60° 28' 41.0""","123° 35' 4.1""",60.4781,-123.5860,300K296030123302,,
1862,NETLA K-77,Canadian Natural Resources Limited,Canadian Natural Resources Limited,Abandoned,Delineation Well,1999,15-Jan-23,08-Feb-23,SDL13,Dehcho,"60° 46' 30.7""","122° 44' 23.9""",60.7669,-122.7415,300K776050122300,,
1863,NORTH LIARD N-61,Canadian Natural Resources Limited,Canadian Natural Resources Limited,Abandoned,Exploratory Well,1999,22-Feb-05,28-Feb-05,EA,Dehcho,"60° 30' 46.7""","123° 42' 32.5""",60.5130,-123.7105,300N616040123301,,
1866,MCKAY LAKES O-80,Paramount Resources Ltd.,Paramount Resources Ltd.,Abandoned,Exploratory Well,1999,03-Jul-23,19-Jul-23,EL380,Dehcho,"60° 19' 50.0""","123° 29' 3.5""",60.3306,-123.4858,300O806020123150,,
1867,LIARD M-25,Paramount Resources Ltd.,Paramount Resources Ltd.,Abandoned,Delineation Well,1999,03-Jul-23,19-Jul-23,SDL99,Dehcho,"60° 24' 50.8""","123° 35' 12.5""",60.4142,-123.5883,300M256030123300,,
1868,FORT LIARD O-35,Paramount Resources Ltd.,Paramount Resources Ltd.,Abandoned,Delineation Well,1999,10-Feb-17,11-Mar-17,EL381,Dehcho,"60° 4' 48.1""","123° 21' 22.8""",60.0799,-123.3580,300O356010123154,,
1871,FORT LIARD I-46,Paramount Resources Ltd.,Paramount Resources Ltd.,Abandoned,Delineation Well,1999,01-Feb-17,10-Mar-17,EL383,Dehcho,"60° 5' 32.5""","123° 22' 53.6""",60.0923,-123.3833,300I466010123152,,
1874,NETLA P-16,Canadian Natural Resources Limited,Canadian Natural Resources Limited,Abandoned,Delineation Well,1999,21-Dec-99,13-Jan-00,EA,Dehcho,"60° 45' 57.6""","122° 47' 7.2""",60.7661,-122.7869,300P166050122450,,
1879,EAST MACKAY I-77,Northrock Resources Ltd.,Northrock Resources Ltd.,Abandoned,Exploratory Well,1999,21-Dec-99,24-Jan-00,EA,Sahtu,"64° 46' 41.6""","125° 43' 10.3""",64.7783,-125.7213,300I776450125300,,
1884,MOUNT COTY I-02,Paramount Resources Ltd.,Paramount Resources Ltd.,Abandoned,Exploratory Well,2000,14-Jan-22,10-Feb-22,EL381,Dehcho,"60° 11' 34.0""","123° 30' 18.8""",60.1928,-123.5068,300I026020123300,,
1886,FALL STONE F-01,Northrock Resources Ltd.,Northrock Resources Ltd.,Abandoned,Exploratory Well,2000,27-Jan-00,12-Feb-00,,Sahtu,"64° 40' 29.1""","125° 46' 14.0""",64.6748,-125.7723,300F016450125450,,
1887,TATE G-18,AEC West Ltd.,AEC West Ltd.,Abandoned,Exploratory Well,2000,17-Feb-00,09-Mar-00,,Sahtu,"64° 27' 17.3""","125° 17' 33.2""",64.4549,-125.2943,300G186430125150,,
1888,CARCAJOU O-74,AEC West Ltd.,AEC West Ltd.,Abandoned,Exploratory Well,2000,22-Feb-00,11-Mar-00,EL387,Sahtu,"65° 33' 48.1""","128° 13' 59.3""",65.5634,-128.2351,300O746540128000,,
1889,CARCAJOU P-16,AEC West Ltd.,AEC West Ltd.,Abandoned,Exploratory Well,2000,25-Feb-00,05-Mar-00,EL387,Sahtu,"65° 35' 57.0""","128° 17' 18.2""",65.5992,-128.2903,300P166540128150,,
1890,CARCAJOU D-07,AEC West Ltd.,AEC West Ltd.,Abandoned,Exploratory Well,2000,02-Mar-00,19-Mar-00,,Sahtu,"65° 36' 10.1""","128° 31' 49.8""",65.6029,-128.5325,300D076540128300,,
1891,CARCAJOU O-47,AEC West Ltd.,AEC West Ltd.,Abandoned,Exploratory Well,2000,26-Feb-00,25-Mar-00,EL387,Sahtu,"65° 36' 47.8""","128° 38' 11.5""",65.6133,-128.6385,300O476540128300,,
1900,NORTH LIARD C-31,Penn West Petroleum Ltd.,Penn West Petroleum Ltd.,Abandoned,Exploratory Well,2000,04-Aug-00,05-Jan-01,,Dehcho,"60° 30' 0.3""","123° 36' 36.1""",60.5001,-123.6115,300C316040123300,,
1902,SOUTHEAST FORT LIARD N-01,Paramount Resources Ltd.,Paramount Resources Ltd.,Abandoned,Exploratory Well,2000,02-Feb-17,11-Mar-17,EL381,Dehcho,"60° 0' 52.3""","123° 15' 58.5""",60.0144,-123.2680,300N016010123153,,
1904,ONTARATUE RIVER D-39,Devlan Exploration Inc.,Devlan Exploration Inc.,Abandoned,Exploratory Well,2001,26-Feb-03,01-Mar-03,EL374,Gwich'in,"67° 8' 12.2""","131° 37' 9.3""",67.1367,-131.6215,300D396710131301,,
1907,NORTH LIARD C-31A,Penn West Petroleum Ltd.,Obsidian Energy Ltd.,Abandoned,Exploratory Well,2001,31-Aug-23,12-Sep-23,,Dehcho,"60° 30' 0.3""","123° 36' 36.1""",60.5001,-123.6115,302C316040123301,,
1908,TREE RIVER B-10,Devlan Exploration Inc.,Devlan Exploration Inc.,Abandoned,Exploratory Well,2001,30-Jan-03,22-Feb-03,EL386,Gwich'in,"67° 19' 14.3""","131° 45' 35.2""",67.3206,-131.7621,300B106720131451,,
1909,THUNDER RIVER N-73,Devlan Exploration Inc.,Devlan Exploration Inc.,Abandoned,Exploratory Well,2001,08-Feb-03,13-Feb-03,EL373,Gwich'in,"67° 22' 51.6""","131° 29' 15.9""",67.3810,-131.4900,300N736730131151,,
1914,DEVO CREEK P-45,EOG Resources Canada Inc.,EOG Resources Canada Inc.,Abandoned,Exploratory Well,2002,05-Jan-02,15-Mar-02,EL401,Sahtu,"65° 24' 52.2""","127° 37' 43.9""",65.4146,-127.6308,300P456530127300,,
1915,AURORA TRAINING WELL INUVIK G-04,Aurora College,Aurora College,Abandoned,Test Hole,2001,15-Mar-24,10-Apr-24,,Gwich'in,"68° 23' 25.9""","133° 45' 42.2""",68.3905,-133.7643,300G046830133450,,
1922,NORTH LIARD 3P-66B,Canadian Natural Resources Limited,Canadian Natural Resources Limited,Abandoned,Delineation Well,2003,24-Feb-06,05-Mar-06,PL10,Dehcho,"60° 35' 55.7""","123° 41' 25.3""",60.5989,-123.6919,303P666040123302,,
1931,BOVIE J-76,Paramount Resources Ltd.,Paramount Resources Ltd.,Abandoned,Exploratory Well,2001,07-Feb-20,23-Mar-20,SD122,Dehcho,"60° 15' 44.4""","122° 58' 59.5""",60.2624,-122.9847,300J766020122450,,
1932,BELLEH DUKEH D-63,Canadian Natural Resources Limited,Canadian Natural Resources Limited,Abandoned,Exploratory Well,2003,14-Feb-03,09-Mar-03,EL400,Sahtu,"66° 42' 4.9""","126° 42' 43.5""",66.7015,-126.7141,300D636650126300,,
1934,NOGHA C-49,MGM Energy Corp.,MGM Energy Corp.,Abandoned,Exploratory Well,2003,01-Feb-26,07-Mar-26,,Sahtu,"66° 38' 5.4""","125° 53' 35.7""",66.6350,-125.8953,300C496640125451,,
1935,BOVIE F-66,Paramount Resources Ltd.,Paramount Resources Ltd.,Abandoned,Exploratory Well,2002,05-Mar-08,27-Mar-08,SD122,Dehcho,"60° 15' 19.8""","122° 57' 33.9""",60.2556,-122.9609,300F666020122452,,
1936,NETLA A-68,Canadian Natural Resources Limited,Canadian Natural Resources Limited,Abandoned,Exploratory Well,2002,18-Jan-23,11-Feb-23,SDL13,Dehcho,"60° 47' 7.4""","122° 41' 38.6""",60.7855,-122.6956,300A686050122300,,
1937,CAMERON I-73,Strategic Oil & Gas Ltd.,Strategic Oil & Gas Ltd.,Abandoned,Development Well,2002,23-Feb-23,23-Feb-23,,Dehcho,"60° 2' 44.7""","117° 28' 24.5""",60.0459,-117.4749,300I736010117150,,
1939,CAMERON C-74,Strategic Oil & Gas Ltd.,Strategic Oil & Gas Ltd.,Abandoned,Development Well,2002,22-Feb-23,22-Feb-23,,Dehcho,"60° 3' 13.3""","117° 29' 27.1""",60.0538,-117.4923,300C746010117153,,
1940,CAMERON H-03,Strategic Oil & Gas Ltd.,Strategic Oil & Gas Ltd.,Abandoned,Development Well,2002,25-Jan-23,26-Feb-23,,Dehcho,"60° 2' 23.7""","117° 30' 7.7""",60.0400,-117.5036,300H036010117305,,
1960,BEHDZIA YOUH O-52,Canadian Natural Resources Limited,Canadian Natural Resources Limited,Abandoned,Exploratory Well,2003,03-Jan-03,10-Feb-03,EL400,Sahtu,"66° 51' 56.9""","126° 39' 54.0""",66.8659,-126.6671,300O526700126300,,
1964,EMILE LAKE A-77,Canadian Natural Resources Limited,Canadian Natural Resources Limited,Abandoned,Exploratory Well,2004,15-Jan-23,07-Feb-23,SDL13,Dehcho,"60° 46' 9.6""","122° 43' 33.9""",60.7694,-122.7276,300A776050122301,,
1966,MCKAY LAKES K-36,Paramount Resources Ltd.,Paramount Resources Ltd.,Abandoned,Exploratory Well,2003,08-Mar-03,21-Mar-03,EL382,Dehcho,"60° 15' 42.6""","123° 21' 58.6""",60.2619,-123.3678,300K366020123150,,
1970,NOGHA M-17,MGM Energy Corp.,MGM Energy Corp.,Abandoned,Exploratory Well,2003,23-Feb-26,26-Mar-26,,Sahtu,"66° 36' 45.2""","125° 48' 30.7""",66.6127,-125.8105,300M176640125452,,
1971,CAMERON F-75,Strategic Oil & Gas Ltd.,Strategic Oil & Gas Ltd.,Abandoned,Development Well,2003,12-Jan-23,09-Feb-23,,Dehcho,"60° 4' 29.3""","117° 29' 11.0""",60.0747,-117.4864,300F756010117152,,
1972,CAMERON K-74,Strategic Oil & Gas Ltd.,Strategic Oil & Gas Ltd.,Abandoned,Development Well,2003,28-Jan-23,21-Feb-23,,Dehcho,"60° 3' 40.7""","117° 29' 27.3""",60.0614,-117.4923,300K746010117152,,
1973,CAMERON D-49,Strategic Oil & Gas Ltd.,Strategic Oil & Gas Ltd.,Abandoned,Delineation Well,2003,16-Feb-23,22-Feb-23,,Dehcho,"60° 8' 10.4""","117° 38' 56.8""",60.1363,-117.6505,300D496010117302,,
1974,CAMERON M-49,Strategic Oil & Gas Ltd.,Strategic Oil & Gas Ltd.,Abandoned,Delineation Well,2003,21-Jan-23,19-Feb-23,,Dehcho,"60° 8' 52.5""","117° 39' 16.5""",60.1478,-117.6544,300M496010117303,,
1975,CAMERON H-58,Strategic Oil & Gas Ltd.,Strategic Oil & Gas Ltd.,Abandoned,Delineation Well,2003,07-Feb-23,02-Mar-23,,Dehcho,"60° 7' 27.2""","117° 39' 45.6""",60.1243,-117.6641,300H586010117302,,
1976,LIARD P-16,Canadian Natural Resources Limited,Canadian Natural Resources Limited,Abandoned,Exploratory Well,2003,10-Jul-23,31-Aug-23,EL380,Dehcho,"60° 25' 50.1""","123° 31' 58.3""",60.4306,-123.5344,300P166030123301,,
1978,ARROWHEAD RIVER F-56,Canadian Natural Resources Limited,Canadian Natural Resources Limited,Abandoned,Delineation Well,2003,05-Jan-23,23-Jan-23,EL383,Dehcho,"60° 35' 29.9""","122° 55' 46.1""",60.5917,-122.9310,300F566040122452,,
1979,ARROWHEAD RIVER C-55,Canadian Natural Resources Limited,Canadian Natural Resources Limited,Abandoned,Delineation Well,2003,05-Jan-23,24-Jan-23,,Dehcho,"60° 34' 4.9""","122° 55' 22.3""",60.5680,-122.9243,300C556040122451,,
1980,LIARD 2K-29,Paramount Resources Ltd.,Paramount Resources Ltd.,Abandoned,Delineation Well,2003,21-Jun-23,27-Aug-23,SDL99,Dehcho,"60° 28' 40.8""","123° 35' 5.3""",60.4781,-123.5863,302K296030123302,,
1981,ARROWHEAD RIVER I-75,Canadian Natural Resources Limited,Canadian Natural Resources Limited,Abandoned,Delineation Well,2003,12-Jan-23,10-Feb-23,EL383,Dehcho,"60° 34' 42.3""","122° 58' 32.6""",60.5785,-122.9772,300I756040122451,,
1982,TREE RIVER C-36,Devlan Exploration Inc.,Devlan Exploration Inc.,Abandoned,Exploratory Well,2003,03-Mar-03,11-Mar-03,,Gwich'in,"67° 15' 9.0""","131° 51' 39.4""",67.2525,-131.8632,300C366720131451,,
1983,ARROWHEAD RIVER O-38,Canadian Natural Resources Limited,Canadian Natural Resources Limited,Abandoned,Exploratory Well,2003,08-Jan-23,23-Jan-23,,Dehcho,"60° 37' 59.6""","122° 51' 32.3""",60.6333,-122.8605,300O386040122451,,
1986,WEST BOVIE I-76,Canadian Natural Resources Limited,Canadian Natural Resources Limited,Abandoned,Exploratory Well,2003,20-Mar-03,26-Mar-03,EL382,Dehcho,"60° 15' 35.0""","123° 13' 22.0""",60.2598,-123.2243,300I766020123001,,
1987,ARROWHEAD RIVER J-74,Canadian Natural Resources Limited,Canadian Natural Resources Limited,Abandoned,Exploratory Well,2003,05-Jan-23,24-Jan-23,,Dehcho,"60° 33' 35.4""","122° 58' 53.1""",61.5599,-122.9829,300J746040122451,,
1989,SW ARROWHEAD M-35,Canadian Natural Resources Limited,Canadian Natural Resources Limited,Abandoned,Exploratory Well,2003,01-Feb-23,10-Feb-23,EL383,Dehcho,"60° 24' 57.4""","123° 7' 23.0""",60.4160,-123.1246,300M356030123001,,
1991,ARROWHEAD RIVER K-35,Canadian Natural Resources Limited,Canadian Natural Resources Limited,Abandoned,Exploratory Well,2003,11-Jan-23,22-Jan-23,EL383,Dehcho,"60° 34' 38.1""","122° 51' 47.2""",60.5774,-122.8647,300K356040122452,,
1992,CAMERON F-73,Strategic Oil & Gas Ltd.,Strategic Oil & Gas Ltd.,Abandoned,Development Well,2003,03-Jan-23,25-Feb-23,,Dehcho,"60° 2' 23.8""","117° 29' 29.1""",60.0400,-117.4928,300F736010117152,,
1993,MOUNT COTY 2K-02,Prairie Provident Resources Canada Ltd.,Prairie Provident Resources Canada Ltd.,Abandoned,Exploratory Well,2003,23-Jan-22,22-Feb-22,EL381,Dehcho,"60° 11' 34.7""","123° 31' 9.3""",60.1930,-123.5209,302K026020123301,,
1994,SUMMIT CREEK B-44,Husky Oil Operations Limited,International Frontier Resources Corporation,Abandoned,Exploratory Well,2004,30-Aug-10,13-Sep-10,,Sahtu,"64° 23' 2.4""","125° 53' 22.7""",64.3841,-125.8914,300B446430125452,,
1995,LAC MAUNOIR C-34,MGM Energy Corp.,MGM Energy Corp.,Abandoned,Exploratory Well,2004,12-Feb-25,07-Mar-25,EL399,Sahtu,"67° 13' 2.2""","125° 6' 56.7""",67.2174,-125.1178,300C346720125001,,
1996,BEGADÉH J-66,EnCana Corporation,EnCana Corporation,Abandoned,Exploratory Well,2004,28-Jan-04,15-Feb-04,,Sahtu,"64° 35' 30.9""","125° 11' 58.4""",64.5920,-125.2013,300J666440125000,,
1998,NOGHA B-23,MGM Energy Corp.,MGM Energy Corp.,Abandoned,Exploratory Well,2004,28-Feb-26,09-Mar-26,EL426,Sahtu,"66° 32' 5.7""","125° 49' 33.2""",66.5350,-125.8279,300B236640125452,,
1999,LIARD 3K-29,Paramount Resources Ltd.,Paramount Resources Ltd.,Abandoned,Delineation Well,2004,21-Jun-23,31-Jul-23,SDL99,Dehcho,"60° 28' 42.4""","123° 35' 4.3""",60.4785,-123.5860,303K296030123301,,
2001,CAMERON C-16,Strategic Oil & Gas Ltd.,Strategic Oil & Gas Ltd.,Abandoned,Delineation Well,2004,07-Jan-23,11-Jan-23,,Dehcho,"60° 5' 3.1""","117° 32' 58.3""",60.0843,-117.5509,300C166010117301,,
2002,CAMERON B-38,Strategic Oil & Gas Ltd.,Strategic Oil & Gas Ltd.,Abandoned,Development Well,2004,26-Jan-23,31-Jan-23,,Dehcho,"60° 7' 13.3""","117° 36' 19.1""",60.1205,-117.6067,300B386010117302,,
2003,CAMERON F-19,Strategic Oil & Gas Ltd.,Strategic Oil & Gas Ltd.,Abandoned,Delineation Well,2004,04-Mar-12,06-Mar-12,,Dehcho,"60° 8' 18.4""","117° 33' 15.5""",60.1385,-117.5557,300F196010117304,,
2004,CAMERON K-19,Strategic Oil & Gas Ltd.,Strategic Oil & Gas Ltd.,Abandoned,Delineation Well,2004,09-Mar-12,11-Mar-12,,Dehcho,"60° 8' 38.1""","117° 33' 7.0""",60.1440,-117.5534,300K196010117302,,
2005,CAMERON O-19,Strategic Oil & Gas Ltd.,Strategic Oil & Gas Ltd.,Abandoned,Delineation Well,2004,07-Mar-12,09-Mar-12,,Dehcho,"60° 8' 46.8""","117° 32' 40.2""",60.1464,-117.5459,300O196010117302,,
2006,WEST NOGHA K-14,MGM Energy Corp.,MGM Energy Corp.,Abandoned,Exploratory Well,2004,07-Mar-26,15-Mar-26,,Sahtu,"66° 33' 39.1""","126° 3' 2.8""",66.5610,-126.0528,300K146640126001,,
2008,LIARD 2M-25,Paramount Resources Ltd.,Paramount Resources Ltd.,Abandoned,Development Well,2004,19-Jul-23,07-Aug-23,SDL99,Dehcho,"60° 24' 50.7""","123° 35' 11.8""",60.4141,-123.5881,302M256030123304,,
2014,MOOSE LAKE D-07,Dual Exploration Inc.,Dual Exploration Inc.,Abandoned,Exploratory Well,2004,30-Aug-04,09-Sep-04,EL413,Sahtu,"67° 6' 9.9""","130° 16' 35.5""",67.1028,-130.2788,300D076710130150,,
2019,LAC MAUNOIR A-67,Apache Canada Ltd.,Paramount Resources Ltd.,Abandoned,Exploratory Well,2005,20-Mar-05,23-Mar-05,EL399,Sahtu,"67° 16' 3.8""","125° 11' 28.3""",67.2679,-125.1932,300A676720125002,,
2020,SAH CHO L-71,Husky Oil Operations Limited,Husky Oil Operations Limited,Abandoned,Exploratory Well,2005,16-Sep-10,16-Sep-10,EL397,Sahtu,"64° 20' 41.4""","125° 44' 34.1""",64.3449,-125.7446,300L716430125301,,
2021,LAC MAUNOIR E-35,MGM Energy Corp.,MGM Energy Corp.,Abandoned,Exploratory Well,2005,28-Feb-25,10-Mar-25,EL399,Sahtu,"67° 14' 27.6""","125° 7' 15.8""",67.2412,-125.1231,300E356720125001,,
2022,EAST LAC MAUNOIR L-80,Apache Canada Ltd.,Paramount Resources Ltd.,Abandoned,Exploratory Well,2005,11-Mar-05,25-Mar-05,EL399,Sahtu,"67° 19' 42.5""","124° 59' 49.0""",67.3286,-124.9990,300L806720124451,,
2023,TURTON LAKE G-47,Apache Canada Ltd.,Paramount Resources Ltd.,Abandoned,Exploratory Well,2005,21-Aug-09,22-Aug-09,,Sahtu,"65° 56' 24.9""","126° 38' 17.1""",65.9404,-126.6400,300G476600126301,,
2024,TURTON LAKE L-23,Apache Canada Ltd.,Paramount Resources Ltd.,Abandoned,Exploratory Well,2005,15-Aug-09,19-Aug-09,EL414,Sahtu,"65° 52' 38.0""","126° 35' 10.0""",65.8773,-126.5880,300L236600126301,,
2025,CAMERON 2F-73,Strategic Oil & Gas Ltd.,Strategic Oil & Gas Ltd.,Abandoned,Delineation Well,2005,06-Jan-23,25-Feb-23,,Dehcho,"60° 2' 24.2""","117° 29' 29.1""",60.0400,-117.4928,302F736010117153,,
2026,CAMERON 2M-73,Strategic Oil & Gas Ltd.,Strategic Oil & Gas Ltd.,Abandoned,Delineation Well,2005,21-Feb-23,24-Feb-23,,Dehcho,"60° 2' 52.3""","117° 29' 31.9""",60.0480,-117.4936,302M736010117154,,
2030,LIARD K-29A,Paramount Resources Ltd.,Paramount Resources Ltd.,Abandoned,Development Well,2005,16-Aug-23,24-Aug-23,PL9,Dehcho,"60° 28' 41.0""","123° 35' 4.1""",60.4781,-123.5860,300K296030123303,,
2032,CAMERON J-74,Strategic Oil & Gas Ltd.,Strategic Oil & Gas Ltd.,Abandoned,Development Well,2006,16-Feb-23,27-Feb-23,,Dehcho,"60° 3' 38.8""","117° 28' 55.7""",60.0609,-117.4836,300J746010117151,,
2033,CAMERON L-73,Strategic Oil & Gas Ltd.,Strategic Oil & Gas Ltd.,Abandoned,Development Well,2007,25-Jan-23,23-Feb-23,,Dehcho,"60° 2' 38.3""","117° 29' 54.3""",60.0441,-117.4998,300L736010117151,,
2034,CAMERON J-04,Strategic Oil & Gas Ltd.,Strategic Oil & Gas Ltd.,Abandoned,Development Well,2007,16-Feb-23,11-Mar-23,,Dehcho,"60° 3' 31.3""","117° 30' 47.8""",60.0588,-117.5147,300J046010117303,,
2035,SUMMIT CREEK K-44,Husky Oil Operations Limited,International Frontier Resources Corporation,Abandoned,Exploratory Well,2006,15-Sep-10,15-Sep-10,EL397,Sahtu,"64° 23' 44.8""","125° 53' 29.8""",64.3959,-125.8934,300K446430125451,,
2036,STEWART D-57,Husky Oil Operations Limited,Husky Oil Operations Limited,Abandoned,Exploratory Well,2006,16-Sep-10,16-Sep-10,S05A7,Sahtu,"64° 16' 3.2""","125° 26' 5.9""",64.2676,-125.4368,300D576420125151,,
2041,CAMERON L-29,Strategic Oil & Gas Ltd.,Strategic Oil & Gas Ltd.,Abandoned,Delineation Well,2007,12-Jan-23,15-Jan-23,,Dehcho,"60° 8' 41.3""","117° 35' 34.5""",60.1447,-117.5928,300L296010117302,,
2042,CAMERON E-07,Strategic Oil & Gas Ltd.,Strategic Oil & Gas Ltd.,Abandoned,Development Well,2006,13-Jan-23,20-Feb-23,,Dehcho,"60° 6' 19.9""","117° 31' 37.5""",60.1056,-117.5285,300E076010117302,,
2045,CAMERON L-40,Strategic Oil & Gas Ltd.,Strategic Oil & Gas Ltd.,Abandoned,Development Well,2007,03-Mar-23,07-Mar-23,,Dehcho,"60° 9' 35.5""","117° 37' 15.9""",60.1600,-117.6225,300L406010117301,,
2047,CAMERON A-03,Strategic Oil & Gas Ltd.,Strategic Oil & Gas Ltd.,Abandoned,Development Well,2007,26-Feb-23,26-Feb-23,,Dehcho,"60° 2' 12.3""","117° 30' 0.9""",60.0369,-117.5017,300A036010117300,,
2048,CAMERON E-72,Strategic Oil & Gas Ltd.,Strategic Oil & Gas Ltd.,Abandoned,Development Well,2007,15-Feb-19,18-Feb-19,,Dehcho,"60° 1' 25.6""","117° 29' 56.0""",60.0239,-117.5003,300E726010117151,,
2050,BLACKWATER KWIJIKA M-59,Suncor Energy Inc.,Suncor Energy Inc.,Abandoned,Exploratory Well,2008,11-Feb-08,04-Mar-08,,Sahtu,"64° 38' 45.3""","122° 40' 56.8""",64.6461,-122.6841,300M596440122300,,
2051,DAHADINNI B-20,Husky Oil Operations Limited,Husky Oil Operations Limited,Abandoned,Exploratory Well,2008,16-Feb-08,31-Mar-08,EL423,Sahtu,"63° 59' 2.0""","125° 2' 47.9""",63.9840,-125.0484,300B206400125000,,
2052,KEELE RIVER L-52,Husky Oil Operations Limited,Husky Oil Operations Limited,Abandoned,Exploratory Well,2008,06-Mar-08,21-Mar-08,EL423,Sahtu,"64° 1' 30.2""","124° 56' 7.3""",64.0251,-124.9371,300L526410124450,,
2063,CAMERON M-74,Strategic Oil & Gas Ltd.,Strategic Oil & Gas Ltd.,Abandoned,Development Well,2010,03-Jan-23,09-Mar-23,,Dehcho,"60° 3' 58.8""","117° 29' 56.8""",60.0664,-117.5005,300M746010117152,,
2064,CAMERON H-06,Strategic Oil & Gas Ltd.,Strategic Oil & Gas Ltd.,Abandoned,Development Well,2010,10-Mar-16,11-Mar-16,,Dehcho,"60° 5' 18.2""","117° 30' 23.2""",60.0885,-117.5079,300H066010117301,,
2065,CAMERON F-77,Strategic Oil & Gas Ltd.,Strategic Oil & Gas Ltd.,Abandoned,Development Well,2010,14-Jan-23,20-Feb-23,,Dehcho,"60° 6' 29.3""","117° 29' 4.7""",60.1083,-117.4861,300F776010117151,,
2066,CAMERON B-09,Strategic Oil & Gas Ltd.,Strategic Oil & Gas Ltd.,Abandoned,Development Well,2010,16-Feb-10,19-Feb-10,,Dehcho,"60° 8' 8.9""","117° 30' 51.4""",60.1359,-117.5157,300B096010117300,,
2067,CAMERON N-06,Strategic Oil & Gas Ltd.,Strategic Oil & Gas Ltd.,Abandoned,Development Well,2010,07-Jan-23,11-Jan-23,,Dehcho,"60° 5' 49.2""","117° 31' 13.5""",60.0971,-117.5218,300N066010117301,,
2071,CAMERON 2B-09,Strategic Oil & Gas Ltd.,Strategic Oil & Gas Ltd.,Abandoned,Development Well,2010,20-Feb-23,27-Feb-23,,Dehcho,"60° 8' 8.9""","117° 30' 51.8""",60.1359,-117.5158,302B096010117301,,
2072,Windy Island J-39,MGM Energy Corp.,MGM Energy Corp.,Abandoned,Exploratory Well,2011,07-Feb-11,23-Feb-11,EL454,Sahtu,"64° 58' 42.4""","125° 36' 22.8""",64.9785,-125.6081,300J396500125300,,
2073,Cameron 2H-03,Strategic Oil & Gas Ltd.,Strategic Oil & Gas Ltd.,Abandoned,Development Well,2011,01-Feb-23,17-Mar-23,,Dehcho,"60° 2' 20.4""","117° 30' 6.3""",60.0391,-117.5032,302H036010117301,,
2074,Cameron E-52,Strategic Oil & Gas Ltd.,Strategic Oil & Gas Ltd.,Abandoned,Development Well,2011,19-Mar-12,21-Mar-12,,Dehcho,"60° 1' 26.0""","117° 25' 53.3""",60.0240,-117.4329,300E526010117152,,
2076,LITTLE BEAR N-09,Husky Oil Operations Limited,Husky Oil Operations Limited,Abandoned,Exploratory Well,2013,01-Mar-19,13-Mar-19,EL463,Sahtu,"64° 58' 55.2""","126° 31' 20.2""",64.9821,-126.5241,300N096500126301,,
2077,LITTLE BEAR H-64,Husky Oil Operations Limited,Husky Oil Operations Limited,Abandoned,Exploratory Well,2013,31-Jan-19,28-Feb-19,EL462,Sahtu,"64° 53' 28.5""","126° 11' 20.3""",64.8913,-126.1908,300H646500126001,,
2078,East MacKay I-78,MGM Energy Corp.,MGM Energy Corp.,Abandoned,Exploratory Well,2013,02-Feb-24,17-Feb-24,EL466,Sahtu,"64° 47' 42.1""","125° 43' 18.3""",64.7951,-125.7238,300I786450125301,,
2079,Mirror Lake N-20,ConocoPhillips Canada Resources Corp.,ConocoPhillips Canada Resources Corp.,Abandoned,Exploratory Well,2013,08-Feb-16,02-Mar-16,,Sahtu,"64° 59' 46.8""","126° 48' 14.6""",64.9964,-126.8059,300N206500126450,,
2080,Loon Creek O-06,ConocoPhillips Canada Resources Corp.,ConocoPhillips Canada Resources Corp.,Abandoned,Exploratory Well,2013,29-Feb-16,13-Mar-16,,Sahtu,"65° 5' 51.5""","127° 0' 30.7""",65.0977,-127.0104,300O066510127000,,
2081,Mirror Lake P-20,ConocoPhillips Canada Resources Corp.,ConocoPhillips Canada Resources Corp.,Abandoned,Exploratory Well,2014,25-Feb-16,28-Feb-16,,Sahtu,"64° 59' 58.0""","126° 47' 8.7""",64.9995,-126.7876,300P206500126450,,
2082,DODO CANYON E-76,ConocoPhillips Canada Resources Corp.,ConocoPhillips Canada Resources Corp.,Abandoned,Exploratory Well,2013,02-Feb-16,05-Feb-16,,Sahtu,"65° 5' 27.0""","126° 59' 58.0""",65.0529,-126.0336,300E766510126450,,
10001,Dodo Canyon WW02-A (C-11),ConocoPhillips Canada Resources Corp.,ConocoPhillips Canada Resources Corp.,Abandoned,Water Well,2013,20-Feb-16,29-Feb-16,,Sahtu,"65° 00' 01.1366""","126° 48' 00.9671""",65.0004,-126.8018,300C116510126450,,
10002,Dodo Canyon WW05-A (D-04),ConocoPhillips Canada Resources Corp.,ConocoPhillips Canada Resources Corp.,Abandoned,Water Well,2013,29-Feb-16,03-Mar-16,,Sahtu,"65° 05' 34.8742""","127° 00' 23.2244""",65.0931,-127.0083,300D046510127000,,
10003,Dodo Canyon WW04-A (I-06),ConocoPhillips Canada Resources Corp.,ConocoPhillips Canada Resources Corp.,Abandoned,Water Well,2013,27-Feb-16,01-Mar-16,,Sahtu,"65° 03' 10.0381""","127° 01' 54.6262""",65.0529,-126.0336,300I066510127000,,
,,,,,,,,,,,,,,,,,
