Well ID,Well Name,UWI,Well Operator,Well Status,Classification,SPUD Date,Rig Release Date,Land Title,Region,NAD 27 Lat,NAD 27 Long,NAD 83 Lat,NAD 83 Long
1887,TATE G-18,300G186430125150,AEC West Ltd.,Abandoned,Exploratory Well,2000-02-17 0:00,2000-03-09 0:00,,NWT Mainland,"64° 27' 17.3""","125° 17' 33.2""","64° 27' 17.6""","125° 17' 39.6"""
1888,CARCAJOU O-74,300O746540128000,AEC West Ltd.,Abandoned,Exploratory Well,2000-02-22 0:00,2000-03-11 0:00,EL387,NWT Mainland,"65° 33' 48.1""","128° 13' 59.3""","65° 33' 48.3""","128° 14' 6.3"""
1889,CARCAJOU P-16,300P166540128150,AEC West Ltd.,Abandoned,Exploratory Well,2000-02-25 0:00,2000-03-05 0:00,EL387,NWT Mainland,"65° 35' 57.0""","128° 17' 18.2""","65° 35' 57.2""","128° 17' 25.2"""
1890,CARCAJOU D-07,300D076540128300,AEC West Ltd.,Abandoned,Exploratory Well,2000-03-02 0:00,2000-03-19 0:00,,NWT Mainland,"65° 36' 10.1""","128° 31' 49.8""","65° 36' 10.2""","128° 31' 56.8"""
1891,CARCAJOU O-47,300O476540128300,AEC West Ltd.,Abandoned,Exploratory Well,2000-02-26 0:00,2000-03-25 0:00,EL387,NWT Mainland,"65° 36' 47.8""","128° 38' 11.5""","65° 36' 47.9""","128° 38' 18.5"""
485,REDKNIFE E-55,300E556040119300,Amerada Hess Canada Limited,Abandoned,Exploratory Well,1970-01-12 0:00,1970-02-04 0:00,3584,NWT Mainland,"60° 34' 23.0""","119° 41' 5.5""","60° 34' 23.3""","119° 41' 10.9"""
171,"CROWN BELL RIVER ""YT-A"" NO.1 (N-50)",300N506720136450,Amerada Minerals Corporation of Canada Ltd.,Abandoned,Exploratory Well,1960-02-29 0:00,1960-09-08 0:00,1104,Yukon,"67° 19' 45.0""","136° 53' 29.0""","67° 19' 44.3""","136° 53' 37.8"""
1740,KINGARK J-54,300J546950137150,Amoco Canada Petroleum Company Ltd.,Abandoned,Exploratory Well,1989-07-18 0:00,1989-10-10 0:00,EL346,Beaufort Sea,"69° 43' 44.2""","137° 28' 14.9""","69° 43' 43.8""","137° 28' 25.4"""
467,INUVIK D-54,300D546830133300,Amoco Canada Petroleum Company Ltd.,Abandoned,Exploratory Well,1969-07-19 0:00,1969-09-12 0:00,4260,NWT Mackenzie Delta,"68° 23' 12.8""","133° 44' 24.8""","68° 23' 12.6""","133° 44' 34.0"""
907,E. CAMERON D-16,300D166010116300,Amoco Canada Petroleum Company Ltd.,Abandoned,Exploratory Well,1974-02-21 0:00,1974-03-13 0:00,4586,NWT Mainland,"60° 5' 8.0""","116° 33' 31.0""","60° 5' 8.4""","116° 33' 36.1"""
377,SPAWN G-27,300G276010118150,Amoco Canada Petroleum Company Ltd.,Abandoned,Exploratory Well,1968-01-28 0:00,1968-02-29 0:00,3878,NWT Mainland,"60° 6' 16.3""","118° 19' 35.0""","60° 6' 16.6""","118° 19' 40.2"""
203,ISLAND RIVER D-29,300D296010121000,Amoco Canada Petroleum Company Ltd.,Abandoned,Exploratory Well,1961-12-17 0:00,1962-03-10 0:00,2709,NWT Mainland,"60° 8' 7.7""","121° 5' 17.1""","60° 8' 7.8""","121° 5' 23.0"""
1799,POINTED MOUNTAIN P-53A,300P536030123451,Amoco Canada Petroleum Company Ltd.,Abandoned,Development Well,2003-06-17 0:00,2003-09-12 0:00,,NWT Mainland,"60° 22' 45.6""","123° 54' 33.4""","60° 22' 45.7""","123° 54' 38.8"""
361,POINTED MOUNTAIN K-45(A-2),300K456030123452,Amoco Canada Petroleum Company Ltd.,Abandoned,Development Well,1994-06-10 0:00,1994-06-19 0:00,998,NWT Mainland,"60° 24' 33.8""","123° 53' 51.8""","60° 24' 33.9""","123° 53' 57.2"""
796,EAST FLETT H-13,300H136040123150,Amoco Canada Petroleum Company Ltd.,Abandoned,Exploratory Well,1973-02-16 0:00,1973-02-24 0:00,6275,NWT Mainland,"60° 32' 27.5""","123° 17' 15.0""","60° 32' 27.7""","123° 17' 20.5"""
466,FLETT N-19,300N196040123450,Amoco Canada Petroleum Company Ltd.,Abandoned,Exploratory Well,1969-08-11 0:00,1969-11-17 0:00,2520,NWT Mainland,"60° 38' 48.3""","123° 48' 6.5""","60° 38' 48.5""","123° 48' 12.0"""
495,CORMACK N-33,300N336100122300,Amoco Canada Petroleum Company Ltd.,Abandoned,Exploratory Well,1970-02-01 0:00,1970-03-14 0:00,138,NWT Mainland,"60° 52' 47.1""","122° 36' 46.3""","60° 52' 47.5""","122° 36' 51.7"""
501,POPLAR RIVER G-32,300G326110121150,Amoco Canada Petroleum Company Ltd.,Abandoned,Exploratory Well,1970-02-05 0:00,1970-03-13 0:00,4293,NWT Mainland,"61° 1' 28.6""","121° 21' 12.4""","61° 1' 28.9""","121° 21' 17.8"""
681,RED DOG K-29,300K296410125300,Amoco Canada Petroleum Company Ltd.,Abandoned,Exploratory Well,1972-01-11 0:00,1972-03-28 0:00,3424,NWT Mainland,"64° 8' 43.0""","125° 34' 55.0""","64° 8' 43.2""","125° 35' 1.5"""
689,A-1 CRANSWICK A-22,300A226540131450,Amoco Canada Petroleum Company Ltd.,Abandoned,Exploratory Well,1972-01-25 0:00,1972-03-28 0:00,6195,NWT Mainland,"65° 31' 1.0""","131° 48' 55.0""","65° 31' 0.7""","131° 49' 2.5"""
694,CARCAJOU K-68,300K686540128000,Amoco Canada Petroleum Company Ltd.,Abandoned,Exploratory Well,1972-02-09 0:00,1972-03-17 0:00,4382,NWT Mainland,"65° 37' 42.0""","128° 12' 23.0""","65° 37' 42.2""","128° 12' 30.0"""
1,BEAVER YT G-01,300G016010124154,Amoco Canada Petroleum Company Ltd.,Abandoned,Exploratory Well,1978-09-02 0:00,1978-09-09 0:00,1002,Yukon,"60° 0' 25.0""","124° 15' 48.0""","60° 0' 24.4""","124° 15' 54.1"""
210,KOTANEELEE YT P-50,300P506010124001,Amoco Canada Petroleum Company Ltd.,Abandoned,Exploratory Well,1990-09-30 0:00,1990-10-01 0:00,1007,Yukon,"60° 9' 46.8""","124° 7' 54.0""","60° 9' 46.5""","124° 7' 59.9"""
720,CRANSWICK YT A-42,300A426550133001,Amoco Canada Petroleum Company Ltd.,Abandoned,Exploratory Well,1972-11-13 0:00,1973-03-20 0:00,6206,Yukon,"65° 41' 12.6""","133° 7' 52.1""","65° 41' 12.2""","133° 7' 59.8"""
104,WESTEROL 4-A (M-77),300M776150121000,Anderson F.W.,Abandoned,Exploratory Well,1952-08-29 0:00,1952-09-12 0:00,384,NWT Mainland,"61° 46' 49.0""","121° 14' 46.0""","61° 46' 49.4""","121° 14' 51.4"""
457,POINTED MOUNTAIN (B-1) O-46,300O466030123452,Apache Canada Ltd.,Abandoned,Delineation Well,1992-08-14 0:00,1992-08-26 0:00,,NWT Mainland,"60° 25' 56.9""","123° 52' 59.2""","60° 25' 57.0""","123° 53' 4.6"""
740,POINTED MOUNTAIN (B-2) F-38,300F386030123451,Apache Canada Ltd.,Abandoned,Delineation Well,1992-08-13 0:00,1992-08-20 0:00,,NWT Mainland,"60° 27' 19.2""","123° 51' 55.0""","60° 27' 19.3""","123° 52' 0.4"""
2024,TURTON LAKE L-23,300L236600126301,Apache Canada Ltd.,Abandoned,Exploratory Well,2009-08-15 0:00,2009-08-19 0:00,EL414,NWT Mainland,"65° 52' 38.0""","126° 35' 10.0""","65° 52' 38.3""","126° 35' 16.9"""
2023,TURTON LAKE G-47,300G476600126301,Apache Canada Ltd.,Abandoned,Exploratory Well,2009-08-21 0:00,2009-08-22 0:00,,NWT Mainland,"65° 56' 24.9""","126° 38' 17.1""","65° 56' 25.2""","126° 38' 24.0"""
2019,LAC MAUNOIR A-67,300A676720125002,Apache Canada Ltd.,Abandoned,Exploratory Well,2005-03-20 0:00,2005-03-23 0:00,EL399,NWT Mainland,"67° 16' 3.8""","125° 11' 28.3""","67° 16' 4.4""","125° 11' 35.6"""
2022,EAST LAC MAUNOIR L-80,300L806720124451,Apache Canada Ltd.,Abandoned,Exploratory Well,2005-03-11 0:00,2005-03-25 0:00,EL399,NWT Mainland,"67° 19' 42.5""","124° 59' 49.0""","67° 19' 43.1""","124° 59' 56.3"""
696,POINTED MOUNTAIN (C-1) P-24,300P246030123450,Apache Canada Ltd.,Abandoned,Service Well,1972-02-11 0:00,1972-04-09 0:00,,NWT Mainland,"60° 23' 53.7""","123° 48' 57.0""","60° 23' 53.8""","123° 49' 2.4"""
401,POINTED MOUNTAIN G-62,300G626030123451,Apache Canada Ltd.,Abandoned,Exploratory Well,2003-06-24 0:00,2003-08-01 0:00,,NWT Mainland,"60° 21' 26.8""","123° 56' 46.8""","60° 21' 26.9""","123° 56' 52.2"""
301,POINTED MOUNTAIN P-53,300P536030123452,Apache Canada Ltd.,Abandoned,Exploratory Well,1994-07-27 0:00,1994-08-10 0:00,,NWT Mainland,"60° 22' 45.6""","123° 54' 33.3""","60° 22' 45.7""","123° 54' 38.7"""
911,A-4 POINTED MOUNTAIN A-55,300A556030123453,Apache Canada Ltd.,Abandoned,Development Well,2003-06-27 0:00,2003-08-15 0:00,,NWT Mainland,"60° 24' 5.0""","123° 54' 39.1""","60° 24' 5.1""","123° 54' 44.5"""
1798,POINTED MOUNTAIN K-45A,302K456030123452,Apache Canada Ltd.,Abandoned,Development Well,2001-01-30 0:00,2001-03-06 0:00,,NWT Mainland,"60° 24' 33.8""","123° 53' 51.8""","60° 24' 33.9""","123° 53' 57.2"""
792,HIGHLAND L K-42,300K426240122150,Aquitaine Company Of Canada Ltd,Abandoned,Exploratory Well,1973-02-03 0:00,1973-03-01 0:00,4413,NWT Mainland,"62° 31' 39.9""","122° 23' 36.2""","62° 31' 40.2""","122° 23' 41.8"""
804,HIGHLAND L I-23,300I236240122150,Aquitaine Company Of Canada Ltd,Abandoned,Exploratory Well,1973-03-04 0:00,1973-03-17 0:00,4413,NWT Mainland,"62° 32' 44.7""","122° 19' 8.0""","62° 32' 45.0""","122° 19' 13.6"""
903,SILVAN PLATEAU G-51,300G516400125150,Aquitaine Company Of Canada Ltd,Abandoned,Exploratory Well,1974-02-05 0:00,1974-03-22 0:00,5382,NWT Mainland,"63° 50' 21.9""","125° 25' 4.3""","63° 50' 22.1""","125° 25' 10.7"""
768,OLD FORT POINT E-30,300E306450124450,Aquitaine Company Of Canada Ltd,Abandoned,Exploratory Well,1972-12-20 0:00,1973-01-07 0:00,,NWT Mainland,"64° 49' 26.0""","124° 50' 16.0""","64° 49' 26.4""","124° 50' 22.3"""
661,DODO CANYON K-03,300K036510126450,Aquitaine Company Of Canada Ltd,Abandoned,Exploratory Well,1971-11-29 0:00,1972-01-20 0:00,4943,NWT Mainland,"65° 2' 33.4""","126° 46' 14.0""","65° 2' 33.6""","126° 46' 20.6"""
782,BRACKETT L C-21,300C216520125000,Aquitaine Company Of Canada Ltd,Abandoned,Exploratory Well,1973-01-16 0:00,1973-03-01 0:00,5442,NWT Mainland,"65° 10' 2.0""","125° 5' 8.0""","65° 10' 2.4""","125° 5' 14.4"""
1093,ALDER YT C-33,300C336600136451,Aquitaine Company Of Canada Ltd,Abandoned,Exploratory Well,1978-12-13 0:00,1979-03-04 0:00,6448,Yukon,"65° 52' 1.6""","136° 51' 54.7""","65° 52' 0.8""","136° 52' 3.0"""
1485,HOOSIER F-27,300F276530127450,AT&S Exploration Ltd.,Abandoned,Exploratory Well,1985-01-30 0:00,1985-03-01 0:00,,NWT Mainland,"65° 26' 16.4""","127° 49' 58.9""","65° 26' 16.6""","127° 50' 5.8"""
1471,CARCAJOU D-05,300D056540128152,AT&S Exploration Ltd.,Abandoned,Exploratory Well,1986-02-01 0:00,1986-02-01 0:00,,NWT Mainland,"65° 34' 13.1""","128° 16' 42.7""","65° 34' 13.3""","128° 16' 49.7"""
1580,CARCAJOU O-25,300O256540128150,AT&S Exploration Ltd.,Abandoned,Exploratory Well,1986-01-14 0:00,1986-01-30 0:00,,NWT Mainland,"65° 34' 50.8""","128° 19' 24.5""","65° 34' 51.0""","128° 19' 31.5"""
1571,MAIDA CREEK 2O-65,302O656540128000,AT&S Exploration Ltd.,Abandoned,Exploratory Well,1985-12-24 0:00,1986-01-10 0:00,,NWT Mainland,"65° 34' 52.7""","128° 11' 47.2""","65° 34' 52.9""","128° 11' 54.2"""
1566,MAIDA CREEK O-65,300O656540128000,AT&S Exploration Ltd.,Abandoned,Exploratory Well,1985-12-15 0:00,1985-12-21 0:00,,NWT Mainland,"65° 34' 52.7""","128° 11' 47.2""","65° 34' 52.9""","128° 11' 54.2"""
490,ISLAND RIVER J-44,300J446010120150,Atkinson Petroleums Ltd.,Abandoned,Exploratory Well,1970-01-23 0:00,1970-02-25 0:00,511-6,NWT Mainland,"60° 3' 31.0""","120° 23' 10.0""","60° 3' 31.2""","120° 23' 15.8"""
576,ISLAND RIVER G-42,300G426020121000,Atkinson Petroleums Ltd.,Abandoned,Exploratory Well,1970-12-30 0:00,1971-01-20 0:00,35068,NWT Mainland,"60° 11' 20.0""","121° 8' 5.0""","60° 11' 20.1""","121° 8' 10.9"""
608,TROUT LAKE M-51,300M516030121000,Atkinson Petroleums Ltd.,Abandoned,Exploratory Well,1971-02-21 0:00,1971-03-19 0:00,45568,NWT Mainland,"60° 20' 57.0""","121° 10' 47.5""","60° 20' 57.2""","121° 10' 53.1"""
795,TROUT LAKE H-57,300H576030121150,Atkinson Petroleums Ltd.,Abandoned,Exploratory Well,1973-02-15 0:00,1973-03-27 0:00,21267,NWT Mainland,"60° 26' 21.0""","121° 24' 46.0""","60° 26' 21.2""","121° 24' 51.6"""
581,TRAINOR LAKE F-48,300F486030120150,Atkinson Petroleums Ltd.,Abandoned,Exploratory Well,1971-01-05 0:00,1971-02-03 0:00,49069,NWT Mainland,"60° 27' 16.9""","120° 23' 38.7""","60° 27' 17.1""","120° 23' 44.3"""
700,ISLAND R. I-63,300I636040120450,Atkinson Petroleums Ltd.,Abandoned,Exploratory Well,1972-02-21 0:00,1972-03-21 0:00,33068,NWT Mainland,"60° 32' 41.0""","120° 56' 20.0""","60° 32' 41.3""","120° 56' 25.4"""
1919,MALLIK 3L-38,303L386930134302,Aurora College,Abandoned,Test Hole,2008-03-23 0:00,2008-04-01 0:00,,NWT Mackenzie Delta,"69° 27' 38.3""","134° 39' 41.6""","69° 27' 38.1""","134° 39' 51.7"""
1921,MALLIK 5L-38,305L386930134301,Aurora College,Abandoned,Test Hole,2008-03-28 0:00,2008-04-02 0:00,,NWT Mackenzie Delta,"69° 27' 39.5""","134° 39' 38.3""","69° 27' 39.3""","134° 39' 48.4"""
1827,MALLIK 2L-38,302L386930134302,Aurora College,Abandoned,Development Well,2008-03-08 0:00,2008-03-19 0:00,,NWT Mackenzie Delta,"69° 27' 40.7""","134° 39' 30.4""","69° 27' 40.5""","134° 39' 40.5"""
1920,MALLIK 4L-38,304L386930134301,Aurora College,Abandoned,Test Hole,2008-03-28 0:00,2008-04-02 0:00,,NWT Mackenzie Delta,"69° 27' 40.8""","134° 39' 34.9""","69° 27' 40.6""","134° 39' 45.0"""
2046,MALLIK 6L-38,306L386930134300,Aurora College,Abandoned,Test Hole,2007-04-20 0:00,2007-04-20 0:00,SDL60,NWT Mackenzie Delta,"69° 27' 41.0""","134° 39' 34.3""","69° 27' 40.8""","134° 39' 44.4"""
1915,AURORA TRAINING WELL INUVIK G-04,300G046830133450,Aurora College,Abandoned,Test Hole,2001-07-30 0:00,2001-08-25 0:00,,NWT Mackenzie Delta,"68° 23' 25.9""","133° 45' 42.2""","68° 23' 25.6""","133° 45' 51.5"""
966,GREY GOOSE N-70,300N706520123300,B P Exploration Canada Limited,Abandoned,Exploratory Well,1974-12-27 0:00,1975-01-08 0:00,5001,NWT Mainland,"65° 19' 58.0""","123° 42' 15.0""","65° 19' 58.5""","123° 42' 21.3"""
973,RUSSEL M-07,300M076530123300,B P Exploration Canada Limited,Abandoned,Exploratory Well,1975-01-26 0:00,1975-02-05 0:00,4994,NWT Mainland,"65° 26' 58.0""","123° 31' 50.0""","65° 26' 58.5""","123° 31' 56.3"""
978,WHITE M-04,300M046540123450,B P Exploration Canada Limited,Abandoned,Exploratory Well,1975-02-15 0:00,1975-02-23 0:00,4988,NWT Mainland,"65° 33' 56.0""","123° 46' 30.0""","65° 33' 56.5""","123° 46' 36.4"""
989,LOSH LAKE G-22,300G226600123150,B P Exploration Canada Limited,Abandoned,Exploratory Well,1975-03-14 0:00,1975-04-12 0:00,6386,NWT Mainland,"65° 51' 29.0""","123° 19' 35.0""","65° 51' 29.6""","123° 19' 41.4"""
632,HOTSPUR J-20,300J207610104001,B P O G Operations Limited,Abandoned,Exploratory Well,1988-05-22 0:00,1988-05-26 0:00,A125,"Nunavut Arctic Islands Onshore, Foxe Basin","76° 9' 37.0""","104° 4' 43.0""","76° 9' 39.8""","104° 4' 48.9"""
702,GRAHAM C-52,300C527730090300,B P O G Operations Limited,Abandoned,Exploratory Well,1972-02-21 0:00,1972-05-16 0:00,A1625,"Nunavut Arctic Islands Onshore, Foxe Basin","77° 21' 14.0""","90° 51' 25.0""","77° 21' 17.3""","90° 51' 26.0"""
762,EMERALD K-33,300K337650113300,B P O G Operations Limited,Abandoned,Exploratory Well,1972-12-12 0:00,1973-04-13 0:00,A76,NWT Arctic Islands Onshore,"76° 42' 43.0""","113° 43' 21.0""","76° 42' 45.7""","113° 43' 31.1"""
651,SATELLITE F-68,300F687720116300,B P O G Operations Limited,Abandoned,Exploratory Well,1971-09-17 0:00,1972-05-02 0:00,A227,NWT Arctic Islands Onshore,"77° 17' 27.0""","116° 55' 10.0""","77° 17' 29.6""","116° 55' 21.7"""
553,OSCAR CREEK J-48,300J486530127000,Banff Oil Ltd,Abandoned,Exploratory Well,1970-09-13 0:00,1970-09-22 0:00,4282,NWT Mainland,"65° 27' 35.1""","127° 8' 23.5""","65° 27' 35.4""","127° 8' 30.3"""
549,OSCAR CREEK H-71,300H716540127000,Banff Oil Ltd,Abandoned,Exploratory Well,1970-08-22 0:00,1970-09-06 0:00,4280,NWT Mainland,"65° 30' 20.0""","127° 13' 26.0""","65° 30' 20.3""","127° 13' 32.8"""
573,TREELESS CREEK I-51,300I516800135150,Banff Oil Ltd,Abandoned,Exploratory Well,1970-12-18 0:00,1971-01-28 0:00,4649,NWT Mainland,"67° 50' 42.0""","135° 24' 28.0""","67° 50' 41.5""","135° 24' 37.0"""
557,RAT PASS K-35,300K356800135150,Banff Oil Ltd,Abandoned,Exploratory Well,1970-10-21 0:00,1970-12-13 0:00,4649,NWT Mainland,"67° 54' 42.5""","135° 21' 56.8""","67° 54' 42.0""","135° 22' 5.8"""
515,LITTLE GROWL N-11,300N116010121450,Banner Petroleums Limited,Abandoned,Exploratory Well,1970-03-03 0:00,1970-04-05 0:00,39068,NWT Mainland,"60° 0' 52.5""","121° 48' 2.8""","60° 0' 52.3""","121° 48' 8.9"""
769,SOUTH DELTA J-80,300J806740134300,Bluemont Resources Ltd.,Abandoned,Exploratory Well,1972-12-21 0:00,1973-02-23 0:00,3808,NWT Mainland,"67° 39' 40.4""","134° 43' 38.4""","67° 39' 39.9""","134° 43' 47.2"""
596,BEAVERCROW Y.T. B-16,300B166010125150,Bluemont Resources Ltd.,Abandoned,Exploratory Well,1971-02-03 0:00,1971-05-09 0:00,5463,Yukon,"60° 5' 3.3""","125° 18' 4.8""","60° 5' 2.6""","125° 18' 10.6"""
140,TETCHO LAKE NO.1(L-26),300L266040120300,Briggs D. Todd,Abandoned,Exploratory Well,1958-02-02 0:00,1958-03-11 0:00,927,NWT Mainland,"60° 35' 42.0""","120° 35' 15.0""","60° 35' 42.3""","120° 35' 20.6"""
149,WEST TATHLINA LAKE NO.1(G-48),300G486040117451,Briggs D. Todd,Abandoned,Exploratory Well,1959-12-15 0:00,1959-12-22 0:00,1526,NWT Mainland,"60° 37' 21.3""","117° 53' 8.1""","60° 37' 21.7""","117° 53' 13.2"""
158,WEST TATHLINA NO.2(G-19),300G196040117450,Briggs D. Todd,Abandoned,Exploratory Well,1959-12-30 0:00,1960-01-30 0:00,1526,NWT Mainland,"60° 38' 17.7""","117° 47' 27.3""","60° 38' 18.1""","117° 47' 32.4"""
161,W.TATHLINA LAKE NO.3(A-71),300A716050117300,Briggs D. Todd,Abandoned,Exploratory Well,1960-01-12 0:00,1960-02-05 0:00,,NWT Mainland,"60° 40' 0.0""","117° 43' 12.0""","60° 40' 0.4""","117° 43' 17.1"""
137,TATHLINA LAKE NO.3(F-01),300F016050117300,Briggs D. Todd,Abandoned,Exploratory Well,1958-01-06 0:00,1958-01-24 0:00,,NWT Mainland,"60° 40' 29.5""","117° 31' 9.6""","60° 40' 29.9""","117° 31' 14.7"""
141,TATHLINA LAKE NO.7(J-53),300J536050117150,Briggs D. Todd,Abandoned,Exploratory Well,1958-02-17 0:00,1958-03-07 0:00,,NWT Mainland,"60° 42' 33.0""","117° 23' 43.0""","60° 42' 33.4""","117° 23' 48.1"""
152,NORTHEAST TATHLINA LAKE NO.9(D-34),300D346050117150,Briggs D. Todd,Abandoned,Exploratory Well,1959-03-21 0:00,1959-04-06 0:00,,NWT Mainland,"60° 43' 12.0""","117° 22' 17.0""","60° 43' 12.4""","117° 22' 22.1"""
142,TATHLINA LAKE NO.8(F-25),300F256050117150,Briggs D. Todd,Abandoned,Exploratory Well,1958-03-10 0:00,1958-03-22 0:00,,NWT Mainland,"60° 44' 27.6""","117° 19' 46.2""","60° 44' 28.0""","117° 19' 51.3"""
138,TATHLINA LAKE NO.5(K-65),300K656050117150,Briggs D. Todd,Abandoned,Exploratory Well,1958-01-29 0:00,1958-02-12 0:00,,NWT Mainland,"60° 44' 43.4""","117° 27' 16.2""","60° 44' 43.8""","117° 27' 21.3"""
126,N.E.TATHLINA LAKE NO.1(C-27),300C276050117151,Briggs D. Todd,Abandoned,Exploratory Well,1989-03-10 0:00,1989-03-15 0:00,,NWT Mainland,"60° 46' 1.2""","117° 19' 44.5""","60° 46' 1.6""","117° 19' 49.6"""
132,N.E.TATHLINA LAKE NO.2(K-18),300K186050117150,Briggs D. Todd,Abandoned,Exploratory Well,1957-01-09 0:00,1957-02-01 0:00,,NWT Mainland,"60° 47' 36.5""","117° 17' 57.3""","60° 47' 36.9""","117° 18' 2.4"""
139,TROUT RIVER NO.1(K-33),300K336100120300,Briggs D. Todd,Abandoned,Exploratory Well,1958-01-29 0:00,1958-03-05 0:00,902,NWT Mainland,"60° 52' 30.0""","120° 36' 48.0""","60° 52' 30.3""","120° 36' 53.4"""
122,RABBIT LAKE NO. 2(O-25),300O256100118450,Briggs D. Todd,Abandoned,Exploratory Well,1955-04-05 0:00,1955-05-29 0:00,363,NWT Mainland,"60° 54' 53.1""","118° 49' 36.8""","60° 54' 53.5""","118° 49' 41.9"""
174,TROUT RIVER NO.5(D-06),300D066100120300,Briggs D. Todd,Abandoned,Exploratory Well,1960-03-11 0:00,1960-03-28 0:00,902,NWT Mainland,"60° 55' 3.0""","120° 31' 34.0""","60° 55' 3.3""","120° 31' 39.3"""
124,FOETUS LAKE NO.1 (D-06),300D066100118300,Briggs D. Todd,Abandoned,Exploratory Well,1955-12-15 0:00,1956-01-31 0:00,910,NWT Mainland,"60° 55' 12.8""","118° 31' 48.8""","60° 55' 13.2""","118° 31' 53.9"""
121,RABBIT LAKE NO.1(O-16),300O166100118451,Briggs D. Todd,Abandoned,Exploratory Well,1988-01-23 0:00,1988-01-26 0:00,SDL11,NWT Mainland,"60° 55' 50.8""","118° 47' 28.7""","60° 55' 51.2""","118° 47' 33.8"""
134,RABBIT LAKE NO.3(B-07),300B076100118451,Briggs D. Todd,Abandoned,Exploratory Well,1988-01-20 0:00,1988-01-22 0:00,SDL11,NWT Mainland,"60° 56' 6.7""","118° 45' 43.7""","60° 56' 7.1""","118° 45' 48.9"""
164,TROUT RIVER NO.2(D-18),300D186100120150,Briggs D. Todd,Abandoned,Exploratory Well,1960-02-06 0:00,1960-02-23 0:00,903,NWT Mainland,"60° 57' 9.0""","120° 18' 38.0""","60° 57' 9.3""","120° 18' 43.3"""
176,TROUT RIVER NO.6(K-18),300K186100120150,Briggs D. Todd,Abandoned,Exploratory Well,1960-03-16 0:00,1960-03-30 0:00,903,NWT Mainland,"60° 57' 36.0""","120° 17' 53.0""","60° 57' 36.3""","120° 17' 58.3"""
165,TROUT RIVER NO.3(I-19),300I196100120000,Briggs D. Todd,Abandoned,Exploratory Well,1960-02-12 0:00,1960-03-03 0:00,904,NWT Mainland,"60° 58' 44.0""","120° 1' 55.0""","60° 58' 44.3""","120° 2' 0.3"""
170,TROUT RIVER NO.4(A-10),300A106100120150,Briggs D. Todd,Abandoned,Exploratory Well,1960-02-27 0:00,1960-03-13 0:00,903,NWT Mainland,"60° 59' 11.0""","120° 15' 2.0""","60° 59' 11.3""","120° 15' 7.3"""
146,NORTHEAST RABBIT LAKE NO.1(K-21),300K216110118300,Briggs D. Todd,Abandoned,Exploratory Well,1959-01-25 0:00,1959-02-12 0:00,900,NWT Mainland,"61° 0' 34.1""","118° 35' 9.1""","61° 0' 34.5""","118° 35' 14.2"""
143,TURKEY LAKE NO.1 (I-48),300I486110120150,Briggs D. Todd,Abandoned,Exploratory Well,1958-03-14 0:00,1958-03-26 0:00,893,NWT Mainland,"61° 7' 30.0""","120° 22' 30.0""","61° 7' 30.3""","120° 22' 35.3"""
275,REINDEER D-27,300D276910134300,British American Oil Company Ltd [The],Abandoned,Exploratory Well,1965-07-08 0:00,1966-01-05 0:00,1715,NWT Mackenzie Delta,"69° 6' 5.0""","134° 36' 54.0""","69° 6' 4.7""","134° 37' 3.7"""
222,SOUTH ARROWHEAD B-76,300B766030122450,British American Oil Company Ltd [The],Abandoned,Exploratory Well,1964-01-12 0:00,1964-03-11 0:00,1050,NWT Mainland,"60° 25' 2.0""","122° 59' 2.0""","60° 25' 2.2""","122° 59' 7.4"""
240,WEST ARROWHEAD N-02,300N026040123000,British American Oil Company Ltd [The],Abandoned,Exploratory Well,1965-01-10 0:00,1965-03-17 0:00,EL383,NWT Mainland,"60° 31' 46.0""","123° 1' 18.0""","60° 31' 46.3""","123° 1' 23.4"""
114,JEAN MARIE CREEK NO.1(B-43),300B436140120300,British American Oil Company Ltd [The],Abandoned,Exploratory Well,1953-09-16 0:00,1953-09-30 0:00,507,NWT Mainland,"61° 32' 0.0""","120° 38' 15.0""","61° 32' 0.4""","120° 38' 20.3"""
417,CLI LAKE K-54,300K546210123000,British American Oil Company Ltd [The],Abandoned,Exploratory Well,1968-12-09 0:00,1969-02-13 0:00,5369,NWT Mainland,"62° 3' 40.8""","123° 10' 24.2""","62° 3' 41.1""","123° 10' 29.9"""
105,TRAIL CREEK NO.1(J-65),300J656210122000,British American Oil Company Ltd [The],Abandoned,Exploratory Well,1952-09-22 0:00,1952-10-05 0:00,0413,NWT Mainland,"62° 4' 30.0""","122° 12' 0.0""","62° 4' 30.3""","122° 12' 5.6"""
113,LONE MOUNTAIN NO.2(B-59),300B596210122300,British American Oil Company Ltd [The],Abandoned,Exploratory Well,1953-08-14 0:00,1953-09-09 0:00,481,NWT Mainland,"62° 8' 0.0""","122° 40' 0.0""","62° 8' 0.3""","122° 40' 5.6"""
112,LONE MOUNTAIN NO.1(D-51),300D516220122450,British American Oil Company Ltd [The],Abandoned,Exploratory Well,1953-07-24 0:00,1953-08-09 0:00,460,NWT Mainland,"62° 10' 0.0""","122° 56' 0.0""","62° 10' 0.3""","122° 56' 5.6"""
111,ROOT RIVER NO.1(C-16),300C166230123150,British American Oil Company Ltd [The],Abandoned,Exploratory Well,1953-06-27 0:00,1953-07-17 0:00,462,NWT Mainland,"62° 25' 0.0""","123° 18' 0.0""","62° 25' 0.3""","123° 18' 5.7"""
600,BLACKWATER LAKE I-54,300I546440122300,Buttes Resources Canada Ltd,Abandoned,Exploratory Well,1971-02-10 0:00,1971-02-24 0:00,3443,NWT Mainland,"64° 33' 43.9""","122° 39' 40.9""","64° 33' 44.4""","122° 39' 46.9"""
616,BLACKWATER LAKE 2I-54,302I546440122300,Buttes Resources Canada Ltd,Abandoned,Exploratory Well,1971-03-07 0:00,1971-04-03 0:00,3443,NWT Mainland,"64° 33' 43.9""","122° 39' 40.2""","64° 33' 44.4""","122° 39' 46.2"""
522,CELIBETA N-39,300N396010122300,Canada Southern Petroleum Ltd.,Abandoned,Exploratory Well,1970-03-15 0:00,1970-03-20 0:00,57269,NWT Mainland,"60° 8' 50.0""","122° 36' 56.0""","60° 8' 49.9""","122° 37' 2.0"""
197,CARNWATH RIVER NO.1(K-15),300K156750128450,Canada Southern Petroleum Ltd.,Abandoned,Exploratory Well,1961-03-11 0:00,1961-04-08 0:00,2267,NWT Mainland,"67° 44' 40.0""","128° 47' 53.0""","67° 44' 40.3""","128° 48' 1.2"""
215,N. BEAVER R. YT I-27,300I276010124003,Canada Southern Petroleum Ltd.,Abandoned,Exploratory Well,1997-08-10 0:00,1997-09-10 0:00,1007,Yukon,"60° 6' 40.6""","124° 3' 53.2""","60° 6' 40.1""","124° 3' 59.3"""
805,JACKFISH N-69,300N696230121150,Canada-Cities Service Ltd,Abandoned,Exploratory Well,1973-03-04 0:00,1973-03-19 0:00,4369,NWT Mainland,"62° 28' 47.0""","121° 27' 32.0""","62° 28' 47.4""","121° 27' 37.5"""
808,BLUEFISH K-71,300K716500125450,Canada-Cities Service Ltd,Abandoned,Exploratory Well,1973-03-06 0:00,1973-03-31 0:00,3719,NWT Mainland,"64° 50' 30.1""","125° 59' 30.8""","64° 50' 30.4""","125° 59' 37.2"""
422,REDKNIFE J-21,300J216110119150,Canada-Cities Service Petroleum Corp.,Abandoned,Exploratory Well,1969-01-10 0:00,1969-02-03 0:00,4387,NWT Mainland,"61° 0' 41.0""","119° 19' 14.2""","61° 0' 41.4""","119° 19' 19.4"""
437,REDKNIFE I-24,300I246110119150,Canada-Cities Service Petroleum Corp.,Abandoned,Exploratory Well,1969-02-08 0:00,1969-03-01 0:00,4387,NWT Mainland,"61° 3' 40.2""","119° 18' 49.3""","61° 3' 40.6""","119° 18' 54.5"""
344,LAFERTE RIVER D-73,300D736140118150,Canada-Cities Service Petroleum Corp.,Abandoned,Exploratory Well,1967-03-15 0:00,1967-03-25 0:00,4052,NWT Mainland,"61° 32' 7.5""","118° 29' 45.9""","61° 32' 7.9""","118° 29' 51.0"""
516,LAFERTE RIVER J-03,300J036140118000,Canada-Cities Service Petroleum Corp.,Abandoned,Exploratory Well,1970-03-04 0:00,1970-03-12 0:00,4051,NWT Mainland,"61° 32' 38.0""","118° 0' 37.6""","61° 32' 38.5""","118° 0' 42.7"""
337,LAFERTE RIVER O-15,300O156140118450,Canada-Cities Service Petroleum Corp.,Abandoned,Exploratory Well,1967-02-22 0:00,1967-03-15 0:00,4054,NWT Mainland,"61° 34' 52.5""","118° 47' 34.7""","61° 34' 52.9""","118° 47' 39.9"""
342,LAFERTE RIVER H-27,300H276140118300,Canada-Cities Service Petroleum Corp.,Abandoned,Exploratory Well,1967-03-12 0:00,1967-03-23 0:00,4053,NWT Mainland,"61° 36' 22.5""","118° 33' 59.1""","61° 36' 22.9""","118° 34' 4.3"""
329,LAFERTE RIVER I-47,300I476140118000,Canada-Cities Service Petroleum Corp.,Abandoned,Exploratory Well,1967-01-24 0:00,1967-02-09 0:00,4051,NWT Mainland,"61° 36' 37.5""","118° 7' 44.1""","61° 36' 38.0""","118° 7' 49.2"""
339,LAFERTE RIVER A-50,300A506140118450,Canada-Cities Service Petroleum Corp.,Abandoned,Exploratory Well,1967-02-26 0:00,1967-03-11 0:00,4054,NWT Mainland,"61° 39' 7.5""","118° 52' 44.1""","61° 39' 7.9""","118° 52' 49.3"""
335,LAFERTE RIVER G-41,300G416150118300,Canada-Cities Service Petroleum Corp.,Abandoned,Exploratory Well,1967-02-10 0:00,1967-02-26 0:00,4058,NWT Mainland,"61° 40' 22.5""","118° 38' 12.2""","61° 40' 22.9""","118° 38' 17.4"""
326,LAFERTE RIVER G-71,300G716150118000,Canada-Cities Service Petroleum Corp.,Abandoned,Exploratory Well,1967-01-08 0:00,1967-01-23 0:00,4056,NWT Mainland,"61° 40' 22.5""","118° 13' 49.7""","61° 40' 23.0""","118° 13' 54.8"""
348,LAFERTE RIVER N-54,300N546150118450,Canada-Cities Service Petroleum Corp.,Abandoned,Exploratory Well,1967-03-26 0:00,1967-04-06 0:00,4059,NWT Mainland,"61° 43' 52.5""","118° 55' 32.8""","61° 43' 52.9""","118° 55' 38.0"""
325,LAFERTE RIVER C-25,300C256150118150,Canada-Cities Service Petroleum Corp.,Abandoned,Exploratory Well,1967-01-08 0:00,1967-01-23 0:00,4057,NWT Mainland,"61° 44' 7.5""","118° 19' 55.3""","61° 44' 8.0""","118° 20' 0.4"""
510,LAFERTE RIVER N-15,300N156150118450,Canada-Cities Service Petroleum Corp.,Abandoned,Exploratory Well,1970-02-25 0:00,1970-03-03 0:00,4059,NWT Mainland,"61° 44' 56.0""","118° 48' 2.3""","61° 44' 56.4""","118° 48' 7.5"""
347,LAFERTE RIVER A-66,300A666150118300,Canada-Cities Service Petroleum Corp.,Abandoned,Exploratory Well,1967-03-23 0:00,1967-04-08 0:00,4058,NWT Mainland,"61° 45' 7.5""","118° 41' 29.1""","61° 45' 7.9""","118° 41' 34.3"""
332,LAFERTE RIVER M-16,300M166150118300,Canada-Cities Service Petroleum Corp.,Abandoned,Exploratory Well,1967-02-05 0:00,1967-02-21 0:00,4058,NWT Mainland,"61° 45' 52.5""","118° 33' 30.9""","61° 45' 53.0""","118° 33' 36.1"""
304,LAFERTE RIVER B-29,300B296150118000,Canada-Cities Service Petroleum Corp.,Abandoned,Exploratory Well,1966-02-15 0:00,1966-02-22 0:00,4056,NWT Mainland,"61° 48' 8.4""","118° 4' 27.8""","61° 48' 8.9""","118° 4' 32.9"""
328,LAFERTE RIVER M-39,300M396150118150,Canada-Cities Service Petroleum Corp.,Abandoned,Exploratory Well,1967-01-23 0:00,1967-02-04 0:00,4057,NWT Mainland,"61° 48' 52.5""","118° 22' 15.9""","61° 48' 53.0""","118° 22' 21.0"""
308,LAFERTE RIVER A-21,300A216200117450,Canada-Cities Service Petroleum Corp.,Abandoned,Exploratory Well,1966-02-22 0:00,1966-03-08 0:00,4061,NWT Mainland,"61° 50' 7.5""","117° 48' 59.1""","61° 50' 8.0""","117° 49' 4.1"""
295,LAFERTE RIVER M-02,300M026200118150,Canada-Cities Service Petroleum Corp.,Abandoned,Exploratory Well,1966-01-15 0:00,1966-02-02 0:00,4063,NWT Mainland,"61° 51' 51.1""","118° 16' 39.5""","61° 51' 51.6""","118° 16' 44.6"""
312,LAFERTE RIVER D-74,300D746200117300,Canada-Cities Service Petroleum Corp.,Abandoned,Exploratory Well,1966-03-08 0:00,1966-03-13 0:00,4060,NWT Mainland,"61° 53' 7.5""","117° 44' 45.9""","61° 53' 8.0""","117° 44' 50.9"""
313,LAFERTE RIVER A-36,300A366200117450,Canada-Cities Service Petroleum Corp.,Abandoned,Exploratory Well,1966-03-13 0:00,1966-03-18 0:00,4061,NWT Mainland,"61° 55' 8.3""","117° 50' 54.4""","61° 55' 8.8""","117° 50' 59.4"""
298,LAFERTE RIVER O-16,300O166200118150,Canada-Cities Service Petroleum Corp.,Abandoned,Exploratory Well,1966-02-02 0:00,1966-02-08 0:00,4123,NWT Mainland,"61° 55' 52.5""","118° 17' 34.7""","61° 55' 53.0""","118° 17' 39.8"""
314,LAFERTE RIVER G-68,300G686200117450,Canada-Cities Service Petroleum Corp.,Abandoned,Exploratory Well,1966-03-18 0:00,1966-03-30 0:00,4061,NWT Mainland,"61° 57' 22.5""","117° 56' 57.2""","61° 57' 23.0""","117° 57' 2.3"""
302,LAFERTE RIVER G-61,300G616210118150,Canada-Cities Service Petroleum Corp.,Abandoned,Exploratory Well,1966-02-09 0:00,1966-02-15 0:00,4069,NWT Mainland,"62° 0' 22.5""","118° 27' 0.3""","62° 0' 23.0""","118° 27' 5.4"""
315,LAFERTE RIVER K-13,300K136210117450,Canada-Cities Service Petroleum Corp.,Abandoned,Exploratory Well,1966-03-30 0:00,1966-04-06 0:00,4067,NWT Mainland,"62° 2' 37.5""","117° 48' 2.8""","62° 2' 38.0""","117° 48' 7.8"""
914,TEDJI LAKE K-24,300K246750126451,Canadian Ashland Exploration Ltd,Abandoned,Exploratory Well,1992-06-06 0:00,1992-06-06 0:00,6183,NWT Mainland,"67° 43' 38.0""","126° 49' 56.0""","67° 43' 38.5""","126° 50' 3.8"""
421,TRAINOR LK P-55,300P556010119450,Canadian Fina Oil Limited,Abandoned,Exploratory Well,1969-01-09 0:00,1969-02-18 0:00,3466,NWT Mainland,"60° 4' 57.0""","119° 54' 48.0""","60° 4' 57.2""","119° 54' 53.5"""
445,TRAINOR LK G-07,300G076020119451,Canadian Fina Oil Limited,Abandoned,Exploratory Well,1969-12-08 0:00,1969-12-20 0:00,3468,NWT Mainland,"60° 16' 18.0""","119° 45' 52.0""","60° 16' 18.3""","119° 45' 57.5"""
582,WILLOW LAKE J-66,300J666200121450,Canadian Fina Oil Limited,Abandoned,Exploratory Well,1971-01-06 0:00,1971-01-26 0:00,4355,NWT Mainland,"61° 55' 43.0""","121° 56' 53.0""","61° 55' 43.3""","121° 56' 58.5"""
593,WILLOW LAKE L-59,300L596210121450,Canadian Fina Oil Limited,Abandoned,Exploratory Well,1971-02-02 0:00,1971-02-26 0:00,4376,NWT Mainland,"62° 8' 40.0""","121° 56' 0.0""","62° 8' 40.3""","121° 56' 5.5"""
1816,MOUNT COTY K-02,300K026020123300,Canadian Forest Oil Ltd.,Abandoned,Exploratory Well,1996-12-14 0:00,1997-01-20 0:00,EL381,NWT Mainland,"60° 11' 33.8""","123° 31' 10.2""","60° 11' 33.8""","123° 31' 16.0"""
1851,FLETT RAPIDS I-61,300P616050123151,Canadian Forest Oil Ltd.,Abandoned,Exploratory Well,2002-01-01 0:00,2002-01-10 0:00,EA,NWT Mainland,"60° 40' 40.9""","123° 26' 34.0""","60° 40' 41.2""","123° 26' 39.6"""
1838,LITTLE BEAR M-39,300M396450126151,Canadian Forest Oil Ltd.,Abandoned,Exploratory Well,2005-08-06 0:00,2005-08-10 0:00,EA,NWT Mainland,"64° 48' 58.0""","126° 22' 22.0""","64° 48' 58.3""","126° 22' 28.5"""
1831,NOTA CREEK C-17,300C176510126002,Canadian Forest Oil Ltd.,Abandoned,Exploratory Well,2005-08-03 0:00,2005-08-05 0:00,EL390,NWT Mainland,"65° 6' 1.0""","126° 2' 56.0""","65° 6' 1.3""","126° 3' 2.5"""
1993,MOUNT COTY 2K-02,302K026020123301,Canadian Forest Oil Ltd.,Abandoned,Exploratory Well,2003-09-14 0:00,2003-09-24 0:00,EL381,NWT Mainland,"60° 11' 34.7""","123° 31' 9.3""","60° 11' 34.8""","123° 31' 15.1"""
1986,WEST BOVIE I-76,300I766020123001,Canadian Natural Resources Limited,Abandoned,Exploratory Well,2003-03-20 0:00,2003-03-26 0:00,EL382,NWT Mainland,"60° 15' 35.0""","123° 13' 22.0""","60° 15' 35.2""","123° 13' 27.5"""
1863,NORTH LIARD N-61,300N616040123301,Canadian Natural Resources Limited,Abandoned,Exploratory Well,2005-02-22 0:00,2005-02-28 0:00,EA,NWT Mainland,"60° 30' 46.7""","123° 42' 32.5""","60° 30' 46.9""","123° 42' 37.9"""
1922,NORTH LIARD 3P-66B,303P666040123302,Canadian Natural Resources Limited,Abandoned,Delineation Well,2006-02-24 0:00,2006-03-05 0:00,PL10,NWT Mainland,"60° 35' 55.7""","123° 41' 25.3""","60° 35' 55.9""","123° 41' 30.8"""
1874,NETLA P-16,300P166050122450,Canadian Natural Resources Limited,Abandoned,Delineation Well,1999-12-21 0:00,2000-01-13 0:00,EA,NWT Mainland,"60° 45' 57.6""","122° 47' 7.2""","60° 45' 57.9""","122° 47' 12.7"""
1932,BELLEH DUKEH D-63,300D636650126300,Canadian Natural Resources Limited,Abandoned,Exploratory Well,2003-02-14 0:00,2003-03-09 0:00,EL400,NWT Mainland,"66° 42' 4.9""","126° 42' 43.5""","66° 42' 5.3""","126° 42' 50.8"""
1960,BEHDZIA YOUH O-52,300O526700126300,Canadian Natural Resources Limited,Abandoned,Exploratory Well,2003-01-03 0:00,2003-02-10 0:00,EL400,NWT Mainland,"66° 51' 56.9""","126° 39' 54.0""","66° 51' 57.3""","126° 40' 1.4"""
1989,SW ARROWHEAD M-35,300M356030123001,Canadian Natural Resources Limited,Abandoned,Exploratory Well,2003-03-20 0:00,2003-03-24 0:00,EL383,NWT Mainland,"60° 24' 57.4""","123° 7' 23.0""","60° 24' 57.6""","123° 7' 28.5"""
1976,LIARD P-16,300P166030123301,Canadian Natural Resources Limited,Abandoned,Exploratory Well,2003-07-10 0:00,2003-08-12 0:00,EL380,NWT Mainland,"60° 25' 50.1""","123° 31' 58.3""","60° 25' 50.3""","123° 32' 3.7"""
1987,ARROWHEAD RIVER J-74,300J746040122451,Canadian Natural Resources Limited,Abandoned,Exploratory Well,2003-03-19 0:00,2003-03-20 0:00,,NWT Mainland,"60° 33' 35.4""","122° 58' 53.1""","60° 33' 35.7""","122° 58' 58.5"""
1979,ARROWHEAD RIVER C-55,300C556040122451,Canadian Natural Resources Limited,Abandoned,Delineation Well,2003-03-14 0:00,2003-03-27 0:00,,NWT Mainland,"60° 34' 4.9""","122° 55' 22.3""","60° 34' 5.2""","122° 55' 27.7"""
1991,ARROWHEAD RIVER K-35,300K356040122452,Canadian Natural Resources Limited,Abandoned,Exploratory Well,2004-02-25 0:00,2004-02-28 0:00,EL383,NWT Mainland,"60° 34' 38.1""","122° 51' 47.2""","60° 34' 38.4""","122° 51' 52.6"""
1981,ARROWHEAD RIVER I-75,300I756040122451,Canadian Natural Resources Limited,Abandoned,Delineation Well,2003-02-24 0:00,2003-03-20 0:00,EL383,NWT Mainland,"60° 34' 42.3""","122° 58' 32.6""","60° 34' 42.6""","122° 58' 38.0"""
1978,ARROWHEAD RIVER F-56,300F566040122452,Canadian Natural Resources Limited,Abandoned,Delineation Well,2004-03-09 0:00,2004-03-22 0:00,EL383,NWT Mainland,"60° 35' 29.9""","122° 55' 46.1""","60° 35' 30.2""","122° 55' 51.5"""
1823,NORTH LIARD P-66A,302P666040123303,Canadian Natural Resources Limited,Abandoned,Exploratory Well,1999-06-29 0:00,1999-08-31 0:00,PL10,NWT Mainland,"60° 35' 55.7""","123° 41' 25.3""","60° 35' 55.9""","123° 41' 30.8"""
1983,ARROWHEAD RIVER O-38,300O386040122451,Canadian Natural Resources Limited,Abandoned,Exploratory Well,2003-02-28 0:00,2003-03-11 0:00,,NWT Mainland,"60° 37' 59.6""","122° 51' 32.3""","60° 37' 59.9""","122° 51' 37.7"""
1964,EMILE LAKE A-77,300A776050122301,Canadian Natural Resources Limited,Abandoned,Exploratory Well,2004-03-24 0:00,2004-03-31 0:00,SDL31,NWT Mainland,"60° 46' 9.6""","122° 43' 33.9""","60° 46' 9.9""","122° 43' 39.4"""
191,NETLA C-07,300C076050122452,Canadian Natural Resources Limited,Abandoned,Exploratory Well,1999-02-04 0:00,1999-02-27 0:00,1038,NWT Mainland,"60° 46' 12.6""","122° 46' 17.7""","60° 46' 12.9""","122° 46' 23.2"""
1862,NETLA K-77,300K776050122300,Canadian Natural Resources Limited,Abandoned,Delineation Well,1999-02-07 0:00,1999-03-12 0:00,SDL13,NWT Mainland,"60° 46' 30.7""","122° 44' 23.9""","60° 46' 31.0""","122° 44' 29.4"""
1936,NETLA A-68,300A686050122300,Canadian Natural Resources Limited,Abandoned,Exploratory Well,2002-02-23 0:00,2002-03-17 0:00,SDL13,NWT Mainland,"60° 47' 7.4""","122° 41' 38.6""","60° 47' 7.7""","122° 41' 44.1"""
524,TATHLINA K-24,300K246040118000,Canadian Pacific Oil & Gas Limited,Abandoned,Exploratory Well,1970-03-23 0:00,1970-04-06 0:00,3512,NWT Mainland,"60° 33' 39.4""","118° 4' 58.3""","60° 33' 39.8""","118° 5' 3.5"""
512,LABICHE F-08,300F086040124302,Canadian Pacific Oil & Gas Limited,Abandoned,Exploratory Well,1988-08-03 0:00,1988-09-02 0:00,409,NWT Mainland,"60° 37' 25.6""","124° 31' 13.2""","60° 37' 25.5""","124° 31' 18.7"""
517,KAKISA G-31,300G316050118450,Canadian Pacific Oil & Gas Limited,Abandoned,Exploratory Well,1970-03-04 0:00,1970-03-19 0:00,3509,NWT Mainland,"60° 40' 20.3""","118° 51' 7.2""","60° 40' 20.6""","118° 51' 12.4"""
504,GULL CREEK A-63,300A636050118000,Canadian Pacific Oil & Gas Limited,Abandoned,Exploratory Well,1970-02-14 0:00,1970-02-28 0:00,3517,NWT Mainland,"60° 42' 1.2""","118° 11' 40.0""","60° 42' 1.6""","118° 11' 45.1"""
407,CROSSLEY LK S K-60,300K606830129150,Canadian Pacific Oil & Gas Limited,Abandoned,Exploratory Well,1968-08-28 0:00,1969-03-09 0:00,5199,NWT Mainland,"68° 29' 39.0""","129° 29' 14.0""","68° 29' 39.3""","129° 29' 22.8"""
458,KUGALUK N-02,300N026840131300,Canadian Pacific Oil & Gas Limited,Abandoned,Exploratory Well,1969-04-02 0:00,1969-12-18 0:00,4832,NWT Mainland,"68° 31' 55.0""","131° 31' 19.0""","68° 31' 55.0""","131° 31' 28.1"""
627,KELLER LAKE F-49,300F496400121450,Canadian Reserve Oil And Gas Ltd.,Abandoned,Exploratory Well,1971-03-25 0:00,1971-04-01 0:00,4923,NWT Mainland,"63° 58' 20.0""","121° 53' 30.0""","63° 58' 20.5""","121° 53' 35.8"""
609,KELLER LK O-13,300O136420122150,Canadian Reserve Oil And Gas Ltd.,Abandoned,Exploratory Well,1971-02-23 0:00,1971-03-20 0:00,4930,NWT Mainland,"64° 12' 53.0""","122° 17' 25.0""","64° 12' 53.5""","122° 17' 30.9"""
595,KELLER LAKE P-14,300P146420122300,Canadian Reserve Oil And Gas Ltd.,Abandoned,Exploratory Well,1971-02-03 0:00,1971-02-17 0:00,4931,NWT Mainland,"64° 13' 53.0""","122° 32' 0.0""","64° 13' 53.5""","122° 32' 5.9"""
416,N CAMERON HILLS H-34,300H346010116450,Canadian Superior Oil Ltd.,Abandoned,Exploratory Well,1968-12-02 0:00,1968-12-31 0:00,4587,NWT Mainland,"60° 3' 17.3""","116° 51' 3.4""","60° 3' 17.7""","116° 51' 8.4"""
446,N. CAMERON HILLS E-69,300E696010116450,Canadian Superior Oil Ltd.,Abandoned,Exploratory Well,1969-02-25 0:00,1969-03-17 0:00,4587,NWT Mainland,"60° 8' 24.2""","116° 57' 47.8""","60° 8' 24.6""","116° 57' 52.8"""
481,JEAN MARIE E-07,300E076120120450,Canadian Superior Oil Ltd.,Abandoned,Exploratory Well,1969-12-31 0:00,1970-01-18 0:00,4182,NWT Mainland,"61° 16' 20.0""","120° 46' 49.0""","61° 16' 20.3""","120° 46' 54.3"""
438,JEAN MARIE N-73,300N736130120300,Canadian Superior Oil Ltd.,Abandoned,Exploratory Well,1969-02-10 0:00,1969-02-25 0:00,4247,NWT Mainland,"61° 22' 48.0""","120° 44' 10.0""","61° 22' 48.3""","120° 44' 15.3"""
448,JEAN MARIE B-48,300B486130120300,Canadian Superior Oil Ltd.,Abandoned,Exploratory Well,1969-03-04 0:00,1969-03-16 0:00,4247,NWT Mainland,"61° 27' 10.0""","120° 38' 16.0""","61° 27' 10.3""","120° 38' 21.3"""
489,JEAN MARIE J-52,300J526140120150,Canadian Superior Oil Ltd.,Abandoned,Exploratory Well,1970-01-23 0:00,1970-02-06 0:00,4460,NWT Mainland,"61° 31' 30.0""","120° 25' 0.0""","61° 31' 30.4""","120° 25' 5.2"""
698,STEWART B-30,300B306420125150,Candel Oil Ltd.,Abandoned,Exploratory Well,1972-02-15 0:00,1972-04-09 0:00,5422,NWT Mainland,"64° 19' 12.0""","125° 19' 20.0""","64° 19' 12.3""","125° 19' 26.4"""
662,TATE J-65,300J656430125150,Candel Oil Ltd.,Abandoned,Exploratory Well,1971-11-30 0:00,1972-02-08 0:00,5523,NWT Mainland,"64° 24' 39.0""","125° 26' 48.0""","64° 24' 39.3""","125° 26' 54.4"""
597,EAST MACKAY B-45,300B456450125301,Candel Oil Ltd.,Abandoned,Exploratory Well,1988-11-14 0:00,1988-11-14 0:00,5525,NWT Mainland,"64° 44' 9.0""","125° 38' 18.0""","64° 44' 9.3""","125° 38' 24.4"""
621,POLICE ISLAND L-66,300L666450125000,Candel Oil Ltd.,Abandoned,Exploratory Well,1971-03-12 0:00,1971-04-05 0:00,6186,NWT Mainland,"64° 45' 38.0""","125° 12' 57.0""","64° 45' 38.4""","125° 13' 3.3"""
721,FT. NORMAN K-14,300K146500125150,Candel Oil Ltd.,Abandoned,Exploratory Well,1972-04-16 0:00,1972-04-27 0:00,6188,NWT Mainland,"64° 53' 42.0""","125° 18' 8.0""","64° 53' 42.4""","125° 18' 14.4"""
815,S. RAMPARTS I-77,300I776530130450,Candel Oil Ltd.,Abandoned,Exploratory Well,1973-03-14 0:00,1973-04-14 0:00,4431,NWT Mainland,"65° 26' 32.0""","130° 58' 18.0""","65° 26' 31.8""","130° 58' 25.3"""
787,N. RAMPARTS A-59,300A596530130300,Candel Oil Ltd.,Abandoned,Exploratory Well,1973-01-22 0:00,1973-06-11 0:00,4430,NWT Mainland,"65° 28' 4.0""","130° 39' 47.0""","65° 28' 3.9""","130° 39' 54.3"""
771,ARCTIC RED F-47,300F476540130450,Candel Oil Ltd.,Abandoned,Exploratory Well,1972-12-23 0:00,1973-03-07 0:00,25767,NWT Mainland,"65° 36' 25.0""","130° 53' 53.0""","65° 36' 24.9""","130° 54' 0.4"""
711,MOUNTAIN R. A-23,300A236550129150,Candel Oil Ltd.,Abandoned,Exploratory Well,1972-03-25 0:00,1972-04-26 0:00,3291,NWT Mainland,"65° 42' 14.0""","129° 19' 12.0""","65° 42' 14.1""","129° 19' 19.1"""
708,GRANDVIEW L-26,300L266640130150,Candel Oil Ltd.,Abandoned,Exploratory Well,1972-03-09 0:00,1972-05-11 0:00,6471,NWT Mainland,"66° 35' 32.0""","130° 20' 21.0""","66° 35' 32.0""","130° 20' 28.7"""
725,IROQUOIS I-11,300I116750129300,Candel Oil Ltd.,Abandoned,Exploratory Well,1972-04-25 0:00,1972-06-02 0:00,4119,NWT Mainland,"67° 40' 40.0""","129° 32' 5.0""","67° 40' 40.2""","129° 32' 13.3"""
572,DAHADINNI M-43,300M436400124300,Candex Development Limited,Abandoned,Exploratory Well,1971-01-01 0:00,1971-01-13 0:00,3251,NWT Mainland,"63° 52' 59.3""","124° 39' 15.7""","63° 52' 59.6""","124° 39' 22.0"""
1719,DAHADINNI 2M-43,302M436400124300,Candex Development Limited,Abandoned,Exploratory Well,1971-02-02 0:00,1971-09-04 0:00,3251,NWT Mainland,"63° 52' 59.3""","124° 39' 15.1""","63° 52' 59.6""","124° 39' 21.4"""
724,LITTLE BEAR I-70,300I706440125450,Candex Development Limited,Abandoned,Exploratory Well,1972-04-25 0:00,1972-05-15 0:00,3413,NWT Mainland,"64° 39' 44.3""","125° 56' 35.1""","64° 39' 44.6""","125° 56' 41.5"""
394,EAST CHANCE YT C-18,300C186610137150,Canoe River Exploration Ltd.,Abandoned,Exploratory Well,1968-02-29 0:00,1968-04-06 0:00,3364,Yukon,"66° 7' 8.9""","137° 17' 57.4""","66° 7' 8.1""","137° 18' 5.7"""
465,WOOD BUFFALO L-42,300L426040114150,Central Del-Rio Oils Limited,Abandoned,Exploratory Well,1969-06-21 0:00,1969-07-06 0:00,4733,NWT Mainland,"60° 31' 39.0""","114° 24' 18.3""","60° 31' 39.5""","114° 24' 22.8"""
464,WOOD BUFFALO C-03,300C036040114301,Central Del-Rio Oils Limited,Abandoned,Exploratory Well,1969-05-23 0:00,1969-06-15 0:00,4734,NWT Mainland,"60° 32' 0.0""","114° 30' 59.9""","60° 32' 0.5""","114° 31' 4.4"""
781,WOOD BUFFALO 2C-03,302C036040114300,Central Del-Rio Oils Limited,Abandoned,Exploratory Well,1969-05-23 0:00,1969-06-15 0:00,4734,NWT Mainland,"60° 32' 0.0""","114° 30' 59.9""","60° 32' 0.5""","114° 31' 4.4"""
459,WOOD BUFFALO C-74,300C746040114300,Central Del-Rio Oils Limited,Abandoned,Exploratory Well,1969-04-06 0:00,1969-05-06 0:00,4734,NWT Mainland,"60° 33' 7.8""","114° 44' 5.0""","60° 33' 8.3""","114° 44' 9.6"""
370,MILLS LAKE C-12,300C126110117150,Central Del-Rio Oils Limited,Abandoned,Exploratory Well,1968-01-07 0:00,1968-01-19 0:00,3979,NWT Mainland,"61° 1' 1.9""","117° 17' 55.1""","61° 1' 2.3""","117° 18' 0.2"""
338,MILLS LAKE A-70,300A706110117450,Central Del-Rio Oils Limited,Abandoned,Exploratory Well,1967-02-23 0:00,1967-03-17 0:00,3910,NWT Mainland,"61° 9' 7.5""","117° 56' 28.9""","61° 9' 7.9""","117° 56' 34.0"""
372,MILLS LAKE L-10,300L106110117300,Central Del-Rio Oils Limited,Abandoned,Exploratory Well,1968-01-21 0:00,1968-02-10 0:00,3909,NWT Mainland,"61° 9' 40.6""","117° 31' 39.2""","61° 9' 41.0""","117° 31' 44.3"""
345,MILLS LAKE J-74,300J746120118000,Central Del-Rio Oils Limited,Abandoned,Exploratory Well,1967-03-18 0:00,1967-03-19 0:00,3110,NWT Mainland,"61° 13' 37.5""","118° 13' 49.7""","61° 13' 37.9""","118° 13' 54.8"""
1757,MILLS LAKE 2J-74,302J746120118000,Central Del-Rio Oils Limited,Abandoned,Exploratory Well,1967-03-19 0:00,1967-04-03 0:00,3110,NWT Mainland,"61° 13' 37.5""","118° 13' 47.8""","61° 13' 37.9""","118° 13' 52.9"""
497,MILLS LAKE B-75,300B756120117150,Central Del-Rio Oils Limited,Abandoned,Exploratory Well,1970-02-03 0:00,1970-02-09 0:00,4248,NWT Mainland,"61° 14' 5.0""","117° 28' 41.5""","61° 14' 5.5""","117° 28' 46.5"""
330,MILLS LAKE 2I-57,302I576120117300,Central Del-Rio Oils Limited,Abandoned,Exploratory Well,1967-01-28 0:00,1967-02-22 0:00,3875,NWT Mainland,"61° 16' 37.2""","117° 39' 35.9""","61° 16' 37.7""","117° 39' 40.9"""
1686,MILLS LAKE I-57,300I576120117300,Central Del-Rio Oils Limited,Abandoned,Exploratory Well,1967-01-22 0:00,1967-01-28 0:00,3875,NWT Mainland,"61° 16' 37.5""","117° 39' 36.5""","61° 16' 38.0""","117° 39' 41.5"""
592,TENLEN A-73,300A736800130300,Central Del-Rio Oils Limited,Abandoned,Exploratory Well,1971-02-01 0:00,1971-06-23 0:00,4879,NWT Mainland,"67° 52' 7.5""","130° 43' 21.6""","67° 52' 7.6""","130° 43' 30.2"""
1113,PARKER RIVER J-72,300J727340115300,Chevron Canada Resources Limited,Abandoned,Exploratory Well,1979-01-13 0:00,1979-06-01 0:00,A2646,NWT Arctic Islands Onshore,"73° 31' 42.1""","115° 52' 25.0""","73° 31' 44.2""","115° 52' 34.1"""
1197,MUSKOX D-87,300D877340117000,Chevron Canada Resources Limited,Abandoned,Exploratory Well,1981-10-30 0:00,1982-01-27 0:00,1955,NWT Arctic Islands Onshore,"73° 36' 8.1""","117° 26' 59.9""","73° 36' 10.1""","117° 27' 9.5"""
1075,FISH RIVER B-60,300B606840136000,Chevron Canada Resources Limited,Abandoned,Exploratory Well,1977-06-21 0:00,1977-10-31 0:00,1753,NWT Mackenzie Delta,"68° 39' 3.0""","136° 13' 39.0""","68° 39' 2.5""","136° 13' 48.4"""
797,UPLUK C-21,300C216930135150,Chevron Canada Resources Limited,Abandoned,Exploratory Well,1973-02-16 0:00,1973-05-19 0:00,,NWT Mackenzie Delta,"69° 20' 6.0""","135° 21' 25.0""","69° 20' 5.7""","135° 21' 35.0"""
1059,UPLUK A-42,300A426930135150,Chevron Canada Resources Limited,Abandoned,Exploratory Well,1977-01-15 0:00,1977-04-02 0:00,3853,NWT Mackenzie Delta,"69° 21' 11.0""","135° 25' 34.0""","69° 21' 10.7""","135° 25' 44.0"""
1500,UPLUK L-42,300L426930135150,Chevron Canada Resources Limited,Abandoned,Exploratory Well,1985-03-22 0:00,1985-07-20 0:00,EA228,NWT Mackenzie Delta,"69° 21' 37.8""","135° 27' 29.4""","69° 21' 37.5""","135° 27' 39.4"""
977,UPLUK M-38,300M386930135150,Chevron Canada Resources Limited,Abandoned,Exploratory Well,1975-02-06 0:00,1975-03-04 0:00,3853,NWT Mackenzie Delta,"69° 27' 56.0""","135° 24' 54.0""","69° 27' 55.7""","135° 25' 4.1"""
227,TATHLINA LAKE D-39,300D396040117150,Chevron Canada Resources Limited,Abandoned,Exploratory Well,1964-02-07 0:00,1964-02-24 0:00,3485,NWT Mainland,"60° 38' 1.0""","117° 22' 20.0""","60° 38' 1.4""","117° 22' 25.1"""
230,TATHLINA LAKE K-10,300K106040117150,Chevron Canada Resources Limited,Abandoned,Exploratory Well,1964-02-27 0:00,1964-03-13 0:00,34850,NWT Mainland,"60° 39' 40.2""","117° 16' 20.3""","60° 39' 40.6""","117° 16' 25.4"""
242,BOUVIER L-69,300L696050118300,Chevron Canada Resources Limited,Abandoned,Exploratory Well,1965-01-29 0:00,1965-02-21 0:00,3186,NWT Mainland,"60° 48' 34.0""","118° 42' 59.7""","60° 48' 34.4""","118° 43' 4.9"""
246,BIG ISLAND G-56,300G566110116300,Chevron Canada Resources Limited,Abandoned,Exploratory Well,1965-02-25 0:00,1965-03-13 0:00,3453,NWT Mainland,"61° 5' 23.0""","116° 40' 0.0""","61° 5' 23.4""","116° 40' 5.0"""
241,MILLS LAKE C-03,300C036120118000,Chevron Canada Resources Limited,Abandoned,Exploratory Well,1965-01-12 0:00,1965-01-24 0:00,3110,NWT Mainland,"61° 12' 12.0""","118° 1' 0.0""","61° 12' 12.4""","118° 1' 5.1"""
311,MILLS LAKE P-18,300P186120118000,Chevron Canada Resources Limited,Abandoned,Exploratory Well,1966-03-06 0:00,1966-03-17 0:00,3110,NWT Mainland,"61° 17' 50.0""","118° 2' 0.0""","61° 17' 50.4""","118° 2' 5.1"""
451,EBBUTT G-72,300G726230122150,Chevron Canada Resources Limited,Abandoned,Exploratory Well,1969-03-09 0:00,1969-04-05 0:00,4405,NWT Mainland,"62° 21' 25.0""","122° 28' 38.0""","62° 21' 25.3""","122° 28' 43.6"""
440,HORNELL LAKE G-24,300G246230119300,Chevron Canada Resources Limited,Abandoned,Exploratory Well,1969-02-14 0:00,1969-03-03 0:00,4525,NWT Mainland,"62° 23' 21.0""","119° 34' 40.0""","62° 23' 21.5""","119° 34' 45.3"""
426,HARRIS RIVER A-31,300A316240120000,Chevron Canada Resources Limited,Abandoned,Exploratory Well,1969-01-22 0:00,1969-02-08 0:00,4531,NWT Mainland,"62° 30' 2.0""","120° 6' 0.0""","62° 30' 2.5""","120° 6' 5.3"""
430,BERRY F-71,300F716240122450,Chevron Canada Resources Limited,Abandoned,Exploratory Well,1969-01-25 0:00,1969-03-06 0:00,4419,NWT Mainland,"62° 30' 21.0""","122° 59' 27.0""","62° 30' 21.3""","122° 59' 32.6"""
1761,SPERRY CREEK N-58,300N586540129150,Chevron Canada Resources Limited,Abandoned,Exploratory Well,1991-01-04 0:00,1991-02-19 0:00,EL322,NWT Mainland,"65° 37' 56.1""","129° 25' 24.7""","65° 37' 56.2""","129° 25' 31.8"""
1742,MOUNTAIN RIVER O-18,300O186540129000,Chevron Canada Resources Limited,Abandoned,Exploratory Well,1989-11-30 0:00,1990-01-08 0:00,EL322,NWT Mainland,"65° 37' 57.9""","129° 2' 28.8""","65° 37' 58.0""","129° 2' 35.9"""
1768,RAMPARTS RIVER F-46,300F466550130000,Chevron Canada Resources Limited,Abandoned,Exploratory Well,1991-02-24 0:00,1991-03-18 0:00,EL322,NWT Mainland,"65° 45' 18.6""","130° 8' 51.4""","65° 45' 18.6""","130° 8' 58.6"""
1744,HUME RIVER I-66,300I666600129301,Chevron Canada Resources Limited,Abandoned,Exploratory Well,1990-02-24 0:00,1990-03-03 0:00,EL322,NWT Mainland,"65° 55' 33.9""","129° 41' 39.4""","65° 55' 34.0""","129° 41' 46.7"""
1755,EAST HUME RIVER I-20,300I206600129150,Chevron Canada Resources Limited,Abandoned,Exploratory Well,1990-03-12 0:00,1990-03-24 0:00,EL322,NWT Mainland,"65° 59' 38.2""","129° 17' 16.6""","65° 59' 38.3""","129° 17' 23.9"""
1750,EAST HUME RIVER N-10,300N106600129150,Chevron Canada Resources Limited,Abandoned,Exploratory Well,1990-02-16 0:00,1990-03-04 0:00,EL322,NWT Mainland,"65° 59' 57.9""","129° 15' 59.1""","65° 59' 58.0""","129° 16' 6.4"""
701,S. CHANCE Y.T. D-63,300D636600137300,Chevron Canada Resources Limited,Abandoned,Exploratory Well,1972-02-21 0:00,1972-05-01 0:00,6221,Yukon,"65° 52' 9.0""","137° 42' 51.0""","65° 52' 8.2""","137° 42' 59.5"""
688,BIRCH Y.T. E-53,300E536610136450,Chevron Canada Resources Limited,Abandoned,Exploratory Well,1972-01-20 0:00,1972-02-21 0:00,3366,Yukon,"66° 2' 21.0""","136° 56' 5.0""","66° 2' 20.3""","136° 56' 13.3"""
707,E PORCUPINE Y.T. F-18,300F186610137450,Chevron Canada Resources Limited,Abandoned,Exploratory Well,1972-03-06 0:00,1972-05-01 0:00,3362,Yukon,"66° 7' 25.0""","137° 48' 16.0""","66° 7' 24.2""","137° 48' 24.5"""
660,W. PARKIN Y.T. C-33,300C336620137150,Chevron Canada Resources Limited,Abandoned,Exploratory Well,1971-11-29 0:00,1972-01-15 0:00,3354,Yukon,"66° 12' 4.0""","137° 21' 56.0""","66° 12' 3.2""","137° 22' 4.3"""
677,N. PARKIN Y.T. D-61,300D616630137000,Chevron Canada Resources Limited,Abandoned,Exploratory Well,1972-01-04 0:00,1972-05-06 0:00,3345,Yukon,"66° 20' 12.0""","137° 13' 1.0""","66° 20' 11.3""","137° 13' 9.4"""
674,E. PINE CREEK Y.T. O-78,300O786700137450,Chevron Canada Resources Limited,Abandoned,Exploratory Well,1971-12-25 0:00,1972-01-26 0:00,3312,Yukon,"66° 57' 53.0""","137° 58' 58.0""","66° 57' 52.3""","137° 59' 6.9"""
705,WHITEFISH Y.T. I-05,300I056710137150,Chevron Canada Resources Limited,Abandoned,Exploratory Well,1972-02-23 0:00,1972-03-30 0:00,2727,Yukon,"67° 4' 37.0""","137° 15' 25.0""","67° 4' 36.3""","137° 15' 33.7"""
783,WHITEFISH Y.T. J-70,300J706710137150,Chevron Canada Resources Limited,Abandoned,Exploratory Well,1973-01-17 0:00,1973-04-10 0:00,2727,Yukon,"67° 9' 32.0""","137° 26' 44.0""","67° 9' 31.3""","137° 26' 52.8"""
776,RIDGE Y.T. F-48,300F486720137450,Chevron Canada Resources Limited,Abandoned,Exploratory Well,1973-01-03 0:00,1973-04-02 0:00,6462,Yukon,"67° 17' 23.0""","137° 53' 35.0""","67° 17' 22.3""","137° 53' 44.0"""
1590,SILT LAKE SOUTH 2G-21,302G216010118450,Coho Resources Limited,Abandoned,Exploratory Well,1986-01-29 0:00,1986-02-11 0:00,,NWT Mainland,"60° 0' 27.9""","118° 49' 22.6""","60° 0' 28.2""","118° 49' 27.8"""
908,IKKARIKTOK M-64,300M647230121300,Columbia Gas Development Of Canada Ltd.,Abandoned,Exploratory Well,1974-02-26 0:00,1974-04-16 0:00,A2363,NWT Arctic Islands Onshore,"72° 23' 47.3""","121° 50' 58.8""","72° 23' 49.0""","121° 51' 9.1"""
1086,KOTANEELEE YT E-37,300E376010124002,Columbia Gas Development Of Canada Ltd.,Abandoned,Development Well,1997-06-28 0:00,1997-08-16 0:00,41168,Yukon,"60° 6' 27.0""","124° 7' 16.0""","60° 6' 26.5""","124° 7' 22.0"""
1125,KOTANEELEE YT I-48,300I486010124004,Columbia Gas Development Of Canada Ltd.,Abandoned,Development Well,1991-05-02 0:00,1991-05-17 0:00,41168,Yukon,"60° 7' 35.9""","124° 7' 36.5""","60° 7' 35.5""","124° 7' 42.5"""
1112,KOTANEELEE YT M-17,300M176010124001,Columbia Gas Development Of Canada Ltd.,Abandoned,Exploratory Well,1990-11-10 0:00,1990-11-22 0:00,41168,Yukon,"60° 6' 45.0""","124° 3' 30.0""","60° 6' 44.5""","124° 3' 36.1"""
1722,HAY RIVER G-3,300L666040116000,Cominco Ltd.,Abandoned,Test Hole,1953-02-28 0:00,1953-04-05 0:00,324,NWT Mainland,"60° 35' 43.0""","116° 13' 0.0""","60° 35' 43.4""","116° 13' 4.9"""
1707,HAY RIVER G-2,300I616050115450,Cominco Ltd.,Abandoned,Test Hole,1953-01-26 0:00,1953-02-24 0:00,EA,NWT Mainland,"60° 40' 30.0""","115° 56' 42.0""","60° 40' 30.4""","115° 56' 46.9"""
1723,PINE POINT G-1,300A526100114150,Cominco Ltd.,Abandoned,Test Hole,1952-08-05 0:00,1952-08-31 0:00,EA,NWT Mainland,"60° 51' 5.0""","114° 24' 30.0""","60° 51' 5.5""","114° 24' 34.5"""
1712,SULPHUR PT. TEST G-4,300C056100114450,Cominco Ltd.,Abandoned,Test Hole,1953-06-20 0:00,1953-07-25 0:00,,NWT Mainland,"60° 54' 0.0""","114° 46' 0.0""","60° 54' 0.5""","114° 46' 4.6"""
1681,NORTH LITTLE BEAR L-21,300L216450125450,Conoco Canada Limited,Abandoned,Exploratory Well,1988-02-24 0:00,1988-03-13 0:00,EL319,NWT Mainland,"64° 40' 39.5""","125° 50' 25.2""","64° 40' 39.8""","125° 50' 31.6"""
1734,NORTH LITTLE BEAR O-51,300O516450125450,Conoco Canada Limited,Abandoned,Exploratory Well,1989-02-06 0:00,1989-02-26 0:00,EL319,NWT Mainland,"64° 40' 57.4""","125° 54' 55.2""","64° 40' 57.7""","125° 55' 1.6"""
1670,EAST MACKAY I-55,300I556450125300,Conoco Canada Limited,Abandoned,Exploratory Well,1988-01-11 0:00,1988-02-17 0:00,EL315,NWT Mainland,"64° 44' 43.3""","125° 39' 44.0""","64° 44' 43.6""","125° 39' 50.4"""
775,ORKSUT I-44,300I447230122300,Deminex Canada Limited,Abandoned,Exploratory Well,1973-01-01 0:00,1973-03-28 0:00,A2365,NWT Arctic Islands Onshore,"72° 23' 44.7""","122° 42' 8.8""","72° 23' 46.3""","122° 42' 19.3"""
1904,ONTARATUE RIVER D-39,300D396710131301,Devlan Exploration Inc.,Abandoned,Exploratory Well,2003-02-26 0:00,2003-03-01 0:00,EL374,NWT Mainland,"67° 8' 12.2""","131° 37' 9.3""","67° 8' 12.1""","131° 37' 17.4"""
1982,TREE RIVER C-36,300C366720131451,Devlan Exploration Inc.,Abandoned,Exploratory Well,2003-03-03 0:00,2003-03-11 0:00,,NWT Mainland,"67° 15' 9.0""","131° 51' 39.4""","67° 15' 8.9""","131° 51' 47.6"""
1908,TREE RIVER B-10,300B106720131451,Devlan Exploration Inc.,Abandoned,Exploratory Well,2003-01-30 0:00,2003-02-22 0:00,EL386,NWT Mainland,"67° 19' 14.3""","131° 45' 35.2""","67° 19' 14.2""","131° 45' 43.4"""
1909,THUNDER RIVER N-73,300N736730131151,Devlan Exploration Inc.,Abandoned,Exploratory Well,2003-02-08 0:00,2003-02-13 0:00,EL373,NWT Mainland,"67° 22' 51.6""","131° 29' 15.9""","67° 22' 51.5""","131° 29' 24.1"""
2031,PAKTOA C-60,300C606940136150,Devon ARL Corporation,Abandoned,Exploratory Well,2005-12-05 0:00,2006-03-22 0:00,EL420,Beaufort Sea,"69° 39' 8.9""","136° 29' 12.1""","69° 39' 8.5""","136° 29' 22.5"""
1984,ITIGINKPAK F-29,300F296830134300,Devon ARL Corporation,Abandoned,Exploratory Well,2003-02-11 0:00,2003-03-16 0:00,EL405,NWT Mackenzie Delta,"68° 28' 18.3""","134° 36' 31.8""","68° 28' 17.9""","134° 36' 41.0"""
1941,TUK B-02,300B026930133001,Devon ARL Corporation,Abandoned,Exploratory Well,2002-04-01 0:00,2002-04-16 0:00,,NWT Mackenzie Delta,"69° 21' 11.3""","133° 0' 57.6""","69° 21' 11.2""","133° 1' 7.5"""
1533,ADLARTOK P-09,300P096940137450,Dome Petroleum Limited,Abandoned,Exploratory Well,1985-08-08 0:00,1985-10-17 0:00,EA156,Beaufort Sea,"69° 38' 51.4""","137° 45' 28.5""","69° 38' 50.9""","137° 45' 38.7"""
1099,NATSEK E-56,300E566950139302,Dome Petroleum Limited,Abandoned,Exploratory Well,1979-09-01 0:00,1979-10-08 0:00,W2202,Beaufort Sea,"69° 45' 21.4""","139° 44' 34.5""","69° 45' 20.8""","139° 44' 44.3"""
1534,EDLOK M-56,300M566950140000,Dome Petroleum Limited,Abandoned,Exploratory Well,1985-08-10 0:00,1985-09-18 0:00,EA151,Beaufort Sea,"69° 45' 50.7""","140° 14' 23.4""","69° 45' 50.1""","140° 14' 33.2"""
884,WEATHERALL O-10,300O107550108300,Dome Petroleum Limited,Abandoned,Exploratory Well,1973-12-04 0:00,1974-01-19 0:00,A624,"Nunavut Arctic Islands Onshore, Foxe Basin","75° 49' 52.0""","108° 31' 50.0""","75° 49' 54.7""","108° 31' 57.6"""
870,SHERARD O-54,300O547620108000,Dome Petroleum Limited,Abandoned,Exploratory Well,1973-10-13 0:00,1973-11-04 0:00,A-701,"Nunavut Arctic Islands Onshore, Foxe Basin","76° 13' 46.6""","108° 20' 13.5""","76° 13' 49.4""","108° 20' 21.1"""
823,SUTHERLAND O-23,300O237750102002,Dome Petroleum Limited,Abandoned,Exploratory Well,1985-08-15 0:00,1985-08-15 0:00,A2029,"Nunavut Arctic Islands Onshore, Foxe Basin","77° 42' 53.0""","102° 8' 39.0""","77° 42' 56.7""","102° 8' 50.9"""
757,WALLIS K-62,300K627800102001,Dome Petroleum Limited,Abandoned,Exploratory Well,1992-05-01 0:00,1992-05-07 0:00,A2030,"Nunavut Arctic Islands Onshore, Foxe Basin","77° 51' 43.8""","102° 25' 16.2""","77° 51' 47.5""","102° 25' 27.6"""
1163,WALLIS A-73,300A737800102000,Dome Petroleum Limited,Abandoned,Delineation Well,1980-05-16 0:00,1980-10-27 0:00,A2032,"Nunavut Arctic Islands Onshore, Foxe Basin","77° 52' 13.2""","102° 26' 45.6""","77° 52' 16.9""","102° 26' 56.9"""
935,CROCKER I-53,300I538010098300,Dome Petroleum Limited,Abandoned,Exploratory Well,1974-06-12 0:00,1974-12-05 0:00,A2051,"Nunavut Arctic Islands Onshore, Foxe Basin","80° 2' 44.0""","98° 55' 20.0""","80° 2' 47.4""","98° 55' 25.4"""
1132,N. DUNDAS N-82,300N827450113000,Dome Petroleum Limited,Abandoned,Exploratory Well,1979-06-11 0:00,1979-09-11 0:00,1843,NWT Arctic Islands Onshore,"74° 41' 47.7""","113° 25' 41.1""","74° 41' 50.0""","113° 25' 50.0"""
1107,HEARNE F-85,300F857450110300,Dome Petroleum Limited,Abandoned,Exploratory Well,1978-10-25 0:00,1979-01-09 0:00,A713,NWT Arctic Islands Onshore,"74° 44' 15.9""","110° 55' 57.9""","74° 44' 18.2""","110° 56' 5.9"""
201,WINTER HARBOUR NO.1(A-09),300A097450110300,Dome Petroleum Limited,Abandoned,Exploratory Well,1961-09-10 0:00,1962-04-07 0:00,A713,NWT Arctic Islands Onshore,"74° 48' 6.0""","110° 30' 37.0""","74° 48' 8.5""","110° 30' 45.1"""
965,IMNAK J-29,300J296910133000,Dome Petroleum Limited,Abandoned,Exploratory Well,1974-12-22 0:00,1975-03-12 0:00,,NWT Mackenzie Delta,"69° 8' 41.0""","133° 6' 5.0""","69° 8' 40.8""","133° 6' 14.8"""
366,CELIBETA C-77,300C776010122000,Dome Petroleum Limited,Abandoned,Exploratory Well,1967-12-14 0:00,1968-01-08 0:00,2713,NWT Mainland,"60° 6' 12.0""","122° 14' 29.0""","60° 6' 11.9""","122° 14' 35.1"""
380,ISLAND RIVER E-56,300E566020121000,Dome Petroleum Limited,Abandoned,Exploratory Well,1968-02-08 0:00,1968-03-09 0:00,1149,NWT Mainland,"60° 15' 24.1""","121° 11' 13.7""","60° 15' 24.2""","121° 11' 19.6"""
324,TROUT LK M-73,300M736040121150,Dome Petroleum Limited,Abandoned,Exploratory Well,1967-01-05 0:00,1967-01-30 0:00,1175,NWT Mainland,"60° 32' 50.0""","121° 29' 54.0""","60° 32' 50.2""","121° 29' 59.6"""
336,TROUT LAKE H-45,300H456050121150,Dome Petroleum Limited,Abandoned,Exploratory Well,1967-02-16 0:00,1967-03-06 0:00,1176,NWT Mainland,"60° 44' 20.0""","121° 22' 44.0""","60° 44' 20.3""","121° 22' 49.5"""
826,SOUTH PEEL D-64,300D646600132151,Dome Petroleum Limited,Abandoned,Exploratory Well,1973-12-22 0:00,1974-03-15 0:00,3568,NWT Mainland,"65° 53' 4.0""","132° 27' 50.0""","65° 53' 3.7""","132° 27' 57.8"""
763,STONY G-06,300G066740135150,Dome Petroleum Limited,Abandoned,Exploratory Well,1972-12-13 0:00,1973-02-17 0:00,4206,NWT Mainland,"67° 35' 28.0""","135° 15' 50.0""","67° 35' 27.5""","135° 15' 58.8"""
2014,MOOSE LAKE D-07,300D076710130150,Dual Exploration Inc.,Abandoned,Exploratory Well,2004-08-30 0:00,2004-09-09 0:00,EL413,NWT Mainland,"67° 6' 9.9""","130° 16' 35.5""","67° 6' 10.0""","130° 16' 43.5"""
893,TIRITCHIK M-48,300M487250120300,Elf Oil Exploration And Production Canada Ltd.,Abandoned,Exploratory Well,1973-12-31 0:00,1974-04-06 0:00,A1448,NWT Arctic Islands Onshore,"72° 47' 51.0""","120° 44' 48.0""","72° 47' 52.8""","120° 44' 58.0"""
654,STORKERSON BAY A-15,300A157300124300,Elf Oil Exploration And Production Canada Ltd.,Abandoned,Exploratory Well,1971-10-23 0:00,1971-12-10 0:00,A1918,NWT Arctic Islands Onshore,"72° 54' 0.0""","124° 33' 29.0""","72° 54' 1.6""","124° 33' 40.1"""
686,NANUK D-76,300D767310123000,Elf Oil Exploration And Production Canada Ltd.,Abandoned,Exploratory Well,1972-01-17 0:00,1972-03-04 0:00,A1412,NWT Arctic Islands Onshore,"73° 5' 13.0""","123° 23' 45.0""","73° 5' 14.7""","123° 23' 56.0"""
962,KUSRHAAK D-16,300D167330120000,Elf Oil Exploration And Production Canada Ltd.,Abandoned,Exploratory Well,1974-07-12 0:00,1975-04-04 0:00,,NWT Arctic Islands Onshore,"73° 25' 4.0""","120° 5' 18.0""","73° 25' 5.9""","120° 5' 28.1"""
713,UMINMAK H-07,300H077340123000,Elf Oil Exploration And Production Canada Ltd.,Abandoned,Exploratory Well,1972-04-01 0:00,1972-05-07 0:00,A1401,NWT Arctic Islands Onshore,"73° 36' 29.0""","123° 0' 30.0""","73° 36' 30.8""","123° 0' 41.3"""
1012,DYER BAY L-49,300L497610121300,Elf Oil Exploration And Production Canada Ltd.,Abandoned,Exploratory Well,1975-11-01 0:00,1976-02-20 0:00,A1700,NWT Arctic Islands Onshore,"76° 8' 35.5""","121° 48' 36.8""","76° 8' 37.6""","121° 48' 49.2"""
990,WILKIE POINT J-51,300J517640117000,Elf Oil Exploration And Production Canada Ltd.,Abandoned,Exploratory Well,1975-03-17 0:00,1975-05-21 0:00,A1349,NWT Arctic Islands Onshore,"76° 30' 31.0""","117° 19' 48.0""","76° 30' 33.5""","117° 19' 59.3"""
620,JAMESON BAY C-31,300C317650116300,Elf Oil Exploration And Production Canada Ltd.,Abandoned,Exploratory Well,1971-03-11 0:00,1971-05-16 0:00,A1343,NWT Arctic Islands Onshore,"76° 40' 12.0""","116° 43' 45.4""","76° 40' 14.6""","116° 43' 56.6"""
780,INTREPID INLET H-49,300H497700118300,Elf Oil Exploration And Production Canada Ltd.,Abandoned,Exploratory Well,1973-01-10 0:00,1973-03-18 0:00,A1340,NWT Arctic Islands Onshore,"76° 58' 26.6""","118° 45' 3.6""","76° 58' 29.0""","118° 45' 15.7"""
829,ANDREASEN L-32,300L327720118000,Elf Oil Exploration And Production Canada Ltd.,Abandoned,Exploratory Well,1973-04-09 0:00,1973-05-30 0:00,A1669,NWT Arctic Islands Onshore,"77° 11' 37.5""","118° 14' 14.4""","77° 11' 40.0""","118° 14' 26.4"""
532,CAPE NOREM A-80,300A807730110000,Elf Oil Exploration And Production Canada Ltd.,Abandoned,Exploratory Well,1970-04-20 0:00,1970-08-27 0:00,A308,NWT Arctic Islands Onshore,"77° 29' 13.0""","110° 27' 5.0""","77° 29' 16.1""","110° 27' 14.4"""
554,WILKINS E-60,300E607800111000,Elf Oil Exploration And Production Canada Ltd.,Abandoned,Exploratory Well,1970-10-11 0:00,1971-01-20 0:00,A-331,NWT Arctic Islands Onshore,"77° 59' 19.0""","111° 21' 45.0""","77° 59' 22.2""","111° 21' 55.6"""
845,KILIGVAK I-29,300I296930131150,Elf Oil Exploration And Production Canada Ltd.,Abandoned,Exploratory Well,1973-05-16 0:00,1973-08-08 0:00,W3281,NWT Mackenzie Delta,"69° 28' 38.0""","131° 20' 16.0""","69° 28' 38.0""","131° 20' 25.7"""
820,AMAGUK H-16,300H166940131000,Elf Oil Exploration And Production Canada Ltd.,Abandoned,Exploratory Well,1973-03-25 0:00,1973-05-01 0:00,3961,NWT Mackenzie Delta,"69° 35' 24.0""","131° 2' 52.0""","69° 35' 24.0""","131° 3' 1.7"""
473,HORTON RIVER G-02,300G027000127150,Elf Oil Exploration And Production Canada Ltd.,Abandoned,Exploratory Well,1969-11-09 0:00,1970-01-22 0:00,4001,NWT Mainland,"69° 51' 22.5""","127° 15' 56.3""","69° 51' 23.1""","127° 16' 5.9"""
1996,BEGADÉH J-66,300J666440125000,EnCana Corporation,Abandoned,Exploratory Well,2004-01-28 0:00,2004-02-15 0:00,,NWT Mainland,"64° 35' 30.9""","125° 11' 58.4""","64° 35' 31.2""","125° 12' 4.7"""
1914,DEVO CREEK P-45,300P456530127300,EOG Resources Canada Inc.,Abandoned,Exploratory Well,2002-01-05 0:00,2002-03-15 0:00,EL401,NWT Mainland,"65° 24' 52.2""","127° 37' 43.9""","65° 24' 52.5""","127° 37' 50.8"""
1123,ADGO J-27,300J276930135450,Esso Resources Canada Limited,Abandoned,Delineation Well,1979-04-05 0:00,1979-08-07 0:00,W1020,Beaufort Sea,"69° 26' 30.4""","135° 50' 50.9""","69° 26' 30.1""","135° 51' 1.0"""
1014,NETSERK F-40,300F406940135450,Esso Resources Canada Limited,Abandoned,Exploratory Well,1975-11-08 0:00,1976-05-09 0:00,,Beaufort Sea,"69° 39' 23.0""","135° 54' 21.0""","69° 39' 22.7""","135° 54' 31.3"""
1731,NIPTERK P-32,300P326950135150,Esso Resources Canada Limited,Abandoned,Exploratory Well,1989-02-21 0:00,1989-04-20 0:00,EL344,Beaufort Sea,"69° 41' 46.9""","135° 22' 42.5""","69° 41' 46.7""","135° 22' 52.8"""
1763,TUK E-20,300E206920133000,Esso Resources Canada Limited,Abandoned,Exploratory Well,1991-01-25 0:00,1991-04-08 0:00,,NWT Mackenzie Delta,"69° 19' 18.7""","133° 4' 59.9""","69° 19' 18.6""","133° 5' 9.8"""
622,TAGLU G-33,300G336930134451,Esso Resources Canada Limited,Abandoned,Exploratory Well,1985-04-01 0:00,1985-04-01 0:00,3837,NWT Mackenzie Delta,"69° 22' 17.9""","134° 53' 36.7""","69° 22' 17.7""","134° 53' 46.7"""
667,TAGLU WEST P-03,300P036930135001,Esso Resources Canada Limited,Abandoned,Delineation Well,1985-03-25 0:00,1985-03-25 0:00,3838,NWT Mackenzie Delta,"69° 22' 55.0""","135° 0' 24.0""","69° 22' 54.7""","135° 0' 34.0"""
761,AKKU F-14,300F146930132150,Esso Resources Canada Limited,Abandoned,Exploratory Well,1972-12-09 0:00,1973-01-01 0:00,3943,NWT Mackenzie Delta,"69° 23' 15.0""","132° 19' 8.0""","69° 23' 14.9""","132° 19' 17.8"""
722,MALLIK A-06,300A066930134300,Esso Resources Canada Limited,Abandoned,Exploratory Well,1972-04-21 0:00,1972-10-08 0:00,3836,NWT Mackenzie Delta,"69° 25' 1.0""","134° 30' 16.0""","69° 25' 0.9""","134° 30' 26.1"""
673,MALLIK L-38,300L386930134301,Esso Resources Canada Limited,Abandoned,Exploratory Well,1977-09-15 0:00,1977-09-15 0:00,3836,NWT Mackenzie Delta,"69° 27' 44.0""","134° 39' 25.0""","69° 27' 43.8""","134° 39' 35.1"""
478,ATKINSON H-25,300H256950131450,Esso Resources Canada Limited,Abandoned,Exploratory Well,1969-12-14 0:00,1970-02-26 0:00,3975,NWT Mackenzie Delta,"69° 44' 17.6""","131° 50' 21.3""","69° 44' 17.6""","131° 50' 31.2"""
396,PROVIDENCE A-47,300A476130117150,Esso Resources Canada Limited,Abandoned,Exploratory Well,1968-03-11 0:00,1968-03-22 0:00,4560,NWT Mainland,"61° 26' 14.3""","117° 22' 32.7""","61° 26' 14.8""","117° 22' 37.7"""
1472,CAMERON RIVER L-11,300L116010117000,Exco Energy Ltd.,Abandoned,Exploratory Well,1984-12-23 0:00,1985-01-18 0:00,EA213,NWT Mainland,"60° 0' 38.5""","117° 3' 28.0""","60° 0' 38.9""","117° 3' 33.0"""
1477,TUNAGO N-37,300N376610126150,Exco Energy Ltd.,Abandoned,Exploratory Well,1985-01-12 0:00,1985-02-04 0:00,,NWT Mainland,"66° 6' 49.9""","126° 21' 59.8""","66° 6' 50.3""","126° 22' 6.7"""
1489,TUNAGO 2N-37,302N376610126150,Exco Energy Ltd.,Abandoned,Exploratory Well,1985-02-04 0:00,1985-03-16 0:00,,NWT Mainland,"66° 6' 49.9""","126° 21' 59.8""","66° 6' 50.3""","126° 22' 6.7"""
1495,NORTH CHANCE Y.T. D-22,300D226620137300,Exco Energy Ltd.,Abandoned,Exploratory Well,1985-03-01 0:00,1985-04-09 0:00,EA231,Yukon,"66° 11' 6.1""","137° 35' 32.9""","66° 11' 5.3""","137° 35' 41.4"""
1470,WEST PARKIN YT D-54,300D546620137151,Exco Energy Ltd.,Abandoned,Exploratory Well,1995-08-26 0:00,1995-08-27 0:00,EA231,Yukon,"66° 13' 9.7""","137° 26' 10.4""","66° 13' 8.9""","137° 26' 18.8"""
986,LABICHE C-30,300C306040124301,Fort Norman Exploration Inc.,Abandoned,Exploratory Well,1976-02-23 0:00,1976-03-29 0:00,2036,NWT Mainland,"60° 39' 14.6""","124° 34' 47.4""","60° 39' 14.5""","124° 34' 52.9"""
1372,DAHADINNI J-66,300J666240124301,Forward Resources Ltd.,Abandoned,Exploratory Well,1985-02-05 0:00,1985-03-01 0:00,L3630,NWT Mainland,"62° 35' 43.8""","124° 41' 57.3""","62° 35' 43.9""","124° 42' 3.3"""
1355,CAMP M-61,300M616710124000,Forward Resources Ltd.,Abandoned,Exploratory Well,1984-01-03 0:00,1984-01-30 0:00,,NWT Mainland,"67° 0' 55.8""","124° 13' 0.8""","67° 0' 56.4""","124° 13' 7.9"""
1387,AUBRY J-13,300J136720126450,Forward Resources Ltd.,Abandoned,Exploratory Well,1984-03-18 0:00,1984-04-08 0:00,,NWT Mainland,"67° 12' 37.1""","126° 47' 39.9""","67° 12' 37.5""","126° 47' 47.5"""
1272,IZOK M-20,300M206720123450,Forward Resources Ltd.,Abandoned,Exploratory Well,1983-02-15 0:00,1983-04-01 0:00,3926,NWT Mainland,"67° 19' 58.3""","123° 48' 27.9""","67° 19' 59.0""","123° 48' 35.2"""
1291,ANDERSON C-51,300C516740124000,Forward Resources Ltd.,Abandoned,Exploratory Well,1983-04-06 0:00,1983-04-23 0:00,3903,NWT Mainland,"67° 30' 9.0""","124° 10' 36.4""","67° 30' 9.7""","124° 10' 43.8"""
1376,EWEKKA C-11,300C116750126300,Forward Resources Ltd.,Abandoned,Exploratory Well,1984-02-15 0:00,1984-03-11 0:00,,NWT Mainland,"67° 40' 2.3""","126° 32' 51.8""","67° 40' 2.8""","126° 32' 59.6"""
439,SIBBESTON E-45,300E456150122450,French Petroleum Company Of Canada Ltd,Abandoned,Exploratory Well,1969-02-14 0:00,1969-02-26 0:00,3281,NWT Mainland,"61° 44' 25.0""","122° 53' 55.0""","61° 44' 25.3""","122° 54' 0.6"""
434,SIBBESTON H-45,300H456150122450,French Petroleum Company Of Canada Ltd,Abandoned,Exploratory Well,1969-01-30 0:00,1969-02-13 0:00,3281,NWT Mainland,"61° 44' 25.0""","122° 52' 40.0""","61° 44' 25.3""","122° 52' 45.6"""
214,ROOT RIVER I-60,300I606240123150,French Petroleum Company Of Canada Ltd,Abandoned,Exploratory Well,1962-12-09 0:00,1963-03-30 0:00,3076,NWT Mainland,"62° 39' 32.2""","123° 24' 29.0""","62° 39' 32.5""","123° 24' 34.7"""
1708,HAY RIVER #4,300G436050115450,Frobisher Exploration Canada Ltd.,Abandoned,Test Hole,2011-03-20 0:00,2011-03-23 0:00,EA,NWT Mainland,"60° 42' 18.0""","115° 53' 10.0""","60° 42' 18.4""","115° 53' 14.9"""
97,HAY RIVER #8,302F436050115450,Frobisher Exploration Canada Ltd.,Abandoned,Test Hole,1946-08-24 0:00,1946-09-01 0:00,,NWT Mainland,"60° 42' 22.0""","115° 53' 49.0""","60° 42' 22.4""","115° 53' 53.9"""
1709,HAY RIVER #5B,302G436050115450,Frobisher Exploration Canada Ltd.,Abandoned,Test Hole,2011-04-02 0:00,2011-04-07 0:00,EA,NWT Mainland,"60° 42' 22.0""","115° 53' 10.0""","60° 42' 22.4""","115° 53' 14.9"""
1705,HAY RIVER #5,303G436050115450,Frobisher Exploration Canada Ltd.,Abandoned,Test Hole,2011-03-27 0:00,2011-04-02 0:00,EA,NWT Mainland,"60° 42' 22.0""","115° 53' 5.0""","60° 42' 22.4""","115° 53' 9.9"""
1710,HAY RIVER #7,300H436050115450,Frobisher Exploration Canada Ltd.,Abandoned,Test Hole,1946-08-03 0:00,1946-08-17 0:00,EA,NWT Mainland,"60° 42' 22.0""","115° 52' 35.0""","60° 42' 22.4""","115° 52' 39.9"""
1706,HAY RIVER #6,304G436050115450,Frobisher Exploration Canada Ltd.,Abandoned,Test Hole,1946-05-02 0:00,1946-05-11 0:00,EA,NWT Mainland,"60° 42' 25.0""","115° 53' 13.0""","60° 42' 25.4""","115° 53' 17.9"""
297,HAY RIVER E-30,300E306050115450,"General Crude Oil Company, Alberta, Ltd",Abandoned,Exploratory Well,1966-01-27 0:00,1966-02-03 0:00,4129,NWT Mainland,"60° 49' 23.5""","115° 50' 29.8""","60° 49' 24.0""","115° 50' 34.7"""
303,REEF CREEK G-15,300G156100116150,"General Crude Oil Company, Alberta, Ltd",Abandoned,Exploratory Well,1966-02-10 0:00,1966-02-27 0:00,4128,NWT Mainland,"60° 54' 24.0""","116° 17' 30.0""","60° 54' 24.4""","116° 17' 35.0"""
309,DESMARAIS PT. E-72,300E726110116150,"General Crude Oil Company, Alberta, Ltd",Abandoned,Exploratory Well,1966-02-28 0:00,1966-03-18 0:00,3453,NWT Mainland,"61° 1' 17.7""","116° 29' 42.1""","61° 1' 18.1""","116° 29' 47.1"""
583,NORTH CELIBETA K-01,300K016030122150,Gobles Oil And Gas Limited,Abandoned,Exploratory Well,1971-01-06 0:00,1971-02-15 0:00,2695,NWT Mainland,"60° 20' 34.0""","122° 16' 4.0""","60° 20' 33.9""","122° 16' 10.1"""
494,NORTH CELIBETA D-66,300D666030122150,Gobles Oil And Gas Limited,Abandoned,Exploratory Well,1970-01-30 0:00,1970-03-18 0:00,2695,NWT Mainland,"60° 25' 7.5""","122° 27' 55.0""","60° 25' 7.5""","122° 28' 0.9"""
393,MILLS LAKE P-52,300P526140116300,Great Plains Development Company Of Canada Ltd.,Abandoned,Exploratory Well,1968-02-29 0:00,1968-03-10 0:00,4492,NWT Mainland,"61° 31' 45.6""","116° 39' 46.7""","61° 31' 46.1""","116° 39' 51.5"""
379,MILLS LAKE B-41,300B416150116450,Great Plains Development Company Of Canada Ltd.,Abandoned,Exploratory Well,1968-01-30 0:00,1968-02-15 0:00,4496,NWT Mainland,"61° 40' 5.7""","116° 53' 17.0""","61° 40' 6.2""","116° 53' 21.8"""
384,MILLS LAKE L-41,300L416150117000,Great Plains Development Company Of Canada Ltd.,Abandoned,Exploratory Well,1968-02-18 0:00,1968-02-26 0:00,4497,NWT Mainland,"61° 40' 38.9""","117° 8' 59.8""","61° 40' 39.4""","117° 9' 4.7"""
525,MILLS WEST M-65,300M656150119150,Great Plains Development Company Of Canada Ltd.,Abandoned,Exploratory Well,1970-03-24 0:00,1970-03-31 0:00,4314,NWT Mainland,"61° 44' 48.0""","119° 27' 40.0""","61° 44' 48.4""","119° 27' 45.2"""
527,MILLS WEST 2M-65,302M656150119150,Great Plains Development Company Of Canada Ltd.,Abandoned,Exploratory Well,1970-03-31 0:00,1970-04-08 0:00,4314,NWT Mainland,"61° 44' 50.0""","119° 27' 40.0""","61° 44' 50.4""","119° 27' 45.2"""
1853,DEH CHO-2 B-14,300B146520126300,Grey Wolf Exploration Inc.,Abandoned,Exploratory Well,1999-01-17 0:00,1999-01-31 0:00,EL389,NWT Mainland,"65° 13' 9.3""","126° 32' 47.3""","65° 13' 9.6""","126° 32' 53.8"""
1852,DEH CHO-1 B-25,300B256520126300,Grey Wolf Exploration Inc.,Abandoned,Exploratory Well,1998-12-16 0:00,1999-01-08 0:00,EL389,NWT Mainland,"65° 14' 1.2""","126° 34' 32.4""","65° 14' 1.5""","126° 34' 39.0"""
1738,IMMIUGAK N-05,300N056950137000,Gulf Canada Resources Inc.,Abandoned,Exploratory Well,1989-06-01 0:00,1989-06-10 0:00,EL346,Beaufort Sea,"69° 44' 53.6""","137° 1' 20.8""","69° 44' 53.2""","137° 1' 31.3"""
1739,IMMIUGAK A-06,300A066950137001,Gulf Canada Resources Inc.,Abandoned,Exploratory Well,1989-09-03 0:00,1989-09-22 0:00,EL346,Beaufort Sea,"69° 45' 1.7""","137° 0' 19.3""","69° 45' 1.3""","137° 0' 29.8"""
1553,AAGNERK E-56,300E566950136451,Gulf Canada Resources Inc.,Abandoned,Exploratory Well,1986-06-17 0:00,1986-06-27 0:00,EL148,Beaufort Sea,"69° 45' 16.4""","136° 59' 55.8""","69° 45' 16.0""","137° 0' 6.3"""
915,NEIL O-15,300O158050083000,Gulf Canada Resources Inc.,Abandoned,Exploratory Well,1974-03-17 0:00,1974-05-07 0:00,A4525,"Nunavut Arctic Islands Onshore, Foxe Basin","80° 44' 45.0""","83° 6' 50.0""","80° 44' 48.7""","83° 6' 47.2"""
1493,SHAKGATLATACHIG D-50,300D506840133450,Gulf Canada Resources Inc.,Abandoned,Exploratory Well,1985-02-21 0:00,1985-03-22 0:00,EA224,NWT Mackenzie Delta,"68° 39' 7.2""","133° 57' 8.3""","68° 39' 6.9""","133° 57' 17.7"""
523,SHOLOKPAOQAK P-60,300P606840133300,Gulf Canada Resources Inc.,Abandoned,Exploratory Well,1970-03-17 0:00,1970-04-23 0:00,1656,NWT Mackenzie Delta,"68° 39' 45.0""","133° 43' 0.0""","68° 39' 44.7""","133° 43' 9.4"""
639,IKHIL A-01,300A016850134000,Gulf Canada Resources Inc.,Abandoned,Exploratory Well,1971-05-09 0:00,1971-06-27 0:00,1695,NWT Mackenzie Delta,"68° 40' 13.0""","134° 0' 31.0""","68° 40' 12.7""","134° 0' 40.4"""
1483,ONIGAT D-52,300D526850133300,Gulf Canada Resources Inc.,Abandoned,Exploratory Well,1985-01-23 0:00,1985-02-12 0:00,,NWT Mackenzie Delta,"68° 41' 0.8""","133° 44' 23.9""","68° 41' 0.5""","133° 44' 33.4"""
981,OGEOQEOQ J-06,300J066850133450,Gulf Canada Resources Inc.,Abandoned,Exploratory Well,1975-02-21 0:00,1975-03-13 0:00,,NWT Mackenzie Delta,"68° 45' 42.0""","133° 46' 0.0""","68° 45' 41.7""","133° 46' 9.5"""
830,IKHIL I-37,300I376850134000,Gulf Canada Resources Inc.,Abandoned,Exploratory Well,1973-04-10 0:00,1973-12-03 0:00,1695,NWT Mackenzie Delta,"68° 46' 34.0""","134° 7' 50.0""","68° 46' 33.7""","134° 7' 59.6"""
536,ONIGAT C-38,300C386850133300,Gulf Canada Resources Inc.,Abandoned,Exploratory Well,1970-05-02 0:00,1970-06-25 0:00,1655,NWT Mackenzie Delta,"68° 47' 10.0""","133° 39' 15.0""","68° 47' 9.7""","133° 39' 24.6"""
1592,ONIGAT K-49,300K496850133300,Gulf Canada Resources Inc.,Abandoned,Exploratory Well,1986-02-02 0:00,1986-02-16 0:00,EA225,NWT Mackenzie Delta,"68° 48' 40.2""","133° 41' 46.8""","68° 48' 40.0""","133° 41' 56.4"""
1058,PARSONS P-41,300P416900133301,Gulf Canada Resources Inc.,Abandoned,Exploratory Well,1992-03-09 0:00,1992-03-09 0:00,1654,NWT Mackenzie Delta,"68° 50' 50.8""","133° 40' 28.3""","68° 50' 50.6""","133° 40' 37.9"""
1072,OGRUKNANG M-31,300M316900134150,Gulf Canada Resources Inc.,Abandoned,Exploratory Well,1977-04-18 0:00,1977-08-01 0:00,1697,NWT Mackenzie Delta,"68° 50' 52.1""","134° 24' 50.5""","68° 50' 51.8""","134° 25' 0.1"""
1570,PARSONS E-02,300E026900133300,Gulf Canada Resources Inc.,Abandoned,Exploratory Well,1985-12-21 0:00,1986-01-23 0:00,,NWT Mackenzie Delta,"68° 51' 15.7""","133° 32' 10.3""","68° 51' 15.5""","133° 32' 19.9"""
1016,PARSONS L-43,300L436900133301,Gulf Canada Resources Inc.,Abandoned,Delineation Well,1992-03-08 0:00,1992-03-09 0:00,,NWT Mackenzie Delta,"68° 52' 38.7""","133° 41' 56.2""","68° 52' 38.5""","133° 42' 5.8"""
889,PARSONS P-53,300P536900133300,Gulf Canada Resources Inc.,Abandoned,Exploratory Well,1973-12-22 0:00,1974-04-09 0:00,,NWT Mackenzie Delta,"68° 52' 49.3""","133° 42' 57.3""","68° 52' 49.1""","133° 43' 6.9"""
992,PARSONS A-44,300A446900133301,Gulf Canada Resources Inc.,Abandoned,Delineation Well,1992-03-07 0:00,1992-03-08 0:00,,NWT Mackenzie Delta,"68° 53' 5.0""","133° 40' 36.0""","68° 53' 4.8""","133° 40' 45.6"""
584,ATIGI G-04,300G046900133450,Gulf Canada Resources Inc.,Abandoned,Exploratory Well,1971-01-07 0:00,1971-04-27 0:00,1658,NWT Mackenzie Delta,"68° 53' 15.9""","133° 46' 3.3""","68° 53' 15.6""","133° 46' 12.9"""
917,PARSONS O-27,300O276900133301,Gulf Canada Resources Inc.,Abandoned,Delineation Well,1986-03-18 0:00,1986-03-18 0:00,,NWT Mackenzie Delta,"68° 56' 53.0""","133° 35' 56.0""","68° 56' 52.8""","133° 36' 5.7"""
1017,PARSONS N-17,300N176900133301,Gulf Canada Resources Inc.,Abandoned,Delineation Well,1992-02-24 0:00,1992-02-27 0:00,,NWT Mackenzie Delta,"68° 56' 53.0""","133° 33' 59.0""","68° 56' 52.8""","133° 34' 8.7"""
1018,KAMIK D-48,300D486900133151,Gulf Canada Resources Inc.,Abandoned,Delineation Well,1992-03-05 0:00,1992-03-06 0:00,,NWT Mackenzie Delta,"68° 57' 12.6""","133° 27' 29.9""","68° 57' 12.4""","133° 27' 39.6"""
960,KAMIK D-58,300D586900133150,Gulf Canada Resources Inc.,Abandoned,Delineation Well,1974-11-26 0:00,1975-03-14 0:00,,NWT Mackenzie Delta,"68° 57' 13.2""","133° 29' 51.4""","68° 57' 13.0""","133° 30' 1.1"""
1055,KAMIK F-38,300F386900133150,Gulf Canada Resources Inc.,Abandoned,Exploratory Well,1976-12-13 0:00,1977-03-13 0:00,1670,NWT Mackenzie Delta,"68° 57' 22.9""","133° 23' 54.5""","68° 57' 22.7""","133° 24' 4.2"""
894,ATIGI O-48,300O486900133451,Gulf Canada Resources Inc.,Abandoned,Exploratory Well,1992-03-10 0:00,1992-03-11 0:00,1658,NWT Mackenzie Delta,"68° 57' 48.0""","133° 56' 7.0""","68° 57' 47.7""","133° 56' 16.7"""
671,PARSONS F-09,300F096900133301,Gulf Canada Resources Inc.,Abandoned,Exploratory Well,1992-03-04 0:00,1992-03-05 0:00,1654,NWT Mackenzie Delta,"68° 58' 28.1""","133° 31' 45.6""","68° 58' 27.9""","133° 31' 55.3"""
1032,PARSONS D-20,300D206900133301,Gulf Canada Resources Inc.,Abandoned,Delineation Well,1992-02-21 0:00,1992-02-23 0:00,,NWT Mackenzie Delta,"68° 59' 9.3""","133° 34' 24.8""","68° 59' 9.1""","133° 34' 34.5"""
991,KAMIK L-60,300L606900133150,Gulf Canada Resources Inc.,Abandoned,Exploratory Well,1975-03-29 0:00,1975-06-11 0:00,,NWT Mackenzie Delta,"68° 59' 40.7""","133° 29' 24.1""","68° 59' 40.5""","133° 29' 33.8"""
800,PARSONS N-10,300N106900133301,Gulf Canada Resources Inc.,Abandoned,Delineation Well,1992-02-17 0:00,1992-03-02 0:00,1654,NWT Mackenzie Delta,"68° 59' 48.5""","133° 31' 50.0""","68° 59' 48.3""","133° 31' 59.7"""
1019,SIKU C-11,300C116910133301,Gulf Canada Resources Inc.,Abandoned,Delineation Well,1992-02-29 0:00,1992-02-29 0:00,,NWT Mackenzie Delta,"69° 0' 4.9""","133° 33' 49.9""","69° 0' 4.7""","133° 33' 59.7"""
888,REINDEER A-41,300A416910134300,Gulf Canada Resources Inc.,Abandoned,Delineation Well,1973-12-22 0:00,1974-02-07 0:00,,NWT Mackenzie Delta,"69° 0' 12.0""","134° 40' 19.0""","69° 0' 11.7""","134° 40' 28.7"""
1071,SIKU E-21,300E216910133301,Gulf Canada Resources Inc.,Abandoned,Delineation Well,1992-03-01 0:00,1992-03-01 0:00,1653,NWT Mackenzie Delta,"69° 0' 29.3""","133° 36' 54.9""","69° 0' 29.1""","133° 37' 4.7"""
1031,SIKU A-12,300A126910133301,Gulf Canada Resources Inc.,Abandoned,Delineation Well,1992-03-03 0:00,1992-03-03 0:00,,NWT Mackenzie Delta,"69° 1' 0.3""","133° 32' 31.5""","69° 1' 0.1""","133° 32' 41.3"""
730,SIKU C-55,300C556910133300,Gulf Canada Resources Inc.,Abandoned,Exploratory Well,1972-05-02 0:00,1972-11-08 0:00,1653,NWT Mackenzie Delta,"69° 4' 4.0""","133° 43' 57.9""","69° 4' 3.8""","133° 44' 7.7"""
814,REINDEER C-36,300C366910134301,Gulf Canada Resources Inc.,Abandoned,Exploratory Well,1986-02-27 0:00,1986-03-03 0:00,1715,NWT Mackenzie Delta,"69° 5' 9.9""","134° 39' 15.0""","69° 5' 9.6""","134° 39' 24.7"""
964,KIKORALOK N-46,300N466910134450,Gulf Canada Resources Inc.,Abandoned,Exploratory Well,1974-12-20 0:00,1975-01-25 0:00,,NWT Mackenzie Delta,"69° 5' 46.0""","134° 56' 33.0""","69° 5' 45.7""","134° 56' 42.7"""
982,RED FOX P-21,300P216920133300,Gulf Canada Resources Inc.,Abandoned,Exploratory Well,1975-02-23 0:00,1975-06-03 0:00,1652,NWT Mackenzie Delta,"69° 10' 48.0""","133° 35' 1.0""","69° 10' 47.9""","133° 35' 10.9"""
958,YA-YA M-33,300M336920134300,Gulf Canada Resources Inc.,Abandoned,Delineation Well,1974-11-22 0:00,1975-02-13 0:00,,NWT Mackenzie Delta,"69° 12' 57.0""","134° 39' 44.0""","69° 12' 56.7""","134° 39' 53.9"""
923,TOAPOLOK H-24,300H246920134450,Gulf Canada Resources Inc.,Abandoned,Delineation Well,1974-04-21 0:00,1974-06-15 0:00,,NWT Mackenzie Delta,"69° 13' 18.0""","134° 50' 25.0""","69° 13' 17.7""","134° 50' 34.9"""
882,TOAPOLOK O-54,300O546920134450,Gulf Canada Resources Inc.,Abandoned,Exploratory Well,1973-11-27 0:00,1974-04-01 0:00,,NWT Mackenzie Delta,"69° 13' 57.5""","134° 58' 30.9""","69° 13' 57.2""","134° 58' 40.8"""
959,YA-YA I-17,300I176920134300,Gulf Canada Resources Inc.,Abandoned,Delineation Well,1974-11-22 0:00,1975-01-11 0:00,,NWT Mackenzie Delta,"69° 16' 35.0""","134° 32' 49.0""","69° 16' 34.8""","134° 32' 59.0"""
909,YA-YA A-28,300A286920134301,Gulf Canada Resources Inc.,Abandoned,Delineation Well,1986-03-12 0:00,1986-03-12 0:00,,NWT Mackenzie Delta,"69° 17' 11.0""","134° 35' 27.0""","69° 17' 10.8""","134° 35' 37.0"""
984,KILAGMIOTAK M-16,300M166930134000,Gulf Canada Resources Inc.,Abandoned,Exploratory Well,1975-02-25 0:00,1975-04-01 0:00,,NWT Mackenzie Delta,"69° 25' 52.0""","134° 4' 30.0""","69° 25' 51.9""","134° 4' 40.1"""
693,KILAGMIOTAK F-48,300F486930134000,Gulf Canada Resources Inc.,Abandoned,Exploratory Well,1972-02-04 0:00,1972-10-12 0:00,1691,NWT Mackenzie Delta,"69° 27' 29.0""","134° 11' 51.0""","69° 27' 28.9""","134° 12' 1.1"""
1089,S.W. ARROWHEAD M-05,300M056030123000,Gulf Canada Resources Inc.,Abandoned,Exploratory Well,1978-02-14 0:00,1978-03-24 0:00,EL383,NWT Mainland,"60° 24' 52.0""","123° 1' 40.0""","60° 24' 52.2""","123° 1' 45.4"""
488,REDKNIFE H-28,300H286130119300,Gulf Canada Resources Inc.,Abandoned,Exploratory Well,1970-01-21 0:00,1970-02-06 0:00,4396,NWT Mainland,"61° 27' 15.7""","119° 33' 51.2""","61° 27' 16.1""","119° 33' 56.4"""
505,TROUT RIVER D-14,300D146140120000,Gulf Canada Resources Inc.,Abandoned,Exploratory Well,1970-02-15 0:00,1970-03-02 0:00,4188,NWT Mainland,"61° 33' 10.2""","120° 3' 40.0""","61° 33' 10.6""","120° 3' 45.2"""
443,CLI LAKE G-15,300G156210123000,Gulf Canada Resources Inc.,Abandoned,Exploratory Well,1969-02-23 0:00,1969-03-21 0:00,5369,NWT Mainland,"62° 4' 25.4""","123° 2' 47.7""","62° 4' 25.7""","123° 2' 53.3"""
927,CARIBOU Y.T. N-25,300N256620134450,Gulf Canada Resources Inc.,Abandoned,Exploratory Well,1974-05-01 0:00,1974-08-10 0:00,5675,Yukon,"66° 14' 46.0""","134° 50' 4.0""","66° 14' 45.4""","134° 50' 12.2"""
1057,PARSONS L-37,300L376900133301,Gulf Oil Canada Limited,Abandoned,Delineation Well,1992-02-27 0:00,1992-02-28 0:00,1654,NWT Mackenzie Delta,"68° 56' 42.7""","133° 39' 54.7""","68° 56' 42.5""","133° 40' 4.4"""
1029,TUNUNUK F-30,300F306900134300,Gulf Oil Canada Limited,Abandoned,Exploratory Well,1976-04-05 0:00,1976-07-06 0:00,1716,NWT Mackenzie Delta,"68° 59' 22.0""","134° 36' 43.0""","68° 59' 21.7""","134° 36' 52.7"""
760,YA-YA P-53,300P536920134301,Gulf Oil Canada Limited,Abandoned,Exploratory Well,1986-03-11 0:00,1986-03-11 0:00,1714,NWT Mackenzie Delta,"69° 12' 45.8""","134° 42' 49.8""","69° 12' 45.5""","134° 42' 59.7"""
498,WEST BEAVER CROW YT 0-15,300O156010125150,Gulf Oil Canada Limited,Abandoned,Exploratory Well,1970-02-03 0:00,1970-06-01 0:00,5463,Yukon,"60° 4' 58.9""","125° 17' 43.9""","60° 4' 58.2""","125° 17' 49.7"""
1274,PIKIOLIK G-21,300G216930132300,Home Oil Company Limited,Abandoned,Exploratory Well,1983-02-16 0:00,1983-03-24 0:00,3949,NWT Mackenzie Delta,"69° 20' 23.4""","132° 35' 43.6""","69° 20' 23.3""","132° 35' 53.4"""
1479,SILT LAKE SOUTH G-21,300G216010118450,Home Oil Company Limited,Abandoned,Exploratory Well,1985-01-19 0:00,1985-02-26 0:00,,NWT Mainland,"60° 0' 25.1""","118° 49' 22.4""","60° 0' 25.4""","118° 49' 27.6"""
1371,KAKISA RIVER J-42,300J426010118300,Home Oil Company Limited,Abandoned,Exploratory Well,1984-02-10 0:00,1984-03-12 0:00,EA173,NWT Mainland,"60° 1' 43.1""","118° 38' 5.6""","60° 1' 43.4""","118° 38' 10.8"""
1352,SILT LAKE H-64,300H646010118451,Home Oil Company Limited,Abandoned,Exploratory Well,1990-08-29 0:00,1990-08-30 0:00,EL173,NWT Mainland,"60° 3' 16.7""","118° 56' 36.4""","60° 3' 17.0""","118° 56' 41.7"""
155,CELIBETA NO. 1 (I-44),300I446010122150,Home Oil Company Limited,Abandoned,Exploratory Well,1959-12-21 0:00,1960-03-24 0:00,1137,NWT Mainland,"60° 3' 43.2""","122° 22' 51.3""","60° 3' 43.0""","122° 22' 57.4"""
187,CELIBETA NO.5 (E-56),300E566010122000,Home Oil Company Limited,Abandoned,Exploratory Well,1960-12-29 0:00,1961-02-19 0:00,2713,NWT Mainland,"60° 5' 17.4""","122° 11' 5.0""","60° 5' 17.2""","122° 11' 11.1"""
188,CELIBETA NO.6 (F-60),300F606010122000,Home Oil Company Limited,Abandoned,Exploratory Well,1961-01-08 0:00,1961-03-02 0:00,2713,NWT Mainland,"60° 9' 21.5""","122° 10' 26.8""","60° 9' 21.4""","122° 10' 32.9"""
202,CELIBETA NO.7 (H-50),300H506010122300,Home Oil Company Limited,Abandoned,Exploratory Well,1961-12-10 0:00,1962-03-13 0:00,1136,NWT Mainland,"60° 9' 24.6""","122° 37' 43.9""","60° 9' 24.5""","122° 37' 49.9"""
156,CELIBETA NO. 2 (H-78),300H786010122001,Home Oil Company Limited,Abandoned,Exploratory Well,1990-03-23 0:00,1990-03-25 0:00,2713,NWT Mainland,"60° 7' 29.3""","122° 13' 35.3""","60° 7' 29.2""","122° 13' 41.4"""
750,DEPOT PT. L-24,300L247930085300,Horn River Resources Ltd.,Abandoned,Exploratory Well,1972-10-16 0:00,1973-05-12 0:00,A816,"Nunavut Arctic Islands Onshore, Foxe Basin","79° 23' 40.0""","85° 44' 22.0""","79° 23' 43.6""","85° 44' 20.6"""
875,MID FIORD J-53,300J538000094300,Horn River Resources Ltd.,Abandoned,Exploratory Well,1973-11-02 0:00,1974-01-07 0:00,A2801,"Nunavut Arctic Islands Onshore, Foxe Basin","79° 52' 37.0""","94° 57' 10.0""","79° 52' 40.6""","94° 57' 13.3"""
567,HAY RIVER B-52,300B526100115300,Horn River Resources Ltd.,Abandoned,Exploratory Well,1970-12-08 0:00,1970-12-22 0:00,4934,NWT Mainland,"60° 51' 4.0""","115° 40' 17.0""","60° 51' 4.5""","115° 40' 21.9"""
579,ARROWHEAD LAKE C-65,300C656100122150,Horn River Resources Ltd.,Abandoned,Exploratory Well,1970-12-31 0:00,1971-01-04 0:00,136,NWT Mainland,"60° 54' 13.0""","122° 27' 21.0""","60° 54' 13.4""","122° 27' 26.4"""
580,ARROWHEAD LAKE 2C-65,302C656100122150,Horn River Resources Ltd.,Abandoned,Exploratory Well,1971-01-04 0:00,1971-01-30 0:00,136,NWT Mainland,"60° 54' 13.0""","122° 27' 21.0""","60° 54' 13.4""","122° 27' 26.4"""
568,RABBIT LAKE H-01,300H016110118450,Horn River Resources Ltd.,Abandoned,Exploratory Well,1970-12-11 0:00,1970-12-22 0:00,4385,NWT Mainland,"61° 0' 25.0""","118° 45' 13.0""","61° 0' 25.4""","118° 45' 18.1"""
628,KAKISA N-73,300N736110118000,Horn River Resources Ltd.,Abandoned,Exploratory Well,1971-03-28 0:00,1971-04-07 0:00,4553,NWT Mainland,"61° 2' 58.0""","118° 14' 25.0""","61° 2' 58.4""","118° 14' 30.1"""
587,BIG ISLAND O-78,300O786110116150,Horn River Resources Ltd.,Abandoned,Exploratory Well,1971-01-13 0:00,1971-01-23 0:00,4507,NWT Mainland,"61° 7' 47.0""","116° 28' 38.0""","61° 7' 47.5""","116° 28' 43.0"""
617,DEEP LAKE H-45,300H456120120450,Horn River Resources Ltd.,Abandoned,Exploratory Well,1971-03-09 0:00,1971-03-21 0:00,4182,NWT Mainland,"61° 14' 17.0""","120° 52' 39.0""","61° 14' 17.3""","120° 52' 44.3"""
577,DEEP BAY B-01,300B016130117000,Horn River Resources Ltd.,Abandoned,Exploratory Well,1971-01-03 0:00,1971-01-11 0:00,4490,NWT Mainland,"61° 20' 6.0""","117° 0' 43.0""","61° 20' 6.5""","117° 0' 48.0"""
607,TROUT D-66,300D666140119451,Horn River Resources Ltd.,Abandoned,Exploratory Well,1989-06-18 0:00,1989-06-20 0:00,4187,NWT Mainland,"61° 35' 9.8""","119° 58' 6.9""","61° 35' 10.2""","119° 58' 12.1"""
590,MINK LAKE I-38,300I386140117300,Horn River Resources Ltd.,Abandoned,Exploratory Well,1971-01-25 0:00,1971-02-08 0:00,4157,NWT Mainland,"61° 37' 31.0""","117° 35' 51.0""","61° 37' 31.5""","117° 35' 56.0"""
626,RABBITSKIN I-08,300I086140119300,Horn River Resources Ltd.,Abandoned,Exploratory Well,1971-03-23 0:00,1971-03-31 0:00,4186,NWT Mainland,"61° 37' 32.0""","119° 30' 17.0""","61° 37' 32.4""","119° 30' 22.2"""
578,ANTOINE M-34,300M346150122000,Horn River Resources Ltd.,Abandoned,Exploratory Well,1971-01-03 0:00,1971-01-24 0:00,4400,NWT Mainland,"61° 43' 54.0""","122° 7' 9.0""","61° 43' 54.3""","122° 7' 14.5"""
619,GREEN I. O-24,300O246200120150,Horn River Resources Ltd.,Abandoned,Exploratory Well,1971-03-10 0:00,1971-03-22 0:00,4465,NWT Mainland,"61° 53' 46.0""","120° 19' 37.0""","61° 53' 46.4""","120° 19' 42.3"""
588,CLI LAKE M-05,300M056200123000,Horn River Resources Ltd.,Abandoned,Exploratory Well,1971-01-13 0:00,1971-02-13 0:00,5367,NWT Mainland,"61° 54' 58.0""","123° 1' 47.0""","61° 54' 58.3""","123° 1' 52.6"""
602,BERRY ISLAND A-42,300A426230123000,Horn River Resources Ltd.,Abandoned,Exploratory Well,1971-02-17 0:00,1971-03-12 0:00,5371,NWT Mainland,"62° 21' 4.0""","123° 7' 43.0""","62° 21' 4.3""","123° 7' 48.6"""
613,EBBUTT J-05,300J056230122150,Horn River Resources Ltd.,Abandoned,Exploratory Well,1971-03-02 0:00,1971-03-19 0:00,4405,NWT Mainland,"62° 24' 37.0""","122° 15' 56.0""","62° 24' 37.3""","122° 16' 1.5"""
599,LEVIS D-76,300D766230118150,Horn River Resources Ltd.,Abandoned,Exploratory Well,1971-02-10 0:00,1971-02-19 0:00,4652,NWT Mainland,"62° 25' 6.0""","118° 29' 34.0""","62° 25' 6.5""","118° 29' 39.2"""
624,WILLOWLAKE G-47,300G476240122450,Horn River Resources Ltd.,Abandoned,Exploratory Well,1971-03-15 0:00,1971-04-07 0:00,4419,NWT Mainland,"62° 36' 23.0""","122° 53' 12.0""","62° 36' 23.3""","122° 53' 17.6"""
615,WILLOWLAKE R. I-71,300I716250121300,Horn River Resources Ltd.,Abandoned,Exploratory Well,1971-03-05 0:00,1971-03-19 0:00,4409,NWT Mainland,"62° 40' 44.0""","121° 43' 18.0""","62° 40' 44.4""","121° 43' 23.5"""
450,CAMERON HILLS F-51,300F516010117150,Hudson's Bay Oil And Gas Company Limited,Abandoned,Exploratory Well,1969-03-09 0:00,1969-04-02 0:00,SDL10,NWT Mainland,"60° 0' 15.4""","117° 25' 31.6""","60° 0' 15.8""","117° 25' 36.7"""
226,S. ISLAND R. M-41,300M416010121002,Hudson's Bay Oil And Gas Company Limited,Abandoned,Exploratory Well,1988-11-21 0:00,1988-11-21 0:00,2709,NWT Mainland,"60° 0' 55.0""","121° 9' 0.0""","60° 0' 55.0""","121° 9' 6.0"""
423,CAMERON RIVER J-12,300J126010117000,Hudson's Bay Oil And Gas Company Limited,Abandoned,Exploratory Well,1969-01-12 0:00,1969-02-17 0:00,3216,NWT Mainland,"60° 1' 30.2""","117° 2' 22.6""","60° 1' 30.6""","117° 2' 27.6"""
786,S. ISLAND R. M-52,300M526010121000,Hudson's Bay Oil And Gas Company Limited,Abandoned,Delineation Well,1973-01-21 0:00,1973-02-28 0:00,83670,NWT Mainland,"60° 1' 51.0""","121° 11' 5.0""","60° 1' 51.0""","121° 11' 11.0"""
491,WEST CAMERON F-24,300F246010119150,Hudson's Bay Oil And Gas Company Limited,Abandoned,Exploratory Well,1970-01-14 0:00,1970-02-21 0:00,70-65,NWT Mainland,"60° 3' 21.3""","119° 19' 41.6""","60° 3' 21.6""","119° 19' 46.9"""
610,CAMERON N-24,300N246010117150,Hudson's Bay Oil And Gas Company Limited,Abandoned,Exploratory Well,1971-02-24 0:00,1971-03-17 0:00,3215,NWT Mainland,"60° 3' 52.0""","117° 19' 55.9""","60° 3' 52.4""","117° 20' 1.0"""
508,PETITOT C-60,300C606010121150,Hudson's Bay Oil And Gas Company Limited,Abandoned,Exploratory Well,1970-02-16 0:00,1970-03-21 0:00,2710,NWT Mainland,"60° 9' 1.7""","121° 25' 36.7""","60° 9' 1.7""","121° 25' 42.7"""
605,SIMPSON 2 O-24,302O246120121300,Hudson's Bay Oil And Gas Company Limited,Abandoned,Exploratory Well,1971-02-16 0:00,1971-03-06 0:00,,NWT Mainland,"61° 13' 52.5""","121° 34' 38.4""","61° 13' 52.9""","121° 34' 43.8"""
604,SIMPSON O-24,300O246120121300,Hudson's Bay Oil And Gas Company Limited,Abandoned,Exploratory Well,1971-02-02 0:00,1971-02-13 0:00,4302,NWT Mainland,"61° 13' 54.4""","121° 34' 38.3""","61° 13' 54.8""","121° 34' 43.7"""
511,SIMPSON D-25,300D256120121450,Hudson's Bay Oil And Gas Company Limited,Abandoned,Exploratory Well,1970-02-25 0:00,1970-03-11 0:00,4303,NWT Mainland,"61° 14' 1.0""","121° 50' 24.5""","61° 14' 1.4""","121° 50' 30.0"""
305,CAMSELL A-37,300A376150122300,Hudson's Bay Oil And Gas Company Limited,Abandoned,Exploratory Well,1966-02-16 0:00,1966-03-16 0:00,3063,NWT Mainland,"61° 46' 9.2""","122° 35' 55.3""","61° 46' 9.5""","122° 36' 0.9"""
703,WILLOW A-39,300A396250122451,Hudson's Bay Oil And Gas Company Limited,Abandoned,Exploratory Well,1973-01-25 0:00,1973-02-11 0:00,4421,NWT Mainland,"62° 48' 5.0""","122° 50' 53.0""","62° 48' 5.3""","122° 50' 58.7"""
801,FISH LAKE G-60,300G606310122450,Hudson's Bay Oil And Gas Company Limited,Abandoned,Exploratory Well,1973-02-25 0:00,1973-04-05 0:00,4680,NWT Mainland,"63° 9' 29.8""","122° 54' 59.8""","63° 9' 30.2""","122° 55' 5.6"""
482,SIBBESTON G-69,300G696200122300,Husky Oil Ltd,Abandoned,Exploratory Well,1970-01-03 0:00,1970-01-28 0:00,5357,NWT Mainland,"61° 58' 28.0""","122° 41' 45.0""","61° 58' 28.3""","122° 41' 50.6"""
1687,WILLOWLAKE O-27,300O276220121000,Husky Oil Ltd,Abandoned,Exploratory Well,1970-01-23 0:00,1970-01-27 0:00,4363,NWT Mainland,"62° 16' 48.0""","121° 4' 21.0""","62° 16' 48.4""","121° 4' 26.4"""
493,WILLOWLAKE O-27A,302O276220121000,Husky Oil Ltd,Abandoned,Exploratory Well,1970-01-29 0:00,1970-02-22 0:00,4363,NWT Mainland,"62° 16' 48.0""","121° 4' 21.0""","62° 16' 48.4""","121° 4' 26.4"""
521,WILLOW LAKE G-32,300G326230120450,Husky Oil Ltd,Abandoned,Exploratory Well,1970-03-14 0:00,1970-04-05 0:00,4367,NWT Mainland,"62° 21' 22.0""","120° 51' 13.0""","62° 21' 22.4""","120° 51' 18.4"""
514,WILLOW LAKE H-10,300H106250121450,Husky Oil Ltd,Abandoned,Exploratory Well,1970-02-27 0:00,1970-03-27 0:00,4410,NWT Mainland,"62° 49' 16.0""","121° 45' 1.0""","62° 49' 16.4""","121° 45' 6.5"""
2051,DAHADINNI B-20,300B206400125000,Husky Oil Operations Limited,Abandoned,Exploratory Well,2008-02-16 0:00,2008-03-31 0:00,EL423,NWT Mainland,"63° 59' 2.0""","125° 2' 47.9""","63° 59' 2.3""","125° 2' 54.3"""
2052,KEELE RIVER L-52,300L526410124450,Husky Oil Operations Limited,Abandoned,Exploratory Well,2008-03-06 0:00,2008-03-21 0:00,EL423,NWT Mainland,"64° 1' 30.2""","124° 56' 7.3""","64° 1' 30.5""","124° 56' 13.7"""
2036,STEWART D-57,300D576420125151,Husky Oil Operations Limited,Abandoned,Exploratory Well,2010-09-16 0:00,2010-09-16 0:00,S05A7,NWT Mainland,"64° 16' 3.2""","125° 26' 5.9""","64° 16' 3.5""","125° 26' 12.3"""
2020,SAH CHO L-71,300L716430125301,Husky Oil Operations Limited,Abandoned,Exploratory Well,2010-09-16 0:00,2010-09-16 0:00,EL397,NWT Mainland,"64° 20' 41.4""","125° 44' 34.1""","64° 20' 41.7""","125° 44' 40.5"""
1994,SUMMIT CREEK B-44,300B446430125452,Husky Oil Operations Limited,Abandoned,Exploratory Well,2010-08-30 0:00,2010-09-13 0:00,,NWT Mainland,"64° 23' 2.4""","125° 53' 22.7""","64° 23' 2.7""","125° 53' 29.1"""
2035,SUMMIT CREEK K-44,300K446430125451,Husky Oil Operations Limited,Abandoned,Exploratory Well,2010-09-15 0:00,2010-09-15 0:00,EL397,NWT Mainland,"64° 23' 44.8""","125° 53' 29.8""","64° 23' 45.1""","125° 53' 36.2"""
2076,LITTLE BEAR N-09,300N096500126300,Husky Oil Operations Limited,Abandoned,Exploratory Well,2012-01-27 0:00,2012-02-16 0:00,EL463,NWT Mainland,"64° 58' 55.2""","126° 31' 20.2""",,
2077,LITTLE BEAR H-64,300H646500126000,Husky Oil Operations Limited,Abandoned,Exploratory Well,2012-02-19 0:00,2012-03-10 0:00,EL462,NWT Mainland,"64° 53' 28.5""","126° 11' 20.3""",,
405,TUNUNUK K-10,300K106900134450,Imperial Oil Enterprises Limited,Abandoned,Exploratory Well,1968-08-13 0:00,1969-06-29 0:00,1790,NWT Mackenzie Delta,"68° 59' 44.0""","134° 46' 34.0""","68° 59' 43.7""","134° 46' 43.6"""
475,ELLICE O-14,300O146910135450,Imperial Oil Enterprises Limited,Abandoned,Exploratory Well,1969-11-19 0:00,1970-02-17 0:00,3847,NWT Mackenzie Delta,"69° 3' 56.0""","135° 48' 16.0""","69° 3' 55.6""","135° 48' 25.8"""
463,ESKIMO J-07,300J076920132300,Imperial Oil Enterprises Limited,Abandoned,Exploratory Well,1969-05-10 0:00,1969-05-31 0:00,3947,NWT Mackenzie Delta,"69° 16' 43.0""","132° 30' 59.0""","69° 16' 42.9""","132° 31' 8.8"""
419,TUK F-18,300F186920133000,Imperial Oil Enterprises Limited,Abandoned,Exploratory Well,1968-12-29 0:00,1969-04-27 0:00,3828,NWT Mackenzie Delta,"69° 17' 29.0""","133° 4' 1.0""","69° 17' 28.9""","133° 4' 10.9"""
566,TUKTU O-19,300O196920132450,Imperial Oil Enterprises Limited,Abandoned,Exploratory Well,1970-12-07 0:00,1971-02-06 0:00,3948,NWT Mackenzie Delta,"69° 18' 55.0""","132° 48' 17.0""","69° 18' 54.9""","132° 48' 26.8"""
574,MAGAK A-32,300A326940132000,Imperial Oil Enterprises Limited,Abandoned,Exploratory Well,1970-12-20 0:00,1971-01-22 0:00,3971,NWT Mackenzie Delta,"69° 31' 9.0""","132° 7' 32.0""","69° 31' 9.0""","132° 7' 41.8"""
520,NATAGNAK K-23,300K236950131300,Imperial Oil Enterprises Limited,Abandoned,Exploratory Well,1970-03-13 0:00,1970-04-13 0:00,3967,NWT Mackenzie Delta,"69° 42' 31.0""","131° 36' 44.0""","69° 42' 31.0""","131° 36' 53.8"""
534,ATKINSON M-33,300M336950131450,Imperial Oil Enterprises Limited,Abandoned,Exploratory Well,1970-05-01 0:00,1970-06-03 0:00,3975,NWT Mackenzie Delta,"69° 42' 48.0""","131° 54' 43.0""","69° 42' 48.0""","131° 54' 52.8"""
533,NATAGNAK H-50,300H506950131300,Imperial Oil Enterprises Limited,Abandoned,Exploratory Well,1970-04-30 0:00,1970-06-01 0:00,3967,NWT Mackenzie Delta,"69° 49' 27.0""","131° 40' 11.0""","69° 49' 27.0""","131° 40' 20.9"""
603,KANGUK I-24,300I247000131000,Imperial Oil Enterprises Limited,Abandoned,Exploratory Well,1971-02-13 0:00,1971-03-07 0:00,3968,NWT Mackenzie Delta,"69° 53' 40.0""","131° 5' 12.0""","69° 53' 40.1""","131° 5' 21.8"""
519,NUVORAK O-09,300O097000130300,Imperial Oil Enterprises Limited,Abandoned,Exploratory Well,1970-03-12 0:00,1970-04-14 0:00,3957,NWT Mackenzie Delta,"69° 58' 55.0""","130° 30' 56.0""","69° 58' 55.2""","130° 31' 5.8"""
502,N.W. CELIBETA D-31,300D316030122300,Imperial Oil Enterprises Limited,Abandoned,Exploratory Well,1970-02-08 0:00,1970-02-19 0:00,3780,NWT Mainland,"60° 20' 5.0""","122° 37' 21.0""","60° 20' 5.0""","122° 37' 26.8"""
492,N.W. CELIBETA L-49,300L496030122300,Imperial Oil Enterprises Limited,Abandoned,Exploratory Well,1970-01-26 0:00,1970-02-05 0:00,4612,NWT Mainland,"60° 28' 35.1""","122° 39' 13.4""","60° 28' 35.3""","122° 39' 18.9"""
477,BLACKSTONE E-72,300E726120122000,Imperial Oil Enterprises Limited,Abandoned,Exploratory Well,1969-12-11 0:00,1969-12-30 0:00,3168,NWT Mainland,"61° 11' 27.0""","122° 14' 54.0""","61° 11' 27.4""","122° 14' 59.5"""
378,PROVIDENCE K-45,300K456140117000,Imperial Oil Enterprises Limited,Abandoned,Exploratory Well,1968-01-28 0:00,1968-03-09 0:00,4494,NWT Mainland,"61° 34' 36.0""","117° 8' 47.8""","61° 34' 36.5""","117° 8' 52.7"""
432,STRONG POINT G-24,300G246200120450,Imperial Oil Enterprises Limited,Abandoned,Exploratory Well,1969-01-28 0:00,1969-02-16 0:00,4351,NWT Mainland,"61° 53' 16.0""","120° 49' 36.0""","61° 53' 16.4""","120° 49' 41.3"""
444,TRAIL RIVER P-13,300P136210121300,Imperial Oil Enterprises Limited,Abandoned,Exploratory Well,1969-02-24 0:00,1969-03-15 0:00,4360,NWT Mainland,"62° 2' 59.0""","121° 32' 13.0""","62° 2' 59.3""","121° 32' 18.4"""
224,EBBUTT D-50,300D506220122150,Imperial Oil Enterprises Limited,Abandoned,Exploratory Well,1964-01-16 0:00,1964-03-18 0:00,3103,NWT Mainland,"62° 19' 1.0""","122° 24' 5.0""","62° 19' 1.3""","122° 24' 10.6"""
232,EBBUTT J-70,300J706220121450,Imperial Oil Enterprises Limited,Abandoned,Exploratory Well,1964-03-20 0:00,1964-04-08 0:00,3542,NWT Mainland,"62° 19' 31.0""","121° 57' 3.0""","62° 19' 31.4""","121° 57' 8.5"""
177,HARRIS RIVER F-71,300F716230120000,Imperial Oil Enterprises Limited,Abandoned,Exploratory Well,1960-03-16 0:00,1960-04-08 0:00,2182,NWT Mainland,"62° 20' 23.0""","120° 14' 34.0""","62° 20' 23.4""","120° 14' 39.3"""
317,MARTIN HOUSE L-50,300L506650133150,Imperial Oil Enterprises Limited,Abandoned,Exploratory Well,1966-04-17 0:00,1966-06-11 0:00,3600,NWT Mainland,"66° 49' 42.0""","133° 24' 3.0""","66° 49' 41.6""","133° 24' 11.2"""
331,SWAN LAKE K-28,300K286710133300,Imperial Oil Enterprises Limited,Abandoned,Exploratory Well,1967-01-28 0:00,1967-03-02 0:00,3637,NWT Mainland,"67° 7' 42.0""","133° 34' 44.0""","67° 7' 41.6""","133° 34' 52.4"""
248,CLARE F-79,300F796710133000,Imperial Oil Enterprises Limited,Abandoned,Exploratory Well,1965-04-05 0:00,1965-06-20 0:00,3643,NWT Mainland,"67° 8' 20.0""","133° 14' 20.0""","67° 8' 19.7""","133° 14' 28.3"""
310,NEVEJO M-05,300M056720134000,Imperial Oil Enterprises Limited,Abandoned,Exploratory Well,1966-01-29 0:00,1966-03-29 0:00,3622,NWT Mainland,"67° 14' 58.0""","134° 1' 45.0""","67° 14' 57.6""","134° 1' 53.5"""
346,TREE RIVER H-38,300H386720132150,Imperial Oil Enterprises Limited,Abandoned,Exploratory Well,1967-03-19 0:00,1967-04-23 0:00,3650,NWT Mainland,"67° 17' 21.0""","132° 21' 0.0""","67° 17' 20.8""","132° 21' 8.3"""
359,STONEY CORE HOLE C-02,300C026730135300,Imperial Oil Enterprises Limited,Abandoned,Test Hole,1967-08-23 0:00,1967-08-29 0:00,3738,NWT Mainland,"67° 21' 10.0""","135° 31' 0.0""","67° 21' 9.4""","135° 31' 8.7"""
354,STONEY CORE HOLE F-52,300F526730135300,Imperial Oil Enterprises Limited,Abandoned,Test Hole,1967-07-27 0:00,1967-08-02 0:00,3738,NWT Mainland,"67° 21' 20.0""","135° 40' 19.0""","67° 21' 19.4""","135° 40' 27.8"""
358,STONEY CORE HOLE 2F-52,302F526730135300,Imperial Oil Enterprises Limited,Abandoned,Test Hole,1967-08-13 0:00,1967-08-20 0:00,3738,NWT Mainland,"67° 21' 21.0""","135° 40' 21.0""","67° 21' 20.4""","135° 40' 29.7"""
355,STONEY CORE HOLE F-42,300F426730135300,Imperial Oil Enterprises Limited,Abandoned,Test Hole,1967-08-03 0:00,1967-08-11 0:00,3738,NWT Mainland,"67° 21' 23.0""","135° 38' 43.0""","67° 21' 22.4""","135° 38' 51.8"""
293,STONY I-50,300I506730135150,Imperial Oil Enterprises Limited,Abandoned,Exploratory Well,1965-12-07 0:00,1966-05-08 0:00,3732,NWT Mainland,"67° 29' 44.0""","135° 22' 46.0""","67° 29' 43.5""","135° 22' 54.8"""
327,SATAH RIVER YT G-72,300G726700134000,Imperial Oil Enterprises Limited,Abandoned,Exploratory Well,1967-01-13 0:00,1967-03-09 0:00,3626,Yukon,"66° 51' 28.0""","134° 13' 57.0""","66° 51' 27.5""","134° 14' 5.2"""
537,BLOW RIVER YT E-47,300E476850137150,Imperial Oil Enterprises Limited,Abandoned,Exploratory Well,1970-05-08 0:00,1970-11-15 0:00,3754,Yukon,"68° 46' 20.0""","137° 27' 13.0""","68° 46' 19.4""","137° 27' 22.7"""
585,SPRING RIVER YT N-58,300N586910138300,Imperial Oil Enterprises Limited,Abandoned,Exploratory Well,1971-01-07 0:00,1971-03-18 0:00,3766,Yukon,"69° 7' 53.0""","138° 44' 5.0""","69° 7' 52.3""","138° 44' 14.8"""
1547,ADGO G-24,300G246930135450,Imperial Oil Limited,Abandoned,Delineation Well,1985-10-07 0:00,1986-01-07 0:00,,Beaufort Sea,"69° 23' 28.8""","135° 50' 49.8""","69° 23' 28.5""","135° 50' 59.9"""
1028,SARPIK B-35,300B356930136150,Imperial Oil Limited,Abandoned,Exploratory Well,1976-04-02 0:00,1976-09-04 0:00,W1022,Beaufort Sea,"69° 24' 7.0""","136° 23' 10.0""","69° 24' 6.6""","136° 23' 20.2"""
993,ADGO C-15,300C156930135450,Imperial Oil Limited,Abandoned,Delineation Well,1975-04-21 0:00,1975-07-25 0:00,1020,Beaufort Sea,"69° 24' 13.0""","135° 49' 3.0""","69° 24' 12.7""","135° 49' 13.1"""
969,ADGO P-25,300P256930135450,Imperial Oil Limited,Abandoned,Delineation Well,1975-01-02 0:00,1975-03-28 0:00,W1020,Beaufort Sea,"69° 24' 57.0""","135° 50' 30.0""","69° 24' 56.7""","135° 50' 40.1"""
892,ADGO F-28,300F286930135450,Imperial Oil Limited,Abandoned,Exploratory Well,1973-12-28 0:00,1974-03-19 0:00,W1020,Beaufort Sea,"69° 27' 16.6""","135° 51' 15.8""","69° 27' 16.3""","135° 51' 26.0"""
1445,ADGO H-29,300H296930135450,Imperial Oil Limited,Abandoned,Delineation Well,1984-09-27 0:00,1985-01-13 0:00,,Beaufort Sea,"69° 28' 22.6""","135° 50' 22.3""","69° 28' 22.3""","135° 50' 32.5"""
970,NETSERK B-44,300B446940135450,Imperial Oil Limited,Abandoned,Exploratory Well,1975-01-06 0:00,1975-06-08 0:00,,Beaufort Sea,"69° 33' 3.0""","135° 55' 57.7""","69° 33' 2.7""","135° 56' 7.9"""
863,IMMERK B-48,300B486940135000,Imperial Oil Limited,Abandoned,Exploratory Well,1973-09-17 0:00,1973-12-22 0:00,W1031,Beaufort Sea,"69° 37' 8.3""","135° 10' 50.7""","69° 37' 8.1""","135° 11' 0.9"""
1047,KUGMALLIT H-59,300H596940133150,Imperial Oil Limited,Abandoned,Exploratory Well,1976-09-30 0:00,1976-11-10 0:00,W1027,Beaufort Sea,"69° 38' 21.5""","133° 27' 48.9""","69° 38' 21.4""","133° 27' 58.9"""
764,NUKTAK C-22,300C226950134450,Imperial Oil Limited,Abandoned,Exploratory Well,1972-12-16 0:00,1973-03-08 0:00,W1050,Beaufort Sea,"69° 41' 7.0""","134° 51' 30.0""","69° 41' 6.8""","134° 51' 40.2"""
1560,MINUK I-53,300I536950136150,Imperial Oil Limited,Abandoned,Exploratory Well,1985-11-27 0:00,1986-05-02 0:00,EA104,Beaufort Sea,"69° 42' 34.7""","136° 27' 31.9""","69° 42' 34.4""","136° 27' 42.3"""
1619,ARNAK K-06,300K066950133450,Imperial Oil Limited,Abandoned,Exploratory Well,1986-04-27 0:00,1986-08-12 0:00,EA105,Beaufort Sea,"69° 45' 40.4""","133° 46' 20.5""","69° 45' 40.3""","133° 46' 30.6"""
924,PULLEN E-17,300E176950134150,Imperial Oil Limited,Abandoned,Exploratory Well,1974-04-21 0:00,1974-07-11 0:00,W1048,Beaufort Sea,"69° 46' 16.0""","134° 19' 41.0""","69° 46' 15.9""","134° 19' 51.2"""
1210,W. ATKINSON L-17,300L176950132000,Imperial Oil Limited,Abandoned,Exploratory Well,1982-05-01 0:00,1982-06-25 0:00,W1039,Beaufort Sea,"69° 46' 33.9""","132° 4' 32.4""","69° 46' 33.9""","132° 4' 42.3"""
1327,KADLUK O-07,300O076950136000,Imperial Oil Limited,Abandoned,Exploratory Well,1983-09-25 0:00,1984-04-24 0:00,,Beaufort Sea,"69° 46' 48.3""","136° 1' 16.5""","69° 46' 48.0""","136° 1' 27.0"""
1509,NIPTERK L-19A,300L196950135150,Imperial Oil Limited,Abandoned,Delineation Well,1985-04-21 0:00,1985-07-21 0:00,,Beaufort Sea,"69° 48' 38.1""","135° 17' 53.5""","69° 48' 37.9""","135° 18' 3.9"""
1447,NIPTERK L-19,300L196950135150,Imperial Oil Limited,Abandoned,Exploratory Well,1984-10-03 0:00,1985-03-23 0:00,,Beaufort Sea,"69° 48' 38.2""","135° 19' 53.5""","69° 48' 38.0""","135° 20' 3.9"""
669,DEVON E-45,300E457510091300,Imperial Oil Limited,Abandoned,Exploratory Well,1971-12-16 0:00,1972-03-05 0:00,A530,"Nunavut Arctic Islands Onshore, Foxe Basin","75° 4' 21.0""","91° 48' 20.0""","75° 4' 23.8""","91° 48' 21.6"""
731,HOODOO L-41,300L417820099300,Imperial Oil Limited,Abandoned,Exploratory Well,1972-05-06 0:00,1972-07-24 0:00,A61,"Nunavut Arctic Islands Onshore, Foxe Basin","78° 10' 37.0""","99° 54' 13.0""","78° 10' 40.6""","99° 54' 23.5"""
886,SHERWOOD P-37,300P377820089300,Imperial Oil Limited,Abandoned,Exploratory Well,1973-12-09 0:00,1974-04-05 0:00,A109,"Nunavut Arctic Islands Onshore, Foxe Basin","78° 16' 47.0""","89° 45' 26.0""","78° 16' 50.3""","89° 45' 26.2"""
849,E. AMUND M-05,300M057830095000,Imperial Oil Limited,Abandoned,Exploratory Well,1973-05-30 0:00,1973-08-18 0:00,A785,"Nunavut Arctic Islands Onshore, Foxe Basin","78° 24' 48.0""","95° 4' 24.0""","78° 24' 51.4""","95° 4' 28.8"""
752,MOKKA A-02,300A027940087000,Imperial Oil Limited,Abandoned,Exploratory Well,1972-10-27 0:00,1973-04-15 0:00,A1329,"Nunavut Arctic Islands Onshore, Foxe Basin","79° 31' 12.0""","87° 1' 14.0""","79° 31' 15.6""","87° 1' 13.4"""
1116,NAPARTOK M-01,300M016840134300,Imperial Oil Limited,Abandoned,Exploratory Well,1979-02-11 0:00,1979-03-16 0:00,3823,NWT Mackenzie Delta,"68° 30' 47.0""","134° 32' 18.0""","68° 30' 46.6""","134° 32' 27.3"""
891,NUNA A-32,300A326910133150,Imperial Oil Limited,Abandoned,Exploratory Well,1973-12-28 0:00,1974-03-18 0:00,3827,NWT Mackenzie Delta,"69° 1' 14.0""","133° 22' 34.0""","69° 1' 13.8""","133° 22' 43.8"""
1056,KURK M-39,300M396910135150,Imperial Oil Limited,Abandoned,Exploratory Well,1976-12-16 0:00,1977-03-09 0:00,3845,NWT Mackenzie Delta,"69° 8' 55.0""","135° 24' 54.0""","69° 8' 54.7""","135° 25' 3.8"""
1350,NUNA A-10,300A106910133150,Imperial Oil Limited,Abandoned,Exploratory Well,1983-12-21 0:00,1984-02-04 0:00,,NWT Mackenzie Delta,"69° 9' 0.4""","133° 15' 4.3""","69° 9' 0.2""","133° 15' 14.1"""
1611,NUNA E-40,300E406910133150,Imperial Oil Limited,Abandoned,Exploratory Well,1986-03-14 0:00,1986-03-31 0:00,,NWT Mackenzie Delta,"69° 9' 15.8""","133° 24' 44.0""","69° 9' 15.6""","133° 24' 53.8"""
833,WAGNARK G-12,300G126920133150,Imperial Oil Limited,Abandoned,Exploratory Well,1973-04-18 0:00,1973-08-05 0:00,3829,NWT Mackenzie Delta,"69° 11' 21.0""","133° 18' 14.0""","69° 11' 20.9""","133° 18' 23.8"""
1030,WAGNARK C-23,300C236920133150,Imperial Oil Limited,Abandoned,Exploratory Well,1976-04-07 0:00,1976-10-05 0:00,3829,NWT Mackenzie Delta,"69° 12' 1.0""","133° 21' 45.0""","69° 12' 0.9""","133° 21' 54.9"""
1609,WAGNARK L-36,300L366920133150,Imperial Oil Limited,Abandoned,Exploratory Well,1986-03-08 0:00,1986-04-25 0:00,,NWT Mackenzie Delta,"69° 15' 43.5""","133° 24' 53.9""","69° 15' 43.4""","133° 25' 3.8"""
1581,TUK G-48,300G486920133001,Imperial Oil Limited,Abandoned,Delineation Well,1986-02-12 0:00,1986-03-05 0:00,EA102,NWT Mackenzie Delta,"69° 17' 23.2""","133° 11' 2.1""","69° 17' 23.1""","133° 11' 12.0"""
1562,TUK G-39,300G396920133001,Imperial Oil Limited,Abandoned,Delineation Well,1986-01-06 0:00,1986-01-24 0:00,,NWT Mackenzie Delta,"69° 18' 23.0""","133° 8' 42.9""","69° 18' 22.9""","133° 8' 52.8"""
828,LANGLEY E-29,300E296920135300,Imperial Oil Limited,Abandoned,Exploratory Well,1973-04-08 0:00,1973-07-19 0:00,3848,NWT Mackenzie Delta,"69° 18' 29.0""","135° 36' 56.0""","69° 18' 28.7""","135° 37' 6.0"""
1474,TUK J-29,300J296920133000,Imperial Oil Limited,Abandoned,Exploratory Well,1985-01-10 0:00,1985-04-20 0:00,,NWT Mackenzie Delta,"69° 18' 41.4""","133° 5' 50.3""","69° 18' 41.3""","133° 6' 0.2"""
1342,TUK L-09,300L096920133000,Imperial Oil Limited,Abandoned,Exploratory Well,1983-11-18 0:00,1984-03-06 0:00,,NWT Mackenzie Delta,"69° 18' 44.6""","133° 2' 12.9""","69° 18' 44.5""","133° 2' 22.8"""
1563,TUK B-40,300B406920133001,Imperial Oil Limited,Abandoned,Delineation Well,1986-01-25 0:00,1986-02-11 0:00,,NWT Mackenzie Delta,"69° 19' 13.7""","133° 8' 19.8""","69° 19' 13.6""","133° 8' 29.7"""
1508,TUK H-30,300H306920133001,Imperial Oil Limited,Abandoned,Delineation Well,1985-11-24 0:00,1985-12-30 0:00,,NWT Mackenzie Delta,"69° 19' 20.7""","133° 5' 13.8""","69° 19' 20.6""","133° 5' 23.7"""
1594,TUKTUK D-11,300D116930133001,Imperial Oil Limited,Abandoned,Delineation Well,1986-03-11 0:00,1986-04-01 0:00,EA102,NWT Mackenzie Delta,"69° 20' 11.6""","133° 4' 40.5""","69° 20' 11.5""","133° 4' 50.4"""
1561,TUKTUK A-12,300A126930133000,Imperial Oil Limited,Abandoned,Delineation Well,1985-12-02 0:00,1986-02-12 0:00,,NWT Mackenzie Delta,"69° 21' 1.4""","133° 2' 58.6""","69° 21' 1.3""","133° 3' 8.5"""
727,TAGLU C-42,300C426930134451,Imperial Oil Limited,Abandoned,Delineation Well,1985-03-22 0:00,1985-03-22 0:00,3837,NWT Mackenzie Delta,"69° 21' 5.0""","134° 56' 50.0""","69° 21' 4.8""","134° 57' 0.0"""
1603,MAYOGIAK G-12,300G126930132450,Imperial Oil Limited,Abandoned,Exploratory Well,1986-02-18 0:00,1986-03-28 0:00,EA102,NWT Mackenzie Delta,"69° 21' 17.1""","132° 48' 38.9""","69° 21' 17.0""","132° 48' 48.7"""
1576,TUKTUK H-22,300H226930133001,Imperial Oil Limited,Abandoned,Delineation Well,1986-04-03 0:00,1986-04-07 0:00,,NWT Mackenzie Delta,"69° 21' 22.0""","133° 5' 2.0""","69° 21' 21.9""","133° 5' 11.9"""
819,TAGLU D-43,300D436930134451,Imperial Oil Limited,Abandoned,Delineation Well,1985-03-23 0:00,1985-03-23 0:00,99672,NWT Mackenzie Delta,"69° 22' 13.8""","134° 57' 0.4""","69° 22' 13.5""","134° 57' 10.4"""
666,PIKIOLIK E-54,300E546930132300,Imperial Oil Limited,Abandoned,Exploratory Well,1971-12-11 0:00,1972-02-15 0:00,3949,NWT Mackenzie Delta,"69° 23' 15.0""","132° 44' 35.0""","69° 23' 14.9""","132° 44' 44.8"""
1054,TAGLU H-54,300H546930134452,Imperial Oil Limited,Abandoned,Delineation Well,1985-03-25 0:00,1985-03-26 0:00,,NWT Mackenzie Delta,"69° 23' 20.0""","134° 58' 6.0""","69° 23' 19.8""","134° 58' 16.0"""
1599,MAYOGIAK N-34,300N346930132450,Imperial Oil Limited,Abandoned,Exploratory Well,1986-02-14 0:00,1986-03-06 0:00,,NWT Mackenzie Delta,"69° 23' 59.7""","132° 54' 3.4""","69° 23' 59.6""","132° 54' 13.3"""
715,TAGLU D-55,300D556930134450,Imperial Oil Limited,Abandoned,Exploratory Well,1972-04-06 0:00,1972-08-21 0:00,3837,NWT Mackenzie Delta,"69° 24' 14.0""","134° 59' 34.0""","69° 24' 13.7""","134° 59' 44.0"""
1501,TAGLU WEST H-06,300H066930135000,Imperial Oil Limited,Abandoned,Exploratory Well,1985-03-26 0:00,1985-09-05 0:00,,NWT Mackenzie Delta,"69° 25' 24.5""","135° 0' 29.6""","69° 25' 24.2""","135° 0' 39.6"""
672,PIKIOLIK M-26,300M266930132301,Imperial Oil Limited,Abandoned,Exploratory Well,1994-03-19 0:00,1994-03-19 0:00,3949,NWT Mackenzie Delta,"69° 25' 55.0""","132° 37' 26.0""","69° 25' 54.9""","132° 37' 35.8"""
1152,MAYOGIAK M-16,300M166930132450,Imperial Oil Limited,Abandoned,Development Well,1980-01-24 0:00,1980-04-10 0:00,3950,NWT Mackenzie Delta,"69° 25' 55.3""","132° 49' 29.9""","69° 25' 55.2""","132° 49' 39.8"""
766,UMIAK J-37,300J376930134150,Imperial Oil Limited,Abandoned,Exploratory Well,1972-12-17 0:00,1973-03-01 0:00,,NWT Mackenzie Delta,"69° 26' 36.0""","134° 23' 8.0""","69° 26' 35.9""","134° 23' 18.1"""
1084,MALLIK J-37,300J376930134300,Imperial Oil Limited,Abandoned,Exploratory Well,1977-12-22 0:00,1978-04-11 0:00,A697,NWT Mackenzie Delta,"69° 26' 38.0""","134° 38' 23.0""","69° 26' 37.8""","134° 38' 33.1"""
631,MAYOGIAK J-17,300J176930132451,Imperial Oil Limited,Abandoned,Exploratory Well,1985-04-03 0:00,1985-04-03 0:00,3950,NWT Mackenzie Delta,"69° 26' 42.0""","132° 48' 12.4""","69° 26' 41.9""","132° 48' 22.2"""
919,MAYOGIAK L-39,300L396930132450,Imperial Oil Limited,Abandoned,Delineation Well,1974-04-10 0:00,1974-08-30 0:00,3950,NWT Mackenzie Delta,"69° 28' 41.0""","132° 54' 30.0""","69° 28' 40.9""","132° 54' 39.9"""
773,MALLIK P-59,300P596930134300,Imperial Oil Limited,Abandoned,Delineation Well,1972-12-30 0:00,1973-03-02 0:00,,NWT Mackenzie Delta,"69° 28' 49.0""","134° 42' 45.0""","69° 28' 48.8""","134° 42' 55.1"""
1070,UMIAK N-10,300N106930134150,Imperial Oil Limited,Abandoned,Exploratory Well,1977-04-13 0:00,1977-10-02 0:00,3835,NWT Mackenzie Delta,"69° 29' 50.0""","134° 16' 25.0""","69° 29' 49.9""","134° 16' 35.1"""
728,ATERTAK E-41,300E416940132301,Imperial Oil Limited,Abandoned,Exploratory Well,1994-03-17 0:00,1994-03-17 0:00,3973,NWT Mackenzie Delta,"69° 30' 27.0""","132° 42' 8.0""","69° 30' 26.9""","132° 42' 17.8"""
1615,ATERTAK K-31,300K316940132300,Imperial Oil Limited,Abandoned,Exploratory Well,1986-04-08 0:00,1986-05-12 0:00,,NWT Mackenzie Delta,"69° 30' 34.4""","132° 39' 7.4""","69° 30' 34.3""","132° 39' 17.2"""
767,IVIK C-52,300C526940134150,Imperial Oil Limited,Abandoned,Exploratory Well,1972-12-19 0:00,1973-02-13 0:00,,NWT Mackenzie Delta,"69° 31' 10.0""","134° 28' 52.0""","69° 31' 9.8""","134° 29' 2.1"""
1499,ITKRILEK B-52,300B526940131450,Imperial Oil Limited,Abandoned,Exploratory Well,1985-03-21 0:00,1985-04-04 0:00,,NWT Mackenzie Delta,"69° 31' 13.8""","131° 58' 31.9""","69° 31' 13.8""","131° 58' 41.7"""
825,IVIK K-54,300K546940134150,Imperial Oil Limited,Abandoned,Exploratory Well,1973-03-30 0:00,1973-06-08 0:00,,NWT Mackenzie Delta,"69° 33' 36.0""","134° 29' 1.0""","69° 33' 35.8""","134° 29' 11.1"""
1597,HANSEN G-07,300G076940134001,Imperial Oil Limited,Abandoned,Exploratory Well,1986-04-27 0:00,1986-06-12 0:00,EA105,NWT Mackenzie Delta,"69° 36' 20.6""","134° 1' 11.9""","69° 36' 20.4""","134° 1' 22.0"""
779,IVIK N-17,300N176940134150,Imperial Oil Limited,Abandoned,Delineation Well,1973-01-10 0:00,1973-03-04 0:00,,NWT Mackenzie Delta,"69° 36' 51.0""","134° 19' 16.0""","69° 36' 50.8""","134° 19' 26.1"""
670,KIMIK D-29,300D296940132150,Imperial Oil Limited,Abandoned,Exploratory Well,1971-12-17 0:00,1972-02-16 0:00,3972,NWT Mackenzie Delta,"69° 38' 5.0""","132° 22' 10.0""","69° 38' 5.0""","132° 22' 19.8"""
806,NATAGNAK K-53,300K536950131300,Imperial Oil Limited,Abandoned,Exploratory Well,1973-03-04 0:00,1973-03-29 0:00,3967,NWT Mackenzie Delta,"69° 42' 39.0""","131° 43' 55.0""","69° 42' 39.0""","131° 44' 4.9"""
887,ATKINSON A-55,300A556950131450,Imperial Oil Limited,Abandoned,Delineation Well,1973-12-15 0:00,1974-01-23 0:00,3975,NWT Mackenzie Delta,"69° 44' 9.0""","131° 57' 54.0""","69° 44' 9.0""","131° 58' 3.9"""
1254,NATAGNAK O-59,300O596950131300,Imperial Oil Limited,Abandoned,Exploratory Well,1982-12-17 0:00,1983-01-28 0:00,3967,NWT Mackenzie Delta,"69° 48' 56.4""","131° 43' 20.1""","69° 48' 56.4""","131° 43' 30.0"""
789,KANGUK F-42,300F427000131000,Imperial Oil Limited,Abandoned,Exploratory Well,1973-01-27 0:00,1973-02-15 0:00,3968,NWT Mackenzie Delta,"69° 51' 26.0""","131° 11' 21.0""","69° 51' 26.1""","131° 11' 30.8"""
920,AMAROK N-44,300N447000130450,Imperial Oil Limited,Abandoned,Exploratory Well,1974-04-11 0:00,1974-05-26 0:00,3958,NWT Mackenzie Delta,"69° 53' 59.0""","130° 56' 16.0""","69° 53' 59.1""","130° 56' 25.8"""
980,LOUTH K-45,300K457000131150,Imperial Oil Limited,Abandoned,Exploratory Well,1975-02-19 0:00,1975-03-12 0:00,3969,NWT Mackenzie Delta,"69° 54' 32.0""","131° 26' 47.0""","69° 54' 32.1""","131° 26' 56.9"""
968,KAPIK J-39,300J397000130000,Imperial Oil Limited,Abandoned,Exploratory Well,1975-01-01 0:00,1975-01-30 0:00,3955,NWT Mackenzie Delta,"69° 58' 32.0""","130° 8' 10.0""","69° 58' 32.2""","130° 8' 19.8"""
906,RUSSELL H-23,300H237010130000,Imperial Oil Limited,Abandoned,Exploratory Well,1974-02-17 0:00,1974-04-01 0:00,4256,NWT Mackenzie Delta,"70° 2' 18.0""","130° 6' 28.0""","70° 2' 18.2""","130° 6' 37.9"""
116,ISLAND RIVER NO. 1 (G-50),300G506010121000,Imperial Oil Limited,Abandoned,Exploratory Well,1954-03-05 0:00,1954-07-10 0:00,287,NWT Mainland,"60° 9' 29.0""","121° 8' 16.0""","60° 9' 29.1""","121° 8' 21.9"""
483,BOVIE M-05,300M056020122450,Imperial Oil Limited,Abandoned,Exploratory Well,1970-01-06 0:00,1970-01-18 0:00,59269,NWT Mainland,"60° 14' 45.8""","122° 46' 39.0""","60° 14' 45.9""","122° 46' 44.6"""
204,ARROWHEAD AURORA M-47,300M476040122300,Imperial Oil Limited,Abandoned,Exploratory Well,1961-12-18 0:00,1962-03-10 0:00,1041,NWT Mainland,"60° 36' 54.0""","122° 38' 55.0""","60° 36' 54.3""","122° 39' 0.4"""
205,EMILE LAKE F-73,300F736050122300,Imperial Oil Limited,Abandoned,Exploratory Well,1961-12-25 0:00,1962-03-11 0:00,,NWT Mainland,"60° 42' 25.0""","122° 44' 10.0""","60° 42' 25.3""","122° 44' 15.4"""
199,ARROWHEAD CABIN I-46,300I466050122150,Imperial Oil Limited,Abandoned,Exploratory Well,1961-03-29 0:00,1961-05-25 0:00,1040,NWT Mainland,"60° 45' 37.2""","122° 22' 47.0""","60° 45' 37.6""","122° 22' 52.4"""
206,REDKNIFE N-06,300N066100119150,Imperial Oil Limited,Abandoned,Exploratory Well,1962-03-02 0:00,1962-03-28 0:00,907,NWT Mainland,"60° 55' 49.0""","119° 16' 10.0""","60° 55' 49.4""","119° 16' 15.2"""
3,WINDY POINT NO.1(C-40),300C406120115450,Imperial Oil Limited,Abandoned,Exploratory Well,1920-09-02 0:00,1921-09-03 0:00,11496,NWT Mainland,"61° 19' 0.0""","115° 52' 0.0""","61° 19' 0.5""","115° 52' 5.0"""
159,DAVIDSON CREEK P-02,300P026220118150,Imperial Oil Limited,Abandoned,Exploratory Well,1960-01-06 0:00,1960-02-04 0:00,2175,NWT Mainland,"62° 11' 11.0""","118° 15' 11.0""","62° 11' 11.5""","118° 15' 16.1"""
166,WILLOW LAKE B-28,300B286220119000,Imperial Oil Limited,Abandoned,Exploratory Well,1960-02-12 0:00,1960-03-10 0:00,2172,NWT Mainland,"62° 17' 5.0""","119° 4' 25.0""","62° 17' 5.5""","119° 4' 30.2"""
163,WINDFLOWER G-77,300G776300118450,Imperial Oil Limited,Abandoned,Exploratory Well,1960-01-17 0:00,1960-02-19 0:00,2809,NWT Mainland,"62° 56' 26.0""","118° 59' 2.0""","62° 56' 26.6""","118° 59' 7.2"""
169,CARTRIDGE F-72,300F726320120150,Imperial Oil Limited,Abandoned,Exploratory Well,1960-02-26 0:00,1960-03-31 0:00,2795,NWT Mainland,"63° 11' 19.0""","120° 29' 4.0""","63° 11' 19.5""","120° 29' 9.6"""
683,DAHADINNI I-70,300I706320124451,Imperial Oil Limited,Abandoned,Exploratory Well,1973-01-29 0:00,1973-03-02 0:00,4379,NWT Mainland,"63° 19' 41.0""","124° 56' 35.0""","63° 19' 41.2""","124° 56' 41.2"""
168,LAC TACHE C-35,300C356350120300,Imperial Oil Limited,Abandoned,Exploratory Well,1960-02-23 0:00,1960-04-06 0:00,2782,NWT Mainland,"63° 44' 15.0""","120° 36' 45.0""","63° 44' 15.6""","120° 36' 50.8"""
1494,KEELE SOUTH E-19,300E196410125000,Imperial Oil Limited,Abandoned,Exploratory Well,1985-02-21 0:00,1985-03-31 0:00,,NWT Mainland,"64° 8' 24.1""","125° 3' 41.6""","64° 8' 24.4""","125° 3' 48.0"""
95,REDSTONE NO.1(J-42),300J426420124300,Imperial Oil Limited,Abandoned,Exploratory Well,1945-12-26 0:00,1946-03-25 0:00,208,NWT Mainland,"64° 11' 42.0""","124° 38' 19.0""","64° 11' 42.3""","124° 38' 25.2"""
4,BLUEFISH NO.1(A-37),300A376500125450,Imperial Oil Limited,Abandoned,Exploratory Well,1921-07-15 0:00,1923-07-19 0:00,14,NWT Mainland,"64° 56' 0.0""","125° 51' 0.0""","64° 56' 0.3""","125° 51' 6.4"""
43,CANOL BLUEFISH NO. 1A,302A376500125450,Imperial Oil Limited,Abandoned,Exploratory Well,1943-08-30 0:00,1943-10-20 0:00,,NWT Mainland,"64° 56' 1.0""","125° 50' 54.0""","64° 56' 1.4""","125° 51' 0.4"""
91,LOON CREEK NO.2(G-78),300G786510126150,Imperial Oil Limited,Abandoned,Exploratory Well,1945-03-30 0:00,1945-06-30 0:00,0002,NWT Mainland,"65° 7' 20.0""","126° 28' 51.0""","65° 7' 20.3""","126° 28' 57.5"""
78,VERMILION RIDGE NO. 1,300N286510126000,Imperial Oil Limited,Abandoned,Exploratory Well,1944-12-04 0:00,1945-04-03 0:00,169,NWT Mainland,"65° 7' 51.0""","126° 5' 0.0""","65° 7' 51.3""","126° 5' 6.5"""
94,CANYON CREEK NO.2(J-20),300J206510126150,Imperial Oil Limited,Abandoned,Exploratory Well,1945-08-29 0:00,1945-09-08 0:00,0002,NWT Mainland,"65° 9' 36.0""","126° 17' 35.0""","65° 9' 36.3""","126° 17' 41.5"""
92,CANYON CREEK NO.1(G-51),300G516520126150,Imperial Oil Limited,Abandoned,Exploratory Well,1945-06-27 0:00,1945-07-24 0:00,0002,NWT Mainland,"65° 10' 22.3""","126° 24' 51.3""","65° 10' 22.6""","126° 24' 57.8"""
46,LOON CREEK NO. 1,300A526520126450,Imperial Oil Limited,Abandoned,Exploratory Well,1943-11-23 0:00,1945-03-30 0:00,,NWT Mainland,"65° 11' 6.0""","126° 54' 23.0""","65° 11' 6.2""","126° 54' 29.6"""
82,LOONEX NO. 1 (G-12),300G126520127000,Imperial Oil Limited,Abandoned,Exploratory Well,1944-12-23 0:00,1945-03-10 0:00,,NWT Mainland,"65° 11' 19.0""","127° 2' 33.0""","65° 11' 19.2""","127° 2' 39.7"""
5,FORT NORMAN NO. 1,300C356520126300,Imperial Oil Limited,Abandoned,Exploratory Well,1921-07-27 0:00,1921-08-20 0:00,,NWT Mainland,"65° 14' 0.0""","126° 37' 0.0""","65° 14' 0.3""","126° 37' 6.6"""
45,MAC NO.2,300P056520127000,Imperial Oil Limited,Abandoned,Development Well,1943-11-19 0:00,1944-08-23 0:00,,NWT Mainland,"65° 14' 51.0""","127° 0' 22.0""","65° 14' 51.2""","127° 0' 28.7"""
67,RAY NO. 1,300B466520127000,Imperial Oil Limited,Abandoned,Exploratory Well,1944-07-27 0:00,1944-09-08 0:00,189,NWT Mainland,"65° 15' 6.0""","127° 8' 8.0""","65° 15' 6.2""","127° 8' 14.7"""
35,CANOL BEAR ISLAND NO.4(B-36),300B366520126450,Imperial Oil Limited,Abandoned,Development Well,1943-05-03 0:00,1943-06-23 0:00,,NWT Mainland,"65° 15' 6.0""","126° 51' 8.0""","65° 15' 6.2""","126° 51' 14.7"""
6,BEAR ISLAND NO.1 (F-56),300F566520126450,Imperial Oil Limited,Abandoned,Exploratory Well,1921-07-15 0:00,1923-07-24 0:00,18428,NWT Mainland,"65° 15' 15.0""","126° 55' 29.0""","65° 15' 15.2""","126° 55' 35.7"""
40,MAC NO.1(J-76),300J766520126450,Imperial Oil Limited,Abandoned,Exploratory Well,1943-09-17 0:00,1943-11-06 0:00,177,NWT Mainland,"65° 15' 30.0""","126° 59' 0.0""","65° 15' 30.2""","126° 59' 6.7"""
53,CANOL BEAR ISLAND M-41X,302I466520126451,Imperial Oil Limited,Abandoned,Delineation Well,1972-07-23 0:00,1972-07-25 0:00,146,NWT Mainland,"65° 15' 40.0""","126° 52' 32.0""","65° 15' 40.2""","126° 52' 38.7"""
89,CANOL GOOSE ISLAND #18,302B576520126450,Imperial Oil Limited,Abandoned,Development Well,1945-02-25 0:00,1945-03-09 0:00,,NWT Mainland,"65° 16' 3.0""","126° 55' 1.0""","65° 16' 3.2""","126° 55' 7.7"""
1278,NORMAN WELLS Q-17X,302A676520126450,Imperial Oil Limited,Abandoned,Development Well,1983-02-23 0:00,1983-02-25 0:00,,NWT Mainland,"65° 16' 6.3""","126° 56' 21.4""","65° 16' 6.5""","126° 56' 28.1"""
1121,MACKENZIE RIVER NO.3(A-47),300A476520126450,Imperial Oil Limited,Abandoned,Development Well,1979-03-08 0:00,1979-03-31 0:00,,NWT Mainland,"65° 16' 8.3""","126° 53' 3.9""","65° 16' 8.5""","126° 53' 10.6"""
1114,MACKENZIE RIVER NO.1(C-47),300C476520126450,Imperial Oil Limited,Abandoned,Development Well,1979-01-17 0:00,1979-02-07 0:00,,NWT Mainland,"65° 16' 12.3""","126° 53' 35.0""","65° 16' 12.5""","126° 53' 41.7"""
1154,MACKENZIE RIVER NO.4(E-27),300E276520126450,Imperial Oil Limited,Abandoned,Development Well,1980-02-04 0:00,1980-02-28 0:00,,NWT Mainland,"65° 16' 19.2""","126° 50' 23.2""","65° 16' 19.4""","126° 50' 29.9"""
1118,MACKENZIE RIVER NO.2(H-57),300H576520126450,Imperial Oil Limited,Abandoned,Development Well,1979-02-16 0:00,1979-03-02 0:00,,NWT Mainland,"65° 16' 24.9""","126° 54' 34.3""","65° 16' 25.1""","126° 54' 41.0"""
1442,NORMAN WELLS Q-04X,300I776520126450,Imperial Oil Limited,Abandoned,Development Well,1984-09-10 0:00,1984-09-19 0:00,,NWT Mainland,"65° 16' 29.7""","126° 58' 1.5""","65° 16' 29.9""","126° 58' 8.2"""
44,CANOL GOOSE ISLAND Q-05X,300L676520126450,Imperial Oil Limited,Abandoned,Development Well,1943-10-19 0:00,1943-12-23 0:00,,NWT Mainland,"65° 16' 31.0""","126° 57' 59.0""","65° 16' 31.2""","126° 58' 5.7"""
56,CANOL GOOSE ISLAND P-10X,300J676520126450,Imperial Oil Limited,Abandoned,Development Well,1944-04-06 0:00,1944-06-19 0:00,,NWT Mainland,"65° 16' 31.0""","126° 57' 7.0""","65° 16' 31.2""","126° 57' 13.7"""
25,CANOL 17X,300I276520126450,Imperial Oil Limited,Abandoned,Development Well,1942-09-03 0:00,1942-09-27 0:00,,NWT Mainland,"65° 16' 40.0""","126° 48' 51.0""","65° 16' 40.2""","126° 48' 57.7"""
13,CANOL 6X,302O376520126450,Imperial Oil Limited,Abandoned,Development Well,1942-07-03 0:00,1942-07-17 0:00,,NWT Mainland,"65° 16' 57.0""","126° 51' 23.0""","65° 16' 57.2""","126° 51' 29.7"""
21,CANOL F-21X,300D486520126450,Imperial Oil Limited,Abandoned,Development Well,1942-08-14 0:00,1942-09-20 0:00,,NWT Mainland,"65° 17' 10.0""","126° 54' 1.0""","65° 17' 10.2""","126° 54' 7.7"""
37,CANOL D-29X,303A486520126450,Imperial Oil Limited,Abandoned,Development Well,1943-06-11 0:00,1943-07-08 0:00,,NWT Mainland,"65° 17' 10.0""","126° 52' 33.0""","65° 17' 10.2""","126° 52' 39.7"""
81,SEEPAGE LAKE NO.1A(2L-28),302L286520126450,Imperial Oil Limited,Abandoned,Exploratory Well,1944-12-15 0:00,1945-01-11 0:00,11493,NWT Mainland,"65° 17' 30.0""","126° 50' 0.0""","65° 17' 30.2""","126° 50' 6.7"""
79,SEEPAGE LAKE NO.1(L-28),300L286520126450,Imperial Oil Limited,Abandoned,Exploratory Well,1944-12-05 0:00,1944-12-14 0:00,11493,NWT Mainland,"65° 17' 40.0""","126° 50' 24.0""","65° 17' 40.2""","126° 50' 30.7"""
90,RAIDER ISLAND NO.1(F-39),300F396520127000,Imperial Oil Limited,Abandoned,Exploratory Well,1945-03-30 0:00,1945-05-04 0:00,194,NWT Mainland,"65° 18' 14.6""","127° 6' 56.5""","65° 18' 14.8""","127° 7' 3.2"""
1837,DISCOVERY RIDGE D-04,300D046530126450,Imperial Oil Limited,Abandoned,Exploratory Well,1999-01-14 0:00,1999-01-24 0:00,EA,NWT Mainland,"65° 23' 12.6""","126° 46' 46.8""","65° 23' 12.9""","126° 46' 53.5"""
72,MORROW CREEK NO.1(G-44),300G446530127150,Imperial Oil Limited,Abandoned,Exploratory Well,1944-09-26 0:00,1944-11-10 0:00,145,NWT Mainland,"65° 23' 14.8""","127° 23' 7.1""","65° 23' 15.1""","127° 23' 13.9"""
30,CANOL HOOSIER RIDGE NO.1(H-15),300H156530127300,Imperial Oil Limited,Abandoned,Exploratory Well,1942-12-11 0:00,1943-04-16 0:00,,NWT Mainland,"65° 24' 15.6""","127° 32' 13.9""","65° 24' 15.8""","127° 32' 20.8"""
36,CANOL HOOSIER RIDGE NO.2(A-16),300A166530127300,Imperial Oil Limited,Abandoned,Exploratory Well,1943-04-17 0:00,1943-08-10 0:00,,NWT Mainland,"65° 25' 0.0""","127° 32' 11.2""","65° 25' 0.3""","127° 32' 18.1"""
93,JUDILE NO.1(H-40),300H406530127300,Imperial Oil Limited,Abandoned,Exploratory Well,1945-07-22 0:00,1945-09-02 0:00,0003,NWT Mainland,"65° 29' 23.6""","127° 35' 58.2""","65° 29' 23.9""","127° 36' 5.1"""
96,WHIRLPOOL NO.1(H-73),300H736540129000,Imperial Oil Limited,Abandoned,Exploratory Well,1946-01-27 0:00,1946-08-30 0:00,0008,NWT Mainland,"65° 32' 25.0""","129° 13' 17.0""","65° 32' 25.1""","129° 13' 24.0"""
68,SANS SAULT NO.1(H-24),300H246550128451,Imperial Oil Limited,Abandoned,Exploratory Well,1945-06-15 0:00,1945-06-28 0:00,0006,NWT Mainland,"65° 43' 19.4""","128° 49' 7.8""","65° 43' 19.5""","128° 49' 14.9"""
716,IVIK J-26,300J266940134151,Imperial Oil Resources Limited,Abandoned,Exploratory Well,1994-03-22 0:00,1994-03-22 0:00,3841,NWT Mackenzie Delta,"69° 35' 42.0""","134° 20' 38.0""","69° 35' 41.8""","134° 20' 48.1"""
807,WELDON CREEK O-65,300O656610132150,Inexco Oil Company,Abandoned,Exploratory Well,1973-03-05 0:00,1973-04-12 0:00,3404,NWT Mainland,"66° 4' 45.0""","132° 27' 1.0""","66° 4' 44.7""","132° 27' 8.9"""
729,MALLARD Y.T. O-18,300O186550140150,Inexco Oil Company,Abandoned,Exploratory Well,1972-05-02 0:00,1972-08-19 0:00,6000,Yukon,"65° 47' 58.0""","140° 17' 41.0""","65° 47' 57.1""","140° 17' 49.8"""
486,BLACK-FLY YT M-55,300M556600140150,Inexco Oil Company,Abandoned,Exploratory Well,1970-01-13 0:00,1970-04-01 0:00,1574,Yukon,"65° 54' 55.0""","140° 25' 55.0""","65° 54' 54.1""","140° 26' 3.9"""
676,PORCUPINE Y.T. G-31,300G316630140000,Inexco Oil Company,Abandoned,Exploratory Well,1971-12-31 0:00,1972-03-24 0:00,5995,Yukon,"66° 20' 22.0""","140° 6' 13.0""","66° 20' 21.1""","140° 6' 22.1"""
468,ATTOE LK. I-06,300I066730133150,International Nuclear Corporation,Abandoned,Exploratory Well,1969-07-24 0:00,1969-12-16 0:00,3792,NWT Mainland,"67° 25' 30.0""","133° 15' 10.0""","67° 25' 29.7""","133° 15' 18.5"""
1840,IKHIL N-26,300N266850134000,Inuvialuit Petroleum Corporation,Abandoned,Delineation Well,1998-03-20 0:00,1998-04-05 0:00,224,NWT Mackenzie Delta,"68° 45' 55.2""","134° 6' 37.2""","68° 45' 54.9""","134° 6' 46.8"""
371,LITTLE BUFFALO N-22,300N226050113300,Iskut Silver Mines Ltd.,Abandoned,Exploratory Well,1968-01-19 0:00,1968-01-23 0:00,,NWT Mainland,"60° 41' 45.0""","113° 34' 55.2""","60° 41' 45.5""","113° 34' 59.5"""
173,ALEXANDRA FALLS NO.2(J-26),300J266020116300,J.C. Sproule Associates,Abandoned,Exploratory Well,1960-03-07 0:00,1960-03-24 0:00,1400,NWT Mainland,"60° 15' 30.8""","116° 34' 41.9""","60° 15' 31.2""","116° 34' 46.9"""
189,WEST TATHLINA LAKE NO.4(J-52),300J526050117300,J.C. Sproule Associates,Abandoned,Exploratory Well,1961-01-13 0:00,1961-02-02 0:00,887,NWT Mainland,"60° 41' 33.0""","117° 40' 6.0""","60° 41' 33.4""","117° 40' 11.1"""
198,KAKISA RIVER NO.1(N-34),300N346050117300,J.C. Sproule Associates,Abandoned,Exploratory Well,1961-03-16 0:00,1961-03-29 0:00,887,NWT Mainland,"60° 43' 47.5""","117° 36' 40.0""","60° 43' 47.9""","117° 36' 45.1"""
195,REDKNIFE RIVER NO.2(E-33),300E336100119150,J.C. Sproule Associates,Abandoned,Exploratory Well,1961-02-26 0:00,1961-03-12 0:00,907,NWT Mainland,"60° 52' 29.0""","119° 22' 23.0""","60° 52' 29.3""","119° 22' 28.2"""
125,GREAT SLAVE LAKE NO.1 (O-46),300O466100116300,J.C. Sproule Associates,Abandoned,Exploratory Well,1956-03-05 0:00,1956-03-19 0:00,647,NWT Mainland,"60° 55' 47.8""","116° 38' 0.1""","60° 55' 48.2""","116° 38' 5.2"""
194,REDKNIFE RIVER NO.1(E-60),300E606100119000,J.C. Sproule Associates,Abandoned,Exploratory Well,1961-02-06 0:00,1961-02-22 0:00,908,NWT Mainland,"60° 59' 26.0""","119° 11' 10.0""","60° 59' 26.4""","119° 11' 15.2"""
181,RAMPARTS NO.1(I-55),300I556620128300,J.C. Sproule Associates,Abandoned,Exploratory Well,1960-08-31 0:00,1960-09-23 0:00,1534,NWT Mainland,"66° 14' 44.0""","128° 39' 47.0""","66° 14' 44.1""","128° 39' 54.4"""
182,HARE INDIAN NO.1(H-48),300H486620128300,J.C. Sproule Associates,Abandoned,Exploratory Well,1960-09-24 0:00,1960-09-27 0:00,1534,NWT Mainland,"66° 17' 23.0""","128° 37' 30.0""","66° 17' 23.2""","128° 37' 37.4"""
180,LOON RIVER NO.1(H-79),300H796630128450,J.C. Sproule Associates,Abandoned,Exploratory Well,1960-08-10 0:00,1960-08-27 0:00,1544,NWT Mainland,"66° 28' 26.0""","128° 58' 24.0""","66° 28' 26.1""","128° 58' 31.5"""
500,HORNELL LAKE F-17,300F176220119300,Jefferson Lake Petrochemicals Ltd.,Abandoned,Exploratory Well,1970-02-05 0:00,1970-03-07 0:00,4455,NWT Mainland,"62° 16' 22.5""","119° 33' 2.8""","62° 16' 23.0""","119° 33' 8.0"""
997,YOUNG BAY F-62,300F627250096300,Kerr McGee Corporation,Abandoned,Exploratory Well,1975-05-27 0:00,1975-07-11 0:00,A6015,"Nunavut Arctic Islands Onshore, Foxe Basin","72° 41' 23.0""","96° 49' 34.0""","72° 41' 25.5""","96° 49' 35.7"""
454,JEAN MARIE C-73,300C736130120300,Kerr McGee Of Canada Northwest Ltd.,Abandoned,Exploratory Well,1969-03-22 0:00,1969-03-29 0:00,4247,NWT Mainland,"61° 22' 10.0""","120° 44' 5.0""","61° 22' 10.3""","120° 44' 10.3"""
154,SULPHUR BAY NO.1(O-66),300O666130115450,Kore Petroleums Ltd.,Abandoned,Exploratory Well,1959-12-18 0:00,1960-02-18 0:00,2471,NWT Mainland,"61° 25' 53.0""","115° 57' 0.0""","61° 25' 53.5""","115° 57' 4.9"""
217,CORNWALLIS RESOLUTE BAY L-41,300L417450094300,"Lobitos Oilfields, Canada, Ltd.",Abandoned,Exploratory Well,1963-09-04 0:00,1963-12-15 0:00,A-27,"Nunavut Arctic Islands Onshore, Foxe Basin","74° 40' 40.0""","94° 44' 38.0""","74° 40' 42.8""","94° 44' 40.6"""
1207,S. POINTED MOUNTAIN (D-1) L-68,300L686020123451,Lone Pine Resources Canada Ltd.,Abandoned,Delineation Well,2011-08-24 0:00,2011-10-15 0:00,,NWT Mainland,"60° 17' 42.8""","123° 57' 55.9""","60° 17' 42.8""","123° 58' 1.5"""
334,TROUT LAKE A-45,300A456030121450,"McDermott, J Ray",Abandoned,Exploratory Well,1967-02-07 0:00,1967-03-01 0:00,2693,NWT Mainland,"60° 24' 14.9""","121° 52' 31.0""","60° 24' 14.9""","121° 52' 37.0"""
350,SULPHUR POINT NO.1(O-07),300O076100114450,"McDermott, J Ray",Abandoned,Exploratory Well,1967-04-02 0:00,1967-04-12 0:00,4514,NWT Mainland,"60° 56' 57.0""","114° 45' 30.0""","60° 56' 57.5""","114° 45' 34.6"""
349,DESMARAIS NO. 1 G-38,300G386100116300,"McDermott, J Ray",Abandoned,Exploratory Well,1967-03-30 0:00,1967-04-10 0:00,3452,NWT Mainland,"60° 57' 22.5""","116° 36' 19.7""","60° 57' 22.9""","116° 36' 24.7"""
341,HAY RIVER NO.1(I-41),300I416110115300,"McDermott, J Ray",Abandoned,Exploratory Well,1967-03-03 0:00,1967-03-30 0:00,4522,NWT Mainland,"61° 0' 37.0""","115° 37' 58.0""","61° 0' 37.5""","115° 38' 2.9"""
385,MID LAKE H-33,300H336110116000,"McDermott, J Ray",Abandoned,Exploratory Well,1968-02-21 0:00,1968-03-03 0:00,4506,NWT Mainland,"61° 2' 15.0""","116° 5' 45.0""","61° 2' 15.5""","116° 5' 50.0"""
550,S. MAIDA CREEK G-56,300G566540128000,"McDermott, J Ray",Abandoned,Exploratory Well,1970-08-25 0:00,1970-09-09 0:00,4382,NWT Mainland,"65° 35' 26.0""","128° 10' 17.0""","65° 35' 26.2""","128° 10' 24.0"""
543,MAIDA CK F-57,300F576540128000,"McDermott, J Ray",Abandoned,Exploratory Well,1970-07-10 0:00,1970-08-12 0:00,4382,NWT Mainland,"65° 36' 17.0""","128° 10' 36.0""","65° 36' 17.2""","128° 10' 43.0"""
436,TAYLOR LAKE YT K-15,300K156600133000,"McDermott, J Ray",Abandoned,Exploratory Well,1969-02-05 0:00,1969-03-29 0:00,2448,Yukon,"65° 54' 39.0""","133° 3' 0.0""","65° 54' 38.6""","133° 3' 7.8"""
793,NAHANNI BUTTE L-20,300L206100123300,Mesa Petroleum (Northern) Ltd.,Abandoned,Exploratory Well,1973-02-04 0:00,1973-03-21 0:00,5044,NWT Mainland,"60° 59' 42.0""","123° 33' 30.0""","60° 59' 42.3""","123° 33' 35.6"""
816,HANNA RIV. J-05,300J056550128150,Mesa Petroleum (Northern) Ltd.,Abandoned,Exploratory Well,1973-03-17 0:00,1973-04-04 0:00,3477,NWT Mainland,"65° 44' 30.0""","128° 15' 30.0""","65° 44' 30.2""","128° 15' 37.1"""
2049,ATIK P-19,300P196900135301,MGM Energy Corp.,Abandoned,Exploratory Well,2008-02-15 0:00,2008-03-02 0:00,EL427-417,NWT Mackenzie Delta,"68° 58' 54.8""","135° 32' 42.2""","68° 58' 54.4""","135° 32' 51.9"""
2017,OLIVIER 2H-01,302H016920136000,MGM Energy Corp.,Abandoned,Exploratory Well,2005-03-10 0:00,2005-04-09 0:00,,NWT Mackenzie Delta,"69° 10' 18.8""","136° 0' 14.5""","69° 10' 18.4""","136° 0' 24.4"""
2016,OLIVIER H-01,300H016920136001,MGM Energy Corp.,Abandoned,Exploratory Well,2005-02-26 0:00,2005-03-10 0:00,,NWT Mackenzie Delta,"69° 10' 18.8""","136° 0' 14.5""","69° 10' 18.4""","136° 0' 24.4"""
2060,NORTH ELLICE A-25,300A256920135450,MGM Energy Corp.,Abandoned,Exploratory Well,2009-03-02 0:00,2009-03-26 0:00,EL427-404,NWT Mackenzie Delta,"69° 14' 7.7""","135° 50' 10.5""","69° 14' 7.3""","135° 50' 20.4"""
2044,UNIPKAT M-45,300M456920135150,MGM Energy Corp.,Abandoned,Exploratory Well,2007-03-14 0:00,2007-03-22 0:00,EL394,NWT Mackenzie Delta,"69° 14' 55.8""","135° 27' 20.7""","69° 14' 55.5""","135° 27' 30.6"""
2072,Windy Island J-39,300J396500125300,MGM Energy Corp.,Abandoned,Exploratory Well,2011-02-07 0:00,2011-02-23 0:00,EL454,NWT Mainland,"64° 58' 42.4""","125° 36' 22.8""",,
1998,NOGHA B-23,300B236640125452,MGM Energy Corp.,Abandoned,Exploratory Well,2005-02-12 0:00,2005-02-26 0:00,EL426,NWT Mainland,"66° 32' 5.7""","125° 49' 33.2""","66° 32' 6.1""","125° 49' 40.3"""
2006,WEST NOGHA K-14,300K146640126001,MGM Energy Corp.,Abandoned,Exploratory Well,2005-02-17 0:00,2005-02-26 0:00,,NWT Mainland,"66° 33' 39.1""","126° 3' 2.8""","66° 33' 39.5""","126° 3' 9.9"""
1970,NOGHA M-17,300M176640125452,MGM Energy Corp.,Abandoned,Exploratory Well,2004-02-23 0:00,2004-03-08 0:00,,NWT Mainland,"66° 36' 45.2""","125° 48' 30.7""","66° 36' 45.6""","125° 48' 37.8"""
1934,NOGHA C-49,300C496640125451,MGM Energy Corp.,Abandoned,Exploratory Well,2003-03-03 0:00,2003-03-14 0:00,,NWT Mainland,"66° 38' 5.4""","125° 53' 35.7""","66° 38' 5.9""","125° 53' 42.9"""
900,KAKISA RIVER I-52,300I526010117450,Miami Oil Producers Inc.,Abandoned,Exploratory Well,1974-02-01 0:00,1974-02-27 0:00,3876,NWT Mainland,"60° 1' 34.0""","117° 54' 42.0""","60° 1' 34.3""","117° 54' 47.1"""
912,SWEDE O-22,300O226020117300,Miami Oil Producers Inc.,Abandoned,Exploratory Well,1974-03-05 0:00,1974-03-28 0:00,SD107,NWT Mainland,"60° 11' 50.0""","117° 34' 25.0""","60° 11' 50.4""","117° 34' 30.1"""
898,ALEXANDRA FALLS G-36,300G366020116300,Miami Oil Producers Inc.,Abandoned,Exploratory Well,1974-01-28 0:00,1974-02-16 0:00,625,NWT Mainland,"60° 15' 26.0""","116° 36' 30.0""","60° 15' 26.4""","116° 36' 35.0"""
1130,CORNWALL O-30,300O307730094300,"Mobil Oil Canada, Ltd.",Abandoned,Exploratory Well,1979-06-05 0:00,1979-10-15 0:00,1797,"Nunavut Arctic Islands Onshore, Foxe Basin","77° 29' 47.0""","94° 38' 58.0""","77° 29' 50.3""","94° 39' 0.8"""
433,ALEX FALLS B-07,300B076040115450,"Mobil Oil Canada, Ltd.",Abandoned,Exploratory Well,1969-01-28 0:00,1969-02-23 0:00,4189,NWT Mainland,"60° 36' 0.5""","115° 45' 38.4""","60° 36' 0.9""","115° 45' 43.3"""
591,FORT SIMPSON M-70,300M706200122150,"Mobil Oil Canada, Ltd.",Abandoned,Exploratory Well,1971-01-28 0:00,1971-02-27 0:00,5535,NWT Mainland,"61° 59' 57.5""","122° 27' 58.9""","61° 59' 57.8""","122° 28' 4.5"""
547,SLATER RIVER A-37,300A376500126000,"Mobil Oil Canada, Ltd.",Abandoned,Exploratory Well,1970-08-09 0:00,1970-08-23 0:00,3720,NWT Mainland,"64° 56' 5.0""","126° 5' 42.0""","64° 56' 5.3""","126° 5' 48.4"""
569,HUME RIVER L-09,300L096530129300,"Mobil Oil Canada, Ltd.",Abandoned,Exploratory Well,1970-12-16 0:00,1971-04-09 0:00,4424,NWT Mainland,"65° 28' 31.0""","129° 31' 32.0""","65° 28' 31.1""","129° 31' 39.0"""
528,ONTADEK LK N-39,300N396620128150,"Mobil Oil Canada, Ltd.",Abandoned,Exploratory Well,1970-04-13 0:00,1970-05-30 0:00,3915,NWT Mainland,"66° 18' 45.3""","128° 21' 38.7""","66° 18' 45.5""","128° 21' 46.0"""
691,BELOT HILLS M-63,300M636710126150,"Mobil Oil Canada, Ltd.",Abandoned,Exploratory Well,1972-01-31 0:00,1972-04-08 0:00,5099,NWT Mainland,"67° 2' 45.0""","126° 27' 45.0""","67° 2' 45.4""","126° 27' 52.4"""
589,MANUEL LAKE J-42,300J426720129150,"Mobil Oil Canada, Ltd.",Abandoned,Exploratory Well,1971-01-13 0:00,1971-03-07 0:00,4094,NWT Mainland,"67° 11' 40.0""","129° 23' 15.0""","67° 11' 40.1""","129° 23' 22.9"""
531,COLVILLE E-15,300E156720126150,"Mobil Oil Canada, Ltd.",Abandoned,Exploratory Well,1970-04-18 0:00,1970-10-18 0:00,5105,NWT Mainland,"67° 14' 18.2""","126° 18' 25.6""","67° 14' 18.7""","126° 18' 33.1"""
623,IROQUOIS D-40,300D406730129450,"Mobil Oil Canada, Ltd.",Abandoned,Exploratory Well,1971-03-14 0:00,1971-05-13 0:00,4108,NWT Mainland,"67° 29' 8.0""","129° 52' 20.0""","67° 29' 8.1""","129° 52' 28.2"""
496,THUNDER R. D-69,300D696740130000,"Mobil Oil Canada, Ltd.",Abandoned,Exploratory Well,1970-02-02 0:00,1970-02-17 0:00,4444,NWT Mainland,"67° 38' 10.0""","130° 12' 40.0""","67° 38' 10.1""","130° 12' 48.3"""
1066,SADENE D-02,300D026900126450,"Mobil Oil Canada, Ltd.",Abandoned,Exploratory Well,1977-03-08 0:00,1977-05-06 0:00,5632,NWT Mainland,"68° 51' 1.0""","126° 47' 15.0""","68° 51' 1.6""","126° 47' 23.6"""
249,BIRCH YT B-34,300B346610136451,"Mobil Oil Canada, Ltd.",Abandoned,Exploratory Well,1988-07-20 0:00,1988-07-20 0:00,3366,Yukon,"66° 3' 3.1""","136° 51' 17.5""","66° 3' 2.4""","136° 51' 25.8"""
216,E. PORCUPINE R. Y.T. K-56,300K566610137450,"Mobil Oil Canada, Ltd.",Abandoned,Exploratory Well,1963-03-26 0:00,1963-07-23 0:00,3362,Yukon,"66° 5' 33.4""","137° 55' 32.2""","66° 5' 32.6""","137° 55' 40.7"""
235,WHITESTONE YT N-26,300N266610138150,"Mobil Oil Canada, Ltd.",Abandoned,Exploratory Well,1964-04-07 0:00,1964-08-06 0:00,3360,Yukon,"66° 5' 59.0""","138° 20' 0.0""","66° 5' 58.2""","138° 20' 8.6"""
245,WEST PARKIN YT D-51,300D516620137150,"Mobil Oil Canada, Ltd.",Abandoned,Exploratory Well,1965-02-24 0:00,1965-04-03 0:00,3354,Yukon,"66° 10' 8.5""","137° 26' 4.5""","66° 10' 7.7""","137° 26' 12.9"""
250,N. CATH Y.T. B-62,300B626620138300,"Mobil Oil Canada, Ltd.",Abandoned,Exploratory Well,1965-04-16 0:00,1965-06-26 0:00,3349,Yukon,"66° 11' 13.5""","138° 41' 53.0""","66° 11' 12.7""","138° 42' 1.7"""
1061,PEEL Y.T. H-71,300H716630134300,"Mobil Oil Canada, Ltd.",Abandoned,Exploratory Well,1977-02-03 0:00,1977-06-12 0:00,5678,Yukon,"66° 20' 28.6""","134° 43' 34.6""","66° 20' 28.0""","134° 43' 42.8"""
244,S. TUTTLE YT N-05,300N056630136450,"Mobil Oil Canada, Ltd.",Abandoned,Exploratory Well,1965-02-18 0:00,1965-07-08 0:00,3346,Yukon,"66° 24' 51.2""","136° 46' 22.7""","66° 24' 50.5""","136° 46' 31.1"""
239,ELLEN YT C-24,300C246640137450,"Mobil Oil Canada, Ltd.",Abandoned,Exploratory Well,1964-12-25 0:00,1965-04-03 0:00,3332,Yukon,"66° 33' 8.9""","137° 50' 8.2""","66° 33' 8.1""","137° 50' 16.9"""
233,MOLAR YT P-34,300P346710138300,"Mobil Oil Canada, Ltd.",Abandoned,Exploratory Well,1964-03-29 0:00,1964-08-13 0:00,987,Yukon,"67° 3' 59.0""","138° 36' 0.0""","67° 3' 58.2""","138° 36' 9.1"""
974,VICTORIA ISLAND F-36,300F367250117000,Murphy Oil Company Ltd.,Abandoned,Exploratory Well,1975-01-28 0:00,1975-04-27 0:00,A2590,NWT Arctic Islands Onshore,"72° 45' 18.0""","117° 11' 13.0""","72° 45' 19.9""","117° 11' 22.0"""
162,ALEXANDRA NO.1(F-39),300F396030116450,Murphy Oil Company Ltd.,Abandoned,Exploratory Well,1960-01-20 0:00,1960-02-28 0:00,1327,NWT Mainland,"60° 28' 26.7""","116° 51' 33.8""","60° 28' 27.1""","116° 51' 38.8"""
196,MUSKEG RIVER NO.1(I-24),300I246050122000,Murphy Oil Company Ltd.,Abandoned,Exploratory Well,1961-03-17 0:00,1961-05-07 0:00,,NWT Mainland,"60° 43' 38.0""","122° 3' 45.0""","60° 43' 38.3""","122° 3' 50.5"""
190,NORTH ARROWHEAD RIVER NO.1(H-31),300H316100122000,Murphy Oil Company Ltd.,Abandoned,Exploratory Well,1961-01-17 0:00,1961-03-11 0:00,1034,NWT Mainland,"60° 50' 25.0""","122° 5' 50.0""","60° 50' 25.4""","122° 5' 55.4"""
340,BAY CREEK M-31,300M316100123000,Murphy Oil Company Ltd.,Abandoned,Exploratory Well,1967-02-26 0:00,1967-04-02 0:00,139,NWT Mainland,"60° 50' 52.0""","123° 7' 15.0""","60° 50' 52.3""","123° 7' 20.6"""
1818,DISCOVERY RIDGE H-55,300H556530126450,Murphy Oil Company Ltd.,Abandoned,Exploratory Well,1997-02-26 0:00,1997-03-12 0:00,EL375,NWT Mainland,"65° 24' 15.7""","126° 54' 25.0""","65° 24' 16.0""","126° 54' 31.7"""
794,WHITESTONE Y.T. N-58,300N586600138150,Murphy Oil Company Ltd.,Abandoned,Exploratory Well,1973-02-10 0:00,1973-04-17 0:00,5748,Yukon,"65° 57' 50.0""","138° 25' 30.0""","65° 57' 49.2""","138° 25' 38.6"""
118,ESCARPMENT LAKE NO.1(L-66),302L666040116001,N.W.T. Petroleums Ltd.,Abandoned,Exploratory Well,1954-10-20 0:00,1954-11-13 0:00,324,NWT Mainland,"60° 35' 43.0""","116° 13' 0.0""","60° 35' 43.4""","116° 13' 4.9"""
123,ESCARPMENT LAKE NO.3(A-77),300A776040116000,N.W.T. Petroleums Ltd.,Abandoned,Exploratory Well,1955-11-14 0:00,1955-12-17 0:00,323,NWT Mainland,"60° 36' 5.0""","116° 13' 19.0""","60° 36' 5.4""","116° 13' 24.0"""
119,ESCARPMENT LAKE NO.2(D-66),300D666040116000,N.W.T. Petroleums Ltd.,Abandoned,Exploratory Well,1954-11-21 0:00,1954-12-09 0:00,323,NWT Mainland,"60° 36' 9.0""","116° 12' 3.0""","60° 36' 9.4""","116° 12' 8.0"""
117,DESMARAIS LAKE NO.1(C-19),300C196050116450,N.W.T. Petroleums Ltd.,Abandoned,Exploratory Well,1954-03-07 0:00,1954-04-01 0:00,,NWT Mainland,"60° 48' 0.0""","116° 48' 0.0""","60° 48' 0.4""","116° 48' 5.1"""
115,HEART LAKE NO.1(F-29),300F296050116300,N.W.T. Petroleums Ltd.,Abandoned,Exploratory Well,1954-02-03 0:00,1954-02-25 0:00,322,NWT Mainland,"60° 48' 18.0""","116° 35' 6.0""","60° 48' 18.4""","116° 35' 11.0"""
120,HEART LAKE NO.2 (I-41),300I416100116300,N.W.T. Petroleums Ltd.,Abandoned,Exploratory Well,1954-12-20 0:00,1955-01-14 0:00,654,NWT Mainland,"60° 50' 30.0""","116° 37' 30.0""","60° 50' 30.4""","116° 37' 35.1"""
110,BIG ISLAND NO.2(C-38),300C386110116450,N.W.T. Petroleums Ltd.,Abandoned,Exploratory Well,1953-04-08 0:00,1953-04-18 0:00,,NWT Mainland,"61° 7' 0.0""","116° 52' 0.0""","61° 7' 0.4""","116° 52' 5.0"""
108,BIG ISLAND NO.1(B-69),300B696110116300,N.W.T. Petroleums Ltd.,Abandoned,Exploratory Well,1953-03-23 0:00,1953-04-03 0:00,232,NWT Mainland,"61° 8' 0.0""","116° 42' 0.0""","61° 8' 0.5""","116° 42' 5.0"""
100,DEEP BAY NO.1(D-47),300D476120116450,N.W.T. Petroleums Ltd.,Abandoned,Test Hole,1952-04-17 0:00,1952-05-06 0:00,234,NWT Mainland,"61° 16' 0.0""","116° 54' 0.0""","61° 16' 0.5""","116° 54' 5.0"""
101,DEEP BAY NO.2(C-19),300C196120116451,N.W.T. Petroleums Ltd.,Abandoned,Exploratory Well,1952-09-30 0:00,1952-10-10 0:00,234,NWT Mainland,"61° 18' 0.0""","116° 48' 0.0""","61° 18' 0.5""","116° 48' 4.9"""
99,NORTH WEST TERRITORIES NO.2 (K-59),300K596120118300,N.W.T. Petroleums Ltd.,Abandoned,Exploratory Well,1951-08-05 0:00,1951-09-30 0:00,238,NWT Mainland,"61° 18' 32.0""","118° 40' 30.0""","61° 18' 32.4""","118° 40' 35.1"""
107,DEEP BAY NO.4(C-20),300C206120116450,N.W.T. Petroleums Ltd.,Abandoned,Exploratory Well,1952-10-29 0:00,1952-11-09 0:00,234,NWT Mainland,"61° 19' 0.0""","116° 48' 0.0""","61° 19' 0.5""","116° 48' 4.9"""
106,DEEP BAY NO.3(C-61),300C616130116300,N.W.T. Petroleums Ltd.,Abandoned,Exploratory Well,1952-10-14 0:00,1952-10-25 0:00,526,NWT Mainland,"61° 20' 0.0""","116° 42' 30.0""","61° 20' 0.5""","116° 42' 34.9"""
98,PROVINCE NO.1(K-31),300K316130117300,N.W.T. Petroleums Ltd.,Abandoned,Exploratory Well,1951-07-08 0:00,1951-07-30 0:00,210,NWT Mainland,"61° 20' 40.0""","117° 37' 0.0""","61° 20' 40.5""","117° 37' 5.0"""
109,LIARD RAPIDS NO. 1-A (B-18),300B186130121451,New Ranchmens Oil Co. Ltd.,Abandoned,Exploratory Well,1954-02-07 0:00,1954-03-10 0:00,374,NWT Mainland,"61° 27' 0.0""","121° 47' 40.0""","61° 27' 0.3""","121° 47' 45.5"""
1491,KAKISA RIVER F-56,300F566010117450,Northcor Energy Ltd.,Abandoned,Exploratory Well,1985-02-17 0:00,1985-03-21 0:00,,NWT Mainland,"60° 5' 26.6""","117° 55' 27.6""","60° 5' 27.0""","117° 55' 32.7"""
1374,ISLAND RIVER G-38,300G386010121001,Northcor Energy Ltd.,Abandoned,Exploratory Well,1985-02-28 0:00,1985-03-13 0:00,EA169,NWT Mainland,"60° 7' 29.7""","121° 6' 9.6""","60° 7' 29.8""","121° 6' 15.6"""
1370,TRAINOR LAKE N-25,300N256020120300,Northcor Energy Ltd.,Abandoned,Exploratory Well,1984-02-05 0:00,1984-03-27 0:00,,NWT Mainland,"60° 14' 48.4""","120° 34' 50.5""","60° 14' 48.6""","120° 34' 56.3"""
1610,N.W. CELIBETA B-25,300B256030122300,Northcor Energy Ltd.,Abandoned,Exploratory Well,1986-03-09 0:00,1986-03-20 0:00,,NWT Mainland,"60° 24' 13.1""","122° 34' 20.1""","60° 24' 13.2""","122° 34' 25.9"""
1391,JACKFISH L-63,300L636100124150,Northcor Energy Ltd.,Abandoned,Exploratory Well,1984-03-24 0:00,1984-09-21 0:00,EA167,NWT Mainland,"60° 52' 40.0""","124° 27' 57.2""","60° 52' 40.0""","124° 28' 2.8"""
1381,CORMACK I-19,300I196100122300,Northcor Energy Ltd.,Abandoned,Exploratory Well,1984-02-27 0:00,1984-03-26 0:00,,NWT Mainland,"60° 58' 32.0""","122° 32' 3.0""","60° 58' 32.4""","122° 32' 8.4"""
1886,FALL STONE F-01,300F016450125450,Northrock Resources Ltd.,Abandoned,Exploratory Well,2000-01-27 0:00,2000-02-12 0:00,,NWT Mainland,"64° 40' 29.1""","125° 46' 14.0""","64° 40' 29.4""","125° 46' 20.4"""
1879,EAST MACKAY I-77,300I776450125300,Northrock Resources Ltd.,Abandoned,Exploratory Well,1999-12-21 0:00,2000-01-24 0:00,EA,NWT Mainland,"64° 46' 41.6""","125° 43' 10.3""","64° 46' 41.9""","125° 43' 16.7"""
7,C-1 LOCATION (LINK),300C256520126450,Northwest Oils Ltd,Abandoned,Development Well,1921-08-25 0:00,1922-06-15 0:00,,NWT Mainland,"65° 14' 0.0""","126° 50' 0.0""","65° 14' 0.2""","126° 50' 6.6"""
9,C-2 LOCATION (LINK),302C256520126450,Northwest Oils Ltd,Abandoned,Development Well,1922-11-08 0:00,1923-09-23 0:00,,NWT Mainland,"65° 14' 0.0""","126° 50' 0.0""","65° 14' 0.2""","126° 50' 6.6"""
11,DISCOVERY NO.3,300N276520126450,Northwest Oils Ltd,Abandoned,Development Well,1939-07-05 0:00,1940-07-27 0:00,,NWT Mainland,"65° 16' 46.0""","126° 50' 5.0""","65° 16' 46.2""","126° 50' 11.7"""
2,DISCOVERY NO.1,300O376520126451,Northwest Oils Ltd,Abandoned,Exploratory Well,1921-05-11 0:00,1923-01-01 0:00,,NWT Mainland,"65° 16' 54.0""","126° 51' 7.0""","65° 16' 54.2""","126° 51' 13.7"""
10,DISCOVERY NO.2,300P376520126450,Northwest Oils Ltd,Abandoned,Development Well,1924-07-01 0:00,1924-08-12 0:00,,NWT Mainland,"65° 16' 54.8""","126° 50' 58.1""","65° 16' 55.0""","126° 51' 4.8"""
1595,SOUTH ARROWHEAD D-50,300D506030122450,NSM Resources Ltd.,Abandoned,Exploratory Well,1986-02-08 0:00,1986-04-02 0:00,,NWT Mainland,"60° 29' 2.2""","122° 54' 12.7""","60° 29' 2.5""","122° 54' 18.1"""
1373,ARROWHEAD G-69,300G696040122452,NSM Resources Ltd.,Abandoned,Exploratory Well,1993-03-15 0:00,1993-03-15 0:00,EA175,NWT Mainland,"60° 38' 24.4""","122° 57' 2.5""","60° 38' 24.7""","122° 57' 8.0"""
1596,BLUEBERRY CREEK K-53,300K536450126150,NSM Resources Ltd.,Abandoned,Exploratory Well,1986-02-08 0:00,1986-04-04 0:00,,NWT Mainland,"64° 42' 34.0""","126° 25' 42.8""","64° 42' 34.3""","126° 25' 49.3"""
1478,WINDY ISLAND A-53,300A536500125300,NSM Resources Ltd.,Abandoned,Exploratory Well,1985-01-16 0:00,1985-02-09 0:00,,NWT Mainland,"64° 52' 0.6""","125° 39' 37.5""","64° 52' 0.9""","125° 39' 43.9"""
1384,MIRROR LAKE N-33,300N336500126451,NSM Resources Ltd.,Abandoned,Exploratory Well,1985-01-03 0:00,1985-01-13 0:00,3788,NWT Mainland,"64° 52' 46.2""","126° 51' 17.0""","64° 52' 46.4""","126° 51' 23.6"""
1368,BLUEFISH A-49,300A496500125451,NSM Resources Ltd.,Abandoned,Exploratory Well,1984-12-08 0:00,1984-12-20 0:00,EA125,NWT Mainland,"64° 58' 14.0""","125° 52' 44.2""","64° 58' 14.3""","125° 52' 50.6"""
697,PEEL Y.T. F-37,300F376700134450,Pacific Petroleums Ltd,Abandoned,Exploratory Well,1972-02-13 0:00,1972-04-20 0:00,6226,Yukon,"66° 56' 26.0""","134° 51' 54.0""","66° 56' 25.5""","134° 52' 2.3"""
770,ROLAND BAY Y.T. L-41,300L416930138450,Pacific Petroleums Ltd,Abandoned,Exploratory Well,1972-12-22 0:00,1973-04-20 0:00,3773,Yukon,"69° 20' 30.7""","138° 56' 55.0""","69° 20' 30.0""","138° 57' 4.8"""
449,CAMERON C-22,300C226020117450,Pan American Petroleum Corporation,Abandoned,Exploratory Well,1969-03-07 0:00,1969-04-02 0:00,3879,NWT Mainland,"60° 11' 11.3""","117° 49' 47.9""","60° 11' 11.7""","117° 49' 53.0"""
209,N. ISLAND R. O-12,300O126030121000,Pan American Petroleum Corporation,Abandoned,Exploratory Well,1962-03-28 0:00,1962-05-05 0:00,1156,NWT Mainland,"60° 21' 57.2""","121° 2' 36.5""","60° 21' 57.4""","121° 2' 42.1"""
413,KOTANEELEE O-67,300O676030124000,Pan American Petroleum Corporation,Abandoned,Exploratory Well,1968-11-19 0:00,1969-03-15 0:00,1000,NWT Mainland,"60° 26' 50.7""","124° 11' 55.8""","60° 26' 50.7""","124° 12' 1.2"""
225,KAKISA I-44,300I446100117150,Pan American Petroleum Corporation,Abandoned,Exploratory Well,1964-02-03 0:00,1964-02-27 0:00,3144,NWT Mainland,"60° 53' 32.0""","117° 22' 34.0""","60° 53' 32.4""","117° 22' 39.1"""
231,KAKISA F-35,300F356100117150,Pan American Petroleum Corporation,Abandoned,Exploratory Well,1964-02-29 0:00,1964-03-30 0:00,3144,NWT Mainland,"60° 54' 25.0""","117° 21' 49.0""","60° 54' 25.4""","117° 21' 54.1"""
223,KAKISA H-36,300H366100117150,Pan American Petroleum Corporation,Abandoned,Exploratory Well,1964-01-15 0:00,1964-02-02 0:00,3144,NWT Mainland,"60° 55' 18.0""","117° 21' 5.0""","60° 55' 18.4""","117° 21' 10.1"""
234,KAKISA L-19,300L196100118000,Pan American Petroleum Corporation,Abandoned,Exploratory Well,1964-04-01 0:00,1964-04-14 0:00,3181,NWT Mainland,"60° 58' 36.0""","118° 3' 28.0""","60° 58' 36.4""","118° 3' 33.1"""
193,MATTSON CREEK NO.1(E-13),300E136110123450,Pan American Petroleum Corporation,Abandoned,Exploratory Well,1961-02-05 0:00,1961-07-10 0:00,2535,NWT Mainland,"61° 2' 28.0""","123° 48' 30.0""","61° 2' 28.3""","123° 48' 35.6"""
412,GRAINGER C-43,300C436120123000,Pan American Petroleum Corporation,Abandoned,Exploratory Well,1968-11-02 0:00,1968-11-30 0:00,4940,NWT Mainland,"61° 12' 0.0""","123° 8' 42.0""","61° 12' 0.3""","123° 8' 47.6"""
411,GRAINGER J-15,300J156120123000,Pan American Petroleum Corporation,Abandoned,Exploratory Well,1968-10-10 0:00,1968-10-29 0:00,4940,NWT Mainland,"61° 14' 35.0""","123° 2' 40.0""","61° 14' 35.4""","123° 2' 45.6"""
427,MERRILL YT L-60,300L606020124150,Pan American Petroleum Corporation,Abandoned,Exploratory Well,1969-01-24 0:00,1969-03-06 0:00,2722,Yukon,"60° 19' 30.0""","124° 26' 0.0""","60° 19' 29.9""","124° 26' 5.4"""
1270,CAMERON J-11,300J116010117150,Paramount Resources Ltd.,Abandoned,Exploratory Well,1983-02-10 0:00,1983-03-04 0:00,,NWT Mainland,"60° 0' 36.9""","117° 17' 37.5""","60° 0' 37.3""","117° 17' 42.5"""
1159,CAMERON B-13,300B136010117000,Paramount Resources Ltd.,Abandoned,Exploratory Well,1980-03-14 0:00,1980-04-04 0:00,90871,NWT Mainland,"60° 2' 1.2""","117° 2' 34.8""","60° 2' 1.6""","117° 2' 39.8"""
1184,CAMERON J-76,300J766010117000,Paramount Resources Ltd.,Abandoned,Exploratory Well,1981-02-08 0:00,1981-03-12 0:00,91971,NWT Mainland,"60° 5' 35.8""","117° 14' 1.2""","60° 5' 36.2""","117° 14' 6.3"""
2002,CAMERON B-38,300B386010117302,Paramount Resources Ltd.,Abandoned,Development Well,2011-02-12 0:00,2011-03-04 0:00,PL14,NWT Mainland,"60° 7' 13.3""","117° 36' 19.1""","60° 7' 13.7""","117° 36' 24.2"""
2066,CAMERON B-09,300B096010117300,Paramount Resources Ltd.,Abandoned,Development Well,2010-02-16 0:00,2010-02-19 0:00,PL19,NWT Mainland,"60° 8' 8.9""","117° 30' 51.4""","60° 8' 9.3""","117° 30' 56.5"""
1766,SWEDE A-52,300A526020117300,Paramount Resources Ltd.,Abandoned,Delineation Well,1991-02-10 0:00,1991-02-28 0:00,SD109,NWT Mainland,"60° 11' 9.3""","117° 39' 46.8""","60° 11' 9.7""","117° 39' 51.9"""
1817,BOVIE C-76,300C766020122451,Paramount Resources Ltd.,Abandoned,Exploratory Well,1997-12-29 0:00,1998-02-19 0:00,SD122,NWT Mainland,"60° 15' 14.8""","122° 59' 22.3""","60° 15' 15.0""","122° 59' 27.7"""
1850,BOVIE C-76A,300C766020122455,Paramount Resources Ltd.,Abandoned,Exploratory Well,2009-03-31 0:00,2009-03-31 0:00,SD122,NWT Mainland,"60° 15' 14.8""","122° 59' 22.3""","60° 15' 15.0""","122° 59' 27.7"""
1935,BOVIE F-66,300F666020122452,Paramount Resources Ltd.,Abandoned,Exploratory Well,2008-03-05 0:00,2008-03-27 0:00,SD122,NWT Mainland,"60° 15' 19.8""","122° 57' 33.9""","60° 15' 20.0""","122° 57' 39.3"""
1966,MCKAY LAKES K-36,300K366020123150,Paramount Resources Ltd.,Abandoned,Exploratory Well,2003-03-08 0:00,2003-03-21 0:00,EL382,NWT Mainland,"60° 15' 42.6""","123° 21' 58.6""","60° 15' 42.8""","123° 22' 4.2"""
1830,WEST BOVIE N-60,300N606020123000,Paramount Resources Ltd.,Abandoned,Exploratory Well,1997-12-12 0:00,1997-12-25 0:00,EL382,NWT Mainland,"60° 19' 55.3""","123° 10' 36.0""","60° 19' 55.5""","123° 10' 41.4"""
1115,LIARD D-29,300D296030123302,Paramount Resources Ltd.,Abandoned,Exploratory Well,1980-09-24 0:00,1980-09-25 0:00,28062,NWT Mainland,"60° 28' 6.9""","123° 35' 33.1""","60° 28' 7.1""","123° 35' 38.5"""
1861,LIARD K-29,300K296030123302,Paramount Resources Ltd.,Abandoned,Delineation Well,2005-08-16 0:00,2005-08-23 0:00,SDL99,NWT Mainland,"60° 28' 41.0""","123° 35' 4.1""","60° 28' 41.2""","123° 35' 9.5"""
1202,NORTH LIARD E-54,300E546040123300,Paramount Resources Ltd.,Abandoned,Exploratory Well,1981-12-13 0:00,1982-12-14 0:00,39868,NWT Mainland,"60° 33' 28.6""","123° 40' 52.7""","60° 33' 28.8""","123° 40' 58.2"""
1832,NETLA RIVER M-23,300M236050123002,Paramount Resources Ltd.,Abandoned,Exploratory Well,2002-03-09 0:00,2002-03-10 0:00,EA,NWT Mainland,"60° 42' 58.4""","123° 5' 12.1""","60° 42' 58.7""","123° 5' 17.6"""
1856,EMILE LAKE P-57,300P576050122301,Paramount Resources Ltd.,Abandoned,Exploratory Well,2002-03-11 0:00,2002-03-12 0:00,EL367,NWT Mainland,"60° 46' 50.7""","122° 39' 25.1""","60° 46' 51.1""","122° 39' 30.6"""
2047,CAMERON A-03,300A036010117301,Paramount Resources Ltd.,Abandoned,Development Well,2007-03-02 0:00,2007-03-08 0:00,PL13,NWT Mainland,"60° 2' 12.3""","117° 30' 0.9""","60° 2' 12.7""","117° 30' 6.0"""
2067,CAMERON N-06,300N066010117301,Paramount Resources Ltd.,Abandoned,Development Well,2010-03-10 0:00,2010-03-17 0:00,PL19,NWT Mainland,"60° 5' 49.2""","117° 31' 13.5""",,
2033,CAMERON L-73,300L736010117151,Paramount Resources Ltd.,Abandoned,Development Well,2007-03-13 0:00,2007-03-22 0:00,PL04,NWT Mainland,"60° 2' 38.3""","117° 29' 54.3""","60° 2' 38.7""","117° 29' 59.4"""
1937,CAMERON I-73,300I736010117153,Paramount Resources Ltd.,Abandoned,Development Well,2012-03-12 0:00,2012-03-18 0:00,PL4,NWT Mainland,"60° 2' 44.7""","117° 28' 24.5""","60° 2' 45.1""","117° 28' 29.6"""
2032,CAMERON J-74,300J746010117151,Paramount Resources Ltd.,Abandoned,Development Well,2011-03-14 0:00,2011-03-19 0:00,PL13,NWT Mainland,"60° 3' 38.8""","117° 28' 55.7""","60° 3' 39.2""","117° 29' 0.8"""
1972,CAMERON K-74,300K746010117152,Paramount Resources Ltd.,Abandoned,Development Well,2012-02-16 0:00,2012-02-21 0:00,PL13,NWT Mainland,"60° 3' 40.7""","117° 29' 27.3""","60° 3' 41.1""","117° 29' 32.4"""
2063,CAMERON M-74,300M746010117152,Paramount Resources Ltd.,Abandoned,Development Well,2011-03-28 0:00,2011-04-02 0:00,PL13,NWT Mainland,"60° 3' 58.8""","117° 29' 56.8""","60° 3' 59.2""","117° 30' 1.9"""
1482,CAMERON I-16,300I166010117302,Paramount Resources Ltd.,Abandoned,Exploratory Well,2005-02-02 0:00,2005-02-16 0:00,PL19,NWT Mainland,"60° 5' 42.5""","117° 32' 1.8""","60° 5' 42.9""","117° 32' 6.9"""
1736,CAMERON L-47,300L476010117305,Paramount Resources Ltd.,Abandoned,Exploratory Well,2005-02-20 0:00,2005-03-02 0:00,PL3,NWT Mainland,"60° 6' 31.6""","117° 39' 18.6""","60° 6' 32.0""","117° 39' 23.7"""
1732,CAMERON B-08,300B086010117305,Paramount Resources Ltd.,Abandoned,Exploratory Well,2002-02-24 0:00,2002-03-10 0:00,PL14,NWT Mainland,"60° 7' 6.8""","117° 30' 46.2""","60° 7' 7.2""","117° 30' 51.3"""
1975,CAMERON H-58,300H586010117302,Paramount Resources Ltd.,Abandoned,Delineation Well,2005-03-12 0:00,2005-03-16 0:00,,NWT Mainland,"60° 7' 27.2""","117° 39' 45.6""","60° 7' 27.6""","117° 39' 50.7"""
1973,CAMERON D-49,300D496010117302,Paramount Resources Ltd.,Abandoned,Delineation Well,2005-03-03 0:00,2005-03-07 0:00,PL15,NWT Mainland,"60° 8' 10.4""","117° 38' 56.8""","60° 8' 10.8""","117° 39' 1.9"""
2045,CAMERON L-40,300L406010117301,Paramount Resources Ltd.,Abandoned,Development Well,2007-02-09 0:00,2007-02-19 0:00,PL15,NWT Mainland,"60° 9' 35.5""","117° 37' 15.9""","60° 9' 35.9""","117° 37' 21.0"""
1747,CAMERON A-73,300A736020117303,Paramount Resources Ltd.,Abandoned,Exploratory Well,2012-02-17 0:00,2012-03-04 0:00,PL16,NWT Mainland,"60° 12' 9.4""","117° 43' 27.1""","60° 12' 9.9""","117° 43' 32.2"""
2064,CAMERON H-06,300H066010117301,Paramount Resources Ltd.,Abandoned,Development Well,2010-02-09 0:00,2010-02-23 0:00,PL19,NWT Mainland,"60° 5' 18.2""","117° 30' 23.2""",,
2071,CAMERON 2B-09,302B096010117301,Paramount Resources Ltd.,Abandoned,Development Well,2010-03-06 0:00,2010-03-09 0:00,PL19,NWT Mainland,"60° 8' 8.9""","117° 30' 51.8""",,
2074,Cameron E-52,300E526010117152,Paramount Resources Ltd.,Abandoned,Development Well,2012-03-19 0:00,2012-03-21 0:00,,NWT Mainland,"60° 1' 26.0""","117° 25' 53.3""",,
1858,FORT LIARD A-01,300A016010123151,Paramount Resources Ltd.,Abandoned,Exploratory Well,2000-02-09 0:00,2000-03-22 0:00,EL381,NWT Mainland,"60° 0' 4.6""","123° 15' 4.9""","60° 0' 4.1""","123° 15' 11.1"""
1902,SOUTHEAST FORT LIARD N-01,300N016010123153,Paramount Resources Ltd.,Abandoned,Exploratory Well,2007-01-23 0:00,2007-02-05 0:00,EL381,NWT Mainland,"60° 0' 52.3""","123° 15' 58.5""","60° 0' 51.8""","123° 16' 4.7"""
1122,CAMERON HILLS M-31,300M316010117003,Paramount Resources Ltd.,Abandoned,Exploratory Well,1996-01-23 0:00,1996-01-26 0:00,SDL8,NWT Mainland,"60° 0' 56.0""","117° 7' 22.3""","60° 0' 56.4""","117° 7' 27.3"""
2048,CAMERON E-72,300E726010117151,Paramount Resources Ltd.,Abandoned,Development Well,2007-03-23 0:00,2007-03-27 0:00,PL20,NWT Mainland,"60° 1' 25.6""","117° 29' 56.0""","60° 1' 25.7""","117° 29' 56.0"""
1158,CAMERON J-62,300J626010117152,Paramount Resources Ltd.,Abandoned,Exploratory Well,1991-03-17 0:00,1991-03-23 0:00,PL20,NWT Mainland,"60° 1' 31.0""","117° 26' 50.0""","60° 1' 31.4""","117° 26' 55.1"""
1992,CAMERON F-73,300F736010117152,Paramount Resources Ltd.,Abandoned,Development Well,2010-01-27 0:00,2010-01-28 0:00,PL4,NWT Mainland,"60° 2' 23.8""","117° 29' 29.1""","60° 2' 24.2""","117° 29' 34.2"""
2025,CAMERON 2F-73,302F736010117153,Paramount Resources Ltd.,Abandoned,Delineation Well,2010-01-23 0:00,2010-01-26 0:00,PL4,NWT Mainland,"60° 2' 24.2""","117° 29' 29.1""","60° 2' 24.6""","117° 29' 34.2"""
1765,CAMERON M-73,300M736010117152,Paramount Resources Ltd.,Abandoned,Delineation Well,1993-01-03 0:00,1993-03-27 0:00,PL4,NWT Mainland,"60° 2' 51.9""","117° 29' 31.9""","60° 2' 52.3""","117° 29' 37.0"""
2034,CAMERON J-04,300J046010117303,Paramount Resources Ltd.,Abandoned,Development Well,2011-01-25 0:00,2011-01-27 0:00,PL13,NWT Mainland,"60° 3' 31.3""","117° 30' 47.8""","60° 3' 31.7""","117° 30' 52.9"""
1792,CAMERON I-74,300I746010117151,Paramount Resources Ltd.,Abandoned,Development Well,2001-03-19 0:00,2001-03-28 0:00,PL13,NWT Mainland,"60° 3' 36.0""","117° 28' 19.2""","60° 3' 36.4""","117° 28' 24.3"""
376,CAMERON A-05,300A056010117304,Paramount Resources Ltd.,Abandoned,Exploratory Well,2007-02-18 0:00,2007-02-22 0:00,PL013,NWT Mainland,"60° 4' 2.2""","117° 30' 27.4""","60° 4' 2.6""","117° 30' 32.5"""
1793,CAMERON C-75,300C756010117151,Paramount Resources Ltd.,Abandoned,Development Well,2003-01-28 0:00,2003-02-26 0:00,PL13,NWT Mainland,"60° 4' 2.9""","117° 29' 12.6""","60° 4' 3.3""","117° 29' 17.7"""
1756,CAMERON B-25,300B256010117302,Paramount Resources Ltd.,Abandoned,Exploratory Well,1991-03-02 0:00,1991-03-14 0:00,PL14,NWT Mainland,"60° 4' 4.6""","117° 34' 41.2""","60° 4' 5.0""","117° 34' 46.3"""
1971,CAMERON F-75,300F756010117152,Paramount Resources Ltd.,Abandoned,Development Well,2011-02-01 0:00,2011-02-01 0:00,PL13,NWT Mainland,"60° 4' 29.3""","117° 29' 11.0""","60° 4' 29.8""","117° 29' 16.2"""
1868,FORT LIARD O-35,300O356010123154,Paramount Resources Ltd.,Abandoned,Delineation Well,2009-01-30 0:00,2009-02-02 0:00,EL381,NWT Mainland,"60° 4' 48.1""","123° 21' 22.8""","60° 4' 47.7""","123° 21' 28.9"""
2001,CAMERON C-16,300C166010117301,Paramount Resources Ltd.,Abandoned,Delineation Well,2005-03-18 0:00,2005-03-22 0:00,PL19,NWT Mainland,"60° 5' 3.1""","117° 32' 58.3""","60° 5' 3.5""","117° 33' 3.4"""
1841,FORT LIARD F-36,300F366010123154,Paramount Resources Ltd.,Abandoned,Exploratory Well,2006-02-20 0:00,2006-04-02 0:00,PL7,NWT Mainland,"60° 5' 27.5""","123° 22' 0.6""","60° 5' 27.2""","123° 22' 6.6"""
1871,FORT LIARD I-46,300I466010123152,Paramount Resources Ltd.,Abandoned,Delineation Well,2009-02-03 0:00,2009-02-09 0:00,EL383,NWT Mainland,"60° 5' 32.5""","123° 22' 53.6""","60° 5' 32.2""","123° 22' 59.6"""
2042,CAMERON E-07,300E076010117302,Paramount Resources Ltd.,Abandoned,Development Well,2011-02-07 0:00,2011-02-08 0:00,PL14,NWT Mainland,"60° 6' 19.9""","117° 31' 37.5""","60° 6' 20.3""","117° 31' 42.6"""
2065,CAMERON F-77,300F776010117151,Paramount Resources Ltd.,Abandoned,Development Well,2010-02-28 0:00,2010-03-04 0:00,PL19,NWT Mainland,"60° 6' 29.3""","117° 29' 4.7""","60° 6' 29.6""","117° 29' 4.7"""
1751,CAMERON J-37,300J376010117303,Paramount Resources Ltd.,Abandoned,Exploratory Well,2003-01-15 0:00,2003-01-19 0:00,PL14,NWT Mainland,"60° 6' 35.6""","117° 36' 26.4""","60° 6' 36.0""","117° 36' 31.5"""
1746,CAMERON A-68,300A686010117152,Paramount Resources Ltd.,Abandoned,Exploratory Well,1991-02-17 0:00,1991-03-30 0:00,PL22,NWT Mainland,"60° 7' 5.9""","117° 26' 17.1""","60° 7' 6.3""","117° 26' 22.2"""
1753,CAMERON N-28,300N286010117306,Paramount Resources Ltd.,Abandoned,Exploratory Well,2011-03-05 0:00,2011-03-12 0:00,PL14,NWT Mainland,"60° 7' 59.2""","117° 35' 7.6""","60° 7' 59.6""","117° 35' 12.7"""
1767,CAMERON C-19,300C196010117304,Paramount Resources Ltd.,Abandoned,Exploratory Well,2003-01-21 0:00,2003-01-25 0:00,PL5,NWT Mainland,"60° 8' 7.3""","117° 33' 8.0""","60° 8' 7.7""","117° 33' 13.1"""
2003,CAMERON F-19,300F196010117304,Paramount Resources Ltd.,Abandoned,Delineation Well,2012-03-04 0:00,2012-03-06 0:00,PL5,NWT Mainland,"60° 8' 18.4""","117° 33' 15.5""","60° 8' 18.9""","117° 33' 20.6"""
2004,CAMERON K-19,300K196010117302,Paramount Resources Ltd.,Abandoned,Delineation Well,2012-03-09 0:00,2012-03-11 0:00,PL5,NWT Mainland,"60° 8' 38.1""","117° 33' 7.0""","60° 8' 38.5""","117° 33' 12.1"""
2005,CAMERON O-19,300O196010117302,Paramount Resources Ltd.,Abandoned,Delineation Well,2012-03-07 0:00,2012-03-09 0:00,PL5,NWT Mainland,"60° 8' 46.8""","117° 32' 40.2""","60° 8' 47.3""","117° 32' 45.4"""
1974,CAMERON M-49,300M496010117303,Paramount Resources Ltd.,Abandoned,Delineation Well,2010-02-06 0:00,2010-02-09 0:00,PL15,NWT Mainland,"60° 8' 52.5""","117° 39' 16.5""","60° 8' 52.9""","117° 39' 21.6"""
1608,CAMERON C-50,300C506010117304,Paramount Resources Ltd.,Abandoned,Exploratory Well,2010-02-01 0:00,2010-02-08 0:00,PL15,NWT Mainland,"60° 9' 3.7""","117° 38' 40.6""","60° 9' 4.1""","117° 38' 45.7"""
1492,CAMERON HILLS I-10,300I106010117303,Paramount Resources Ltd.,Abandoned,Exploratory Well,1989-02-05 0:00,1989-02-22 0:00,PL19,NWT Mainland,"60° 9' 39.3""","117° 30' 3.5""","60° 9' 39.7""","117° 30' 8.6"""
1764,SWEDE G-21,300G216020117301,Paramount Resources Ltd.,Abandoned,Delineation Well,1991-02-17 0:00,1991-03-02 0:00,SD107,NWT Mainland,"60° 10' 29.1""","117° 34' 39.3""","60° 10' 29.5""","117° 34' 44.4"""
1884,MOUNT COTY I-02,300I026020123300,Paramount Resources Ltd.,Abandoned,Exploratory Well,2000-10-16 0:00,2000-12-04 0:00,EL381,NWT Mainland,"60° 11' 34.0""","123° 30' 18.8""","60° 11' 34.1""","123° 30' 24.6"""
1931,BOVIE J-76,300J766020122452,Paramount Resources Ltd.,Abandoned,Exploratory Well,2009-02-14 0:00,2009-02-22 0:00,SD122,NWT Mainland,"60° 15' 44.4""","122° 58' 59.5""","60° 15' 44.6""","122° 59' 4.9"""
1866,MCKAY LAKES O-80,300O806020123150,Paramount Resources Ltd.,Abandoned,Exploratory Well,1999-08-24 0:00,1999-09-08 0:00,EL380,NWT Mainland,"60° 19' 50.0""","123° 29' 3.5""","60° 19' 50.2""","123° 29' 8.8"""
1621,LIARD F-25A,300F256030123301,Paramount Resources Ltd.,Abandoned,Exploratory Well,2001-01-03 0:00,2001-02-12 0:00,,NWT Mainland,"60° 24' 22.3""","123° 35' 7.6""","60° 24' 22.5""","123° 35' 13.0"""
2008,LIARD 2M-25,302M256030123304,Paramount Resources Ltd.,Abandoned,Development Well,2011-09-11 0:00,2011-10-16 0:00,SDL99,NWT Mainland,"60° 24' 50.7""","123° 35' 11.8""","60° 24' 50.9""","123° 35' 17.2"""
1867,LIARD M-25,300L266030123305,Paramount Resources Ltd.,Abandoned,Delineation Well,2008-03-21 0:00,2008-03-25 0:00,SDL99,NWT Mainland,"60° 24' 50.8""","123° 35' 12.5""","60° 24' 51.0""","123° 35' 17.9"""
1834,S.W. ARROWHEAD O-15,300O156030123001,Paramount Resources Ltd.,Abandoned,Exploratory Well,1999-01-19 0:00,1999-03-06 0:00,EL383,NWT Mainland,"60° 24' 53.7""","123° 2' 31.2""","60° 24' 53.9""","123° 2' 36.6"""
1980,LIARD 2K-29,302K296030123302,Paramount Resources Ltd.,Abandoned,Delineation Well,2004-10-06 0:00,2004-10-21 0:00,SDL99,NWT Mainland,"60° 28' 40.8""","123° 35' 5.3""","60° 28' 41.0""","123° 35' 10.7"""
1999,LIARD 3K-29,303K296030123301,Paramount Resources Ltd.,Abandoned,Delineation Well,2004-02-24 0:00,2004-03-23 0:00,SDL99,NWT Mainland,"60° 28' 42.4""","123° 35' 4.3""","60° 28' 42.6""","123° 35' 9.7"""
1733,ARROWHEAD RIVER B-41,300B416040122450,Paramount Resources Ltd.,Abandoned,Exploratory Well,1989-01-22 0:00,1989-03-24 0:00,,NWT Mainland,"60° 30' 8.5""","122° 53' 16.9""","60° 30' 8.8""","122° 53' 22.3"""
1857,WEST ARROWHEAD C-02,300C026040123001,Paramount Resources Ltd.,Abandoned,Exploratory Well,2002-01-01 0:00,2002-01-06 0:00,EL383,NWT Mainland,"60° 31' 12.1""","123° 1' 10.4""","60° 31' 12.4""","123° 1' 15.8"""
1833,ARROWHEAD RIVER N-65,300N656040122454,Paramount Resources Ltd.,Abandoned,Exploratory Well,2009-02-10 0:00,2009-02-13 0:00,EL383,NWT Mainland,"60° 34' 45.9""","122° 57' 18.6""","60° 34' 46.2""","122° 57' 24.0"""
1900,NORTH LIARD C-31,300C316040123300,Penn West Petroleum Ltd.,Abandoned,Exploratory Well,2000-08-04 0:00,2001-01-05 0:00,,NWT Mainland,"60° 30' 0.3""","123° 36' 36.1""","60° 30' 0.5""","123° 36' 41.5"""
1860,FORT LIARD K-32,300K326010123150,Penn West Petroleum Ltd.,Abandoned,Exploratory Well,1999-02-19 0:00,1999-03-21 0:00,,NWT Mainland,"60° 1' 39.2""","123° 21' 49.6""","60° 1' 38.7""","123° 21' 55.8"""
103,WESTEROL NO.7A (A-80),300A806140120300,Petcal Company Ltd,Abandoned,Exploratory Well,1952-08-07 0:00,1952-08-20 0:00,390,NWT Mainland,"61° 39' 13.0""","120° 43' 34.0""","61° 39' 13.4""","120° 43' 39.3"""
699,TRAINOR LK B-24,300B246010119450,Petrofina Canada Ltd,Abandoned,Exploratory Well,1972-02-19 0:00,1972-03-25 0:00,3466,NWT Mainland,"60° 3' 14.0""","119° 49' 31.5""","60° 3' 14.2""","119° 49' 36.9"""
390,W. TATHLINA K-48,300K486040117450,Placid Northern Oils Limited,Abandoned,Exploratory Well,1968-02-27 0:00,1968-03-10 0:00,1526,NWT Mainland,"60° 37' 36.0""","117° 53' 40.0""","60° 37' 36.4""","117° 53' 45.1"""
382,KAKISA L-71,300L716050117300,Placid Northern Oils Limited,Abandoned,Exploratory Well,1968-02-12 0:00,1968-02-25 0:00,3489,NWT Mainland,"60° 40' 41.0""","117° 44' 52.0""","60° 40' 41.4""","117° 44' 57.1"""
373,KAKISA J-65,300J656050117150,Placid Northern Oils Limited,Abandoned,Exploratory Well,1968-01-22 0:00,1968-02-10 0:00,3488,NWT Mainland,"60° 44' 42.0""","117° 27' 7.0""","60° 44' 42.4""","117° 27' 12.1"""
389,GULL CREEK F-46,300F466050118000,Placid Northern Oils Limited,Abandoned,Exploratory Well,1968-02-26 0:00,1968-03-10 0:00,4084,NWT Mainland,"60° 45' 29.0""","118° 8' 38.0""","60° 45' 29.4""","118° 8' 43.1"""
397,N.E. TATHLINA D-50,300D506050117000,Placid Northern Oils Limited,Abandoned,Exploratory Well,1968-03-13 0:00,1968-03-28 0:00,,NWT Mainland,"60° 49' 6.5""","117° 9' 8.4""","60° 49' 6.9""","117° 9' 13.5"""
480,FOETUS LAKE P-56,300P566110118300,Placid Northern Oils Limited,Abandoned,Exploratory Well,1969-12-21 0:00,1969-12-31 0:00,3455,NWT Mainland,"61° 5' 49.3""","118° 39' 37.2""","61° 5' 49.7""","118° 39' 42.3"""
518,FOETUS LAKE C-49,300C496110118300,Placid Northern Oils Limited,Abandoned,Exploratory Well,1970-03-09 0:00,1970-03-20 0:00,1283,NWT Mainland,"61° 8' 12.0""","118° 38' 28.0""","61° 8' 12.4""","118° 38' 33.1"""
513,MILLS LAKE C-60,300C606120118000,Placid Northern Oils Limited,Abandoned,Exploratory Well,1970-02-26 0:00,1970-03-05 0:00,3110,NWT Mainland,"61° 19' 12.5""","118° 10' 41.5""","61° 19' 12.9""","118° 10' 46.6"""
228,DEEP BAY TEST NO.1,300C106120116450,Punch Petroleums Ltd.,Abandoned,Test Hole,1952-02-23 0:00,1952-03-09 0:00,,NWT Mainland,"61° 19' 0.0""","116° 46' 15.0""","61° 19' 0.5""","116° 46' 20.0"""
1696,DEEP BAY TEST NO.4,300A406120116450,Punch Petroleums Ltd.,Abandoned,Test Hole,1952-08-08 0:00,1952-08-24 0:00,,NWT Mainland,"61° 19' 0.0""","116° 51' 0.0""","61° 19' 0.5""","116° 51' 4.9"""
614,DEEP BAY TEST NO.2,300D526130116450,Punch Petroleums Ltd.,Abandoned,Test Hole,1952-03-16 0:00,1952-04-27 0:00,,NWT Mainland,"61° 21' 0.0""","116° 56' 0.0""","61° 21' 0.5""","116° 56' 5.0"""
1704,DEEP BAY TEST NO.3,300K336130116450,Punch Petroleums Ltd.,Abandoned,Test Hole,1952-05-16 0:00,1952-09-09 0:00,,NWT Mainland,"61° 22' 30.0""","116° 52' 0.0""","61° 22' 30.5""","116° 52' 4.9"""
1726,DEEP BAY TEST NO.6,302K336130116450,Punch Petroleums Ltd.,Abandoned,Test Hole,1952-10-19 0:00,1952-11-08 0:00,,NWT Mainland,"61° 22' 30.0""","116° 52' 0.0""","61° 22' 30.5""","116° 52' 4.9"""
1727,DEEP BAY TEST NO.7,300C546130116450,Punch Petroleums Ltd.,Abandoned,Test Hole,1952-11-16 0:00,1952-11-30 0:00,,NWT Mainland,"61° 23' 0.0""","116° 55' 30.0""","61° 23' 0.5""","116° 55' 34.9"""
1725,DEEP BAY TEST NO.5,300D576130117000,Punch Petroleums Ltd.,Abandoned,Test Hole,1952-09-09 0:00,1952-10-10 0:00,,NWT Mainland,"61° 26' 0.0""","117° 11' 0.0""","61° 26' 0.5""","117° 11' 5.0"""
1587,LIARD F-25,300F256030123300,Purcell Energy Ltd.,Abandoned,Exploratory Well,1986-01-25 0:00,1986-08-05 0:00,EA229,NWT Mainland,"60° 24' 22.3""","123° 35' 7.6""","60° 24' 22.5""","123° 35' 13.0"""
243,TRAINOR LAKE C-39,300C396020120300,"Pure Oil Company, The",Abandoned,Exploratory Well,1965-01-29 0:00,1965-03-15 0:00,SDL3,NWT Mainland,"60° 18' 1.0""","120° 37' 0.0""","60° 18' 1.2""","120° 37' 5.8"""
1815,NORTH LIARD P-66,300P666040123300,Ranger Oil (Canada) Limited,Abandoned,Exploratory Well,1997-01-12 0:00,1997-07-13 0:00,PL10,NWT Mainland,"60° 35' 55.7""","123° 41' 25.3""","60° 35' 55.9""","123° 41' 30.8"""
1836,BEAR ROCK O-20,300O206500125450,Ranger Oil Limited,Abandoned,Exploratory Well,1998-02-25 0:00,1998-03-07 0:00,EA,NWT Mainland,"64° 59' 47.0""","125° 47' 25.0""","64° 59' 47.3""","125° 47' 31.4"""
157,GRANDVIEW HILLS NO.1(A-47),300A476710130450,Richfield Oil Corporation,Abandoned,Exploratory Well,1959-12-26 0:00,1960-04-02 0:00,1637,NWT Mainland,"67° 6' 12.0""","130° 52' 30.0""","67° 6' 12.0""","130° 52' 38.0"""
200,GRANDVIEW HILLS COREHOLE NO.1(J-34),300J346720130450,Richfield Oil Corporation,Abandoned,Test Hole,1961-04-01 0:00,1961-04-11 0:00,1616,NWT Mainland,"67° 13' 40.0""","130° 51' 16.0""","67° 13' 40.0""","130° 51' 24.1"""
178,PT. SEPARATION NO.1(A-05),300A056740134000,Richfield Oil Corporation,Abandoned,Exploratory Well,1960-07-31 0:00,1960-10-16 0:00,1522,NWT Mainland,"67° 34' 6.0""","134° 0' 10.0""","67° 34' 5.6""","134° 0' 18.7"""
484,CORM L. I-49,300I496100121450,Scurry-Rainbow Oil Limited,Abandoned,Exploratory Well,1970-01-09 0:00,1970-02-10 0:00,5639,NWT Mainland,"60° 58' 39.9""","121° 52' 37.9""","60° 58' 40.3""","121° 52' 43.3"""
507,CORM L. G-15,300G156110122000,Scurry-Rainbow Oil Limited,Abandoned,Exploratory Well,1970-02-16 0:00,1970-03-20 0:00,3857,NWT Mainland,"61° 4' 28.0""","122° 2' 33.1""","61° 4' 28.4""","122° 2' 38.6"""
499,SIBBESTON L. G-24,300G246140122300,Scurry-Rainbow Oil Limited,Abandoned,Exploratory Well,1970-02-04 0:00,1970-03-09 0:00,3279,NWT Mainland,"61° 33' 23.8""","122° 34' 41.1""","61° 33' 24.1""","122° 34' 46.7"""
364,EAST WATSON LAKE YT G-79,300G796010128150,Scurry-Rainbow Oil Limited,Abandoned,Exploratory Well,1967-12-08 0:00,1968-01-28 0:00,5329,Yukon,"60° 8' 26.5""","128° 28' 55.2""","60° 8' 25.8""","128° 29' 1.2"""
546,AKLAVIK A-37,300A376820135000,Shell Canada Resources Limited,Abandoned,Exploratory Well,1970-08-02 0:00,1970-10-13 0:00,1819,NWT Mackenzie Delta,"68° 16' 14.7""","135° 7' 46.4""","68° 16' 14.2""","135° 7' 55.6"""
921,NAPOIAK F-31,300F316830134450,Shell Canada Resources Limited,Abandoned,Exploratory Well,1974-04-12 0:00,1974-05-17 0:00,1811,NWT Mackenzie Delta,"68° 20' 25.0""","134° 53' 49.0""","68° 20' 24.5""","134° 53' 58.2"""
562,BEAVER HOUSE CREEK H-13,300H136830135301,Shell Canada Resources Limited,Abandoned,Exploratory Well,1995-09-10 0:00,1995-09-12 0:00,5563,NWT Mackenzie Delta,"68° 22' 16.4""","135° 33' 3.0""","68° 22' 15.9""","135° 33' 12.2"""
876,UNAK B-11,300B116850135150,Shell Canada Resources Limited,Abandoned,Exploratory Well,1973-11-07 0:00,1974-03-17 0:00,1798,NWT Mackenzie Delta,"68° 40' 9.6""","135° 18' 40.4""","68° 40' 9.2""","135° 18' 49.7"""
1025,ULU A-35,300A356850135452,Shell Canada Resources Limited,Abandoned,Exploratory Well,1995-09-13 0:00,1995-09-13 0:00,P1800,NWT Mackenzie Delta,"68° 44' 2.0""","135° 52' 57.0""","68° 44' 1.5""","135° 53' 6.4"""
1623,UNAK L-28,300L286850135150,Shell Canada Resources Limited,Abandoned,Exploratory Well,1986-08-11 0:00,1986-12-13 0:00,EA222,NWT Mackenzie Delta,"68° 47' 38.4""","135° 22' 6.2""","68° 47' 38.0""","135° 22' 15.7"""
939,KIPNIK O-20,300O206850134450,Shell Canada Resources Limited,Abandoned,Exploratory Well,1974-07-14 0:00,1974-11-21 0:00,1796,NWT Mackenzie Delta,"68° 49' 59.9""","134° 48' 18.9""","68° 49' 59.5""","134° 48' 28.4"""
1050,TULLUGAK K-31,300K316900135000,Shell Canada Resources Limited,Abandoned,Exploratory Well,1976-10-18 0:00,1977-01-05 0:00,,NWT Mackenzie Delta,"68° 50' 30.0""","135° 9' 21.7""","68° 50' 29.6""","135° 9' 31.2"""
821,KUGPIK O-13,300O136900135151,Shell Canada Resources Limited,Abandoned,Exploratory Well,1996-03-01 0:00,1996-03-04 0:00,,NWT Mackenzie Delta,"68° 52' 50.0""","135° 18' 15.0""","68° 52' 49.6""","135° 18' 24.6"""
976,KUGPIK L-24,300L246900135150,Shell Canada Resources Limited,Abandoned,Delineation Well,1975-02-03 0:00,1975-04-11 0:00,,NWT Mackenzie Delta,"68° 53' 31.5""","135° 22' 13.1""","68° 53' 31.1""","135° 22' 22.7"""
995,TITALIK O-15,300O156910135001,Shell Canada Resources Limited,Abandoned,Delineation Well,1996-02-16 0:00,1996-02-23 0:00,,NWT Mackenzie Delta,"69° 4' 58.0""","135° 3' 12.0""","69° 4' 57.7""","135° 3' 21.7"""
751,TITALIK K-26,300K266910135000,Shell Canada Resources Limited,Abandoned,Exploratory Well,1972-10-17 0:00,1973-02-20 0:00,3844,NWT Mackenzie Delta,"69° 5' 30.0""","135° 6' 15.0""","69° 5' 29.7""","135° 6' 24.8"""
1777,SHAVILIG J-20,300J206910135150,Shell Canada Resources Limited,Abandoned,Exploratory Well,1992-02-18 0:00,1992-03-16 0:00,EL361,NWT Mackenzie Delta,"69° 9' 38.4""","135° 18' 11.9""","69° 9' 38.1""","135° 18' 21.7"""
1776,UNIPKAT B-12,300B126920135151,Shell Canada Resources Limited,Abandoned,Delineation Well,1996-02-27 0:00,1996-03-12 0:00,SL100,NWT Mackenzie Delta,"69° 11' 0.8""","135° 18' 25.0""","69° 11' 0.5""","135° 18' 34.8"""
742,UNIPKAT I-22,300I226920135151,Shell Canada Resources Limited,Abandoned,Exploratory Well,1996-02-27 0:00,1996-03-03 0:00,1788,NWT Mackenzie Delta,"69° 11' 37.4""","135° 20' 27.4""","69° 11' 37.1""","135° 20' 37.2"""
1749,UNIPKAT N-12,300N126920135151,Shell Canada Resources Limited,Abandoned,Exploratory Well,1996-03-02 0:00,1996-03-05 0:00,EL335,NWT Mackenzie Delta,"69° 11' 54.8""","135° 19' 7.7""","69° 11' 54.5""","135° 19' 17.5"""
983,KUMAK K-16,300K166920135001,Shell Canada Resources Limited,Abandoned,Delineation Well,1996-02-16 0:00,1996-02-26 0:00,,NWT Mackenzie Delta,"69° 15' 32.9""","135° 3' 58.2""","69° 15' 32.6""","135° 4' 8.1"""
879,KUMAK J-06,300J066920135000,Shell Canada Resources Limited,Abandoned,Delineation Well,1973-11-24 0:00,1974-05-16 0:00,,NWT Mackenzie Delta,"69° 15' 36.0""","135° 0' 57.8""","69° 15' 35.7""","135° 1' 7.7"""
838,KUMAK C-58,300C586920135000,Shell Canada Resources Limited,Abandoned,Exploratory Well,1973-04-25 0:00,1973-10-19 0:00,P1787,NWT Mackenzie Delta,"69° 17' 6.0""","135° 13' 54.0""","69° 17' 5.7""","135° 14' 3.9"""
1064,KUMAK E-58,300E586920135001,Shell Canada Resources Limited,Abandoned,Delineation Well,1996-02-03 0:00,1996-02-10 0:00,,NWT Mackenzie Delta,"69° 17' 29.5""","135° 14' 55.3""","69° 17' 29.2""","135° 15' 5.3"""
1009,NIGLINTGAK B-19,300B196920135151,Shell Canada Resources Limited,Abandoned,Delineation Well,1996-02-13 0:00,1996-02-15 0:00,,NWT Mackenzie Delta,"69° 18' 11.0""","135° 18' 19.0""","69° 18' 10.7""","135° 18' 28.9"""
933,NIGLINTGAK M-19,300M196920135152,Shell Canada Resources Limited,Abandoned,Delineation Well,1996-02-01 0:00,1996-02-12 0:00,,NWT Mackenzie Delta,"69° 18' 49.0""","135° 19' 26.0""","69° 18' 48.7""","135° 19' 36.0"""
753,NIGLINTGAK H-30,300H306920135151,Shell Canada Resources Limited,Abandoned,Exploratory Well,1996-02-02 0:00,1996-02-05 0:00,1788,NWT Mackenzie Delta,"69° 19' 21.2""","135° 20' 35.3""","69° 19' 20.9""","135° 20' 45.3"""
368,TROUT LAKE O-41,300O416010121300,Shell Canada Resources Limited,Abandoned,Exploratory Well,1967-12-15 0:00,1968-02-01 0:00,2711,NWT Mainland,"60° 0' 54.0""","121° 38' 5.0""","60° 0' 53.9""","121° 38' 11.0"""
1748,CELIBETA B-12,300B126010122150,Shell Canada Resources Limited,Abandoned,Exploratory Well,1990-02-01 0:00,1990-03-24 0:00,EL328,NWT Mainland,"60° 1' 13.4""","122° 17' 42.7""","60° 1' 13.2""","122° 17' 48.8"""
147,KAKISA RIVER NO.2 (A-77),300A776010118150,Shell Canada Resources Limited,Abandoned,Exploratory Well,1959-01-21 0:00,1959-02-27 0:00,584,NWT Mainland,"60° 6' 12.5""","118° 28' 18.5""","60° 6' 12.8""","118° 28' 23.7"""
135,KAKISA RIVER NO. 1 (H-57),300H576010117450,Shell Canada Resources Limited,Abandoned,Exploratory Well,1957-02-11 0:00,1957-03-19 0:00,581,NWT Mainland,"60° 6' 22.0""","117° 54' 49.0""","60° 6' 22.4""","117° 54' 54.1"""
441,GRUMBLER G-63,300G636020115450,Shell Canada Resources Limited,Abandoned,Exploratory Well,1969-02-14 0:00,1969-03-16 0:00,4146,NWT Mainland,"60° 12' 28.8""","115° 57' 10.9""","60° 12' 29.2""","115° 57' 16.0"""
447,GRUMBLER L-05,300L056020116000,Shell Canada Resources Limited,Abandoned,Exploratory Well,1969-02-28 0:00,1969-03-18 0:00,4147,NWT Mainland,"60° 14' 41.3""","116° 1' 32.3""","60° 14' 41.7""","116° 1' 37.3"""
183,ALEXANDRA NO.6(M-19),300M196020119150,Shell Canada Resources Limited,Abandoned,Exploratory Well,1960-11-08 0:00,1960-12-16 0:00,980,NWT Mainland,"60° 18' 45.0""","119° 18' 52.6""","60° 18' 45.3""","119° 18' 57.9"""
148,ALEXANDRA NO.4(L-50),300L506020117450,Shell Canada Resources Limited,Abandoned,Exploratory Well,1959-02-05 0:00,1959-02-25 0:00,1395,NWT Mainland,"60° 19' 40.6""","117° 54' 16.5""","60° 19' 41.0""","117° 54' 21.7"""
186,ALEXANDRA D-62,300D626030118300,Shell Canada Resources Limited,Abandoned,Exploratory Well,1960-12-23 0:00,1961-02-09 0:00,1528,NWT Mainland,"60° 21' 0.0""","118° 43' 0.0""","60° 21' 0.3""","118° 43' 5.3"""
453,GRUMBLER I-72,300I726030115300,Shell Canada Resources Limited,Abandoned,Exploratory Well,1969-03-20 0:00,1969-04-04 0:00,4148,NWT Mainland,"60° 21' 40.2""","115° 43' 9.0""","60° 21' 40.6""","115° 43' 13.8"""
429,GRUMBLER J-72,300J726030115300,Shell Canada Resources Limited,Abandoned,Exploratory Well,1969-01-25 0:00,1969-02-13 0:00,4145,NWT Mainland,"60° 21' 40.3""","115° 43' 44.8""","60° 21' 40.7""","115° 43' 49.6"""
145,ALEXANDRA NO.2(K-55),300K556030117450,Shell Canada Resources Limited,Abandoned,Exploratory Well,1959-01-05 0:00,1959-01-31 0:00,1390,NWT Mainland,"60° 24' 30.6""","117° 55' 33.5""","60° 24' 31.0""","117° 55' 38.7"""
1675,SOUTH ARROWHEAD 2B-76,302B766030122450,Shell Canada Resources Limited,Abandoned,Exploratory Well,1988-01-21 0:00,1988-03-13 0:00,EL311,NWT Mainland,"60° 25' 7.4""","122° 58' 38.2""","60° 25' 7.6""","122° 58' 43.6"""
420,GRUMBLER I-16,300I166030115450,Shell Canada Resources Limited,Abandoned,Exploratory Well,1969-01-04 0:00,1969-01-23 0:00,4149,NWT Mainland,"60° 25' 37.7""","115° 46' 55.6""","60° 25' 38.1""","115° 47' 0.5"""
151,ALEXANDRA NO.1(J-56),300J566030118000,Shell Canada Resources Limited,Abandoned,Exploratory Well,1959-03-02 0:00,1959-03-09 0:00,1590,NWT Mainland,"60° 25' 38.0""","118° 10' 16.9""","60° 25' 38.4""","118° 10' 22.1"""
395,GRUMBLER F-07,300F076030116000,Shell Canada Resources Limited,Abandoned,Exploratory Well,1968-03-07 0:00,1968-03-29 0:00,4150,NWT Mainland,"60° 26' 17.5""","116° 1' 9.7""","60° 26' 17.9""","116° 1' 14.6"""
144,ALEXANDRA NO.5(E-75),300E756040116300,Shell Canada Resources Limited,Abandoned,Exploratory Well,1958-10-11 0:00,1958-10-29 0:00,1389,NWT Mainland,"60° 34' 15.0""","116° 44' 39.4""","60° 34' 15.4""","116° 44' 44.4"""
381,TETCHO J-12,300J126050121000,Shell Canada Resources Limited,Abandoned,Exploratory Well,1968-02-09 0:00,1968-03-01 0:00,3026,NWT Mainland,"60° 41' 40.3""","121° 2' 48.4""","60° 41' 40.6""","121° 2' 53.9"""
369,KAKISA LAKE C-04,300C046100117450,Shell Canada Resources Limited,Abandoned,Exploratory Well,1967-12-30 0:00,1968-01-21 0:00,4938,NWT Mainland,"60° 53' 10.2""","117° 46' 15.0""","60° 53' 10.6""","117° 46' 20.1"""
363,DESMARAIS J-48,300J486100116450,Shell Canada Resources Limited,Abandoned,Exploratory Well,1967-11-26 0:00,1967-12-07 0:00,4236,NWT Mainland,"60° 57' 43.5""","116° 53' 7.9""","60° 57' 43.9""","116° 53' 13.0"""
375,TWO ISLANDS O-28,300O286100118000,Shell Canada Resources Limited,Abandoned,Exploratory Well,1968-01-25 0:00,1968-02-17 0:00,3181,NWT Mainland,"60° 57' 53.0""","118° 4' 23.0""","60° 57' 53.4""","118° 4' 28.1"""
365,DESMARAIS K-29,300K296100116450,Shell Canada Resources Limited,Abandoned,Exploratory Well,1967-12-09 0:00,1967-12-18 0:00,4236,NWT Mainland,"60° 58' 30.0""","116° 49' 57.5""","60° 58' 30.4""","116° 50' 2.6"""
386,FOETUS LK F-60,300F606100118150,Shell Canada Resources Limited,Abandoned,Exploratory Well,1968-02-21 0:00,1968-03-05 0:00,3196,NWT Mainland,"60° 59' 18.5""","118° 25' 42.4""","60° 59' 18.9""","118° 25' 47.5"""
383,BEAVER LAKE M-29,300M296110117000,Shell Canada Resources Limited,Abandoned,Exploratory Well,1968-02-13 0:00,1968-02-25 0:00,3194,NWT Mainland,"61° 8' 46.9""","117° 5' 19.7""","61° 8' 47.3""","117° 5' 24.7"""
388,BEAVER LAKE M-39,300M396110117000,Shell Canada Resources Limited,Abandoned,Exploratory Well,1968-02-25 0:00,1968-02-29 0:00,3194,NWT Mainland,"61° 9' 0.0""","117° 7' 3.0""","61° 9' 0.4""","117° 7' 8.0"""
392,BEAVER LAKE 2M-39,302M396110117000,Shell Canada Resources Limited,Abandoned,Exploratory Well,1968-02-29 0:00,1968-03-06 0:00,3194,NWT Mainland,"61° 9' 0.0""","117° 7' 2.8""","61° 9' 0.4""","117° 7' 7.8"""
150,LIARD RIVER NO.2(D-75),300D756120122300,Shell Canada Resources Limited,Abandoned,Exploratory Well,1959-02-26 0:00,1959-04-08 0:00,1012,NWT Mainland,"61° 14' 5.9""","122° 44' 58.9""","61° 14' 6.3""","122° 45' 4.5"""
130,LIARD RIVER NO.1(M-36),300M366120122300,Shell Canada Resources Limited,Abandoned,Exploratory Well,1956-09-14 0:00,1956-09-18 0:00,1012,NWT Mainland,"61° 15' 55.0""","122° 37' 15.0""","61° 15' 55.4""","122° 37' 20.6"""
238,W WRIGLEY G-70,300G706310124000,Shell Canada Resources Limited,Abandoned,Exploratory Well,1964-12-19 0:00,1965-04-05 0:00,1018,NWT Mainland,"63° 9' 17.0""","124° 11' 50.0""","63° 9' 17.3""","124° 11' 56.0"""
219,OCHRE RIVER P-15,300P156330122450,Shell Canada Resources Limited,Abandoned,Exploratory Well,1963-12-11 0:00,1964-01-28 0:00,1957,NWT Mainland,"63° 24' 45.0""","122° 46' 57.0""","63° 24' 45.4""","122° 47' 2.9"""
247,CLOVERLEAF I-46,300I466400124450,Shell Canada Resources Limited,Abandoned,Exploratory Well,1965-03-02 0:00,1965-07-05 0:00,3432,NWT Mainland,"63° 55' 44.0""","124° 52' 39.0""","63° 55' 44.3""","124° 52' 45.3"""
229,BLACKWATER LAKE G-52,300G526410122450,Shell Canada Resources Limited,Abandoned,Exploratory Well,1964-02-09 0:00,1964-03-24 0:00,3295,NWT Mainland,"64° 1' 20.0""","122° 55' 12.0""","64° 1' 20.4""","122° 55' 18.0"""
237,KEELE R. L-04,300L046430125000,Shell Canada Resources Limited,Abandoned,Exploratory Well,1964-12-10 0:00,1965-01-13 0:00,3418,NWT Mainland,"64° 23' 37.0""","125° 1' 43.0""","64° 23' 37.3""","125° 1' 49.3"""
682,SAINVILLE RIVER K-63,300K636630133000,Shell Canada Resources Limited,Abandoned,Exploratory Well,1972-01-12 0:00,1972-01-23 0:00,6475,NWT Mainland,"66° 22' 36.9""","133° 12' 15.5""","66° 22' 36.5""","133° 12' 23.5"""
629,ARCTIC RED WEST G-55,300G556650133000,Shell Canada Resources Limited,Abandoned,Exploratory Well,1971-03-31 0:00,1971-05-22 0:00,6479,NWT Mainland,"66° 44' 28.1""","133° 9' 58.2""","66° 44' 27.7""","133° 10' 6.3"""
575,ARCTIC RED RIVER O-27,300O276650132450,Shell Canada Resources Limited,Abandoned,Exploratory Well,1970-12-26 0:00,1971-01-23 0:00,6478,NWT Mainland,"66° 46' 56.0""","132° 49' 35.9""","66° 46' 55.7""","132° 49' 44.0"""
559,TREE RIVER F-57,300F576710132150,Shell Canada Resources Limited,Abandoned,Exploratory Well,1970-11-10 0:00,1970-12-12 0:00,6492,NWT Mainland,"67° 6' 27.2""","132° 25' 40.4""","67° 6' 27.0""","132° 25' 48.6"""
598,TREE RIVER EAST H-57,300H576710132150,Shell Canada Resources Limited,Abandoned,Exploratory Well,1971-02-08 0:00,1971-03-17 0:00,6492,NWT Mainland,"67° 6' 27.2""","132° 24' 40.2""","67° 6' 27.0""","132° 24' 48.4"""
952,PEEL RIVER Y.T. M-69,300M696610133450,Shell Canada Resources Limited,Abandoned,Exploratory Well,1974-10-06 0:00,1974-12-04 0:00,1674,Yukon,"66° 8' 56.0""","133° 58' 4.0""","66° 8' 55.5""","133° 58' 12.0"""
307,PEEL R YT I-21,300I216620134150,Shell Canada Resources Limited,Abandoned,Exploratory Well,1966-02-20 0:00,1966-03-30 0:00,3498,Yukon,"66° 10' 36.5""","134° 18' 52.1""","66° 10' 36.0""","134° 19' 0.2"""
333,PEEL R YT K-09,300K096620134000,Shell Canada Resources Limited,Abandoned,Exploratory Well,1967-02-03 0:00,1967-03-07 0:00,3497,Yukon,"66° 18' 35.7""","134° 1' 2.2""","66° 18' 35.2""","134° 1' 10.3"""
290,PEEL R. YT K-76,300K766630134000,Shell Canada Resources Limited,Abandoned,Exploratory Well,1965-10-07 0:00,1965-11-25 0:00,3605,Yukon,"66° 25' 35.4""","134° 14' 7.9""","66° 25' 34.9""","134° 14' 16.0"""
276,PEEL RIVER Y.T. J-21,300J216640134000,Shell Canada Resources Limited,Abandoned,Exploratory Well,1965-07-31 0:00,1965-09-01 0:00,3609,Yukon,"66° 30' 31.9""","134° 4' 23.3""","66° 30' 31.4""","134° 4' 31.4"""
292,PEEL R YT L-01,300L016640134450,Shell Canada Resources Limited,Abandoned,Exploratory Well,1965-12-12 0:00,1966-02-07 0:00,3612,Yukon,"66° 30' 38.3""","134° 46' 28.5""","66° 30' 37.7""","134° 46' 36.7"""
322,PEEL RIVER Y.T. B-06,300B066640134450,Shell Canada Resources Limited,Abandoned,Exploratory Well,1966-12-14 0:00,1966-12-31 0:00,3612,Yukon,"66° 35' 9.4""","134° 45' 37.5""","66° 35' 8.8""","134° 45' 45.7"""
1697,PEEL RIVER Y.T. 2B-06,302B066640134450,Shell Canada Resources Limited,Abandoned,Exploratory Well,1967-01-03 0:00,1967-01-25 0:00,3612,Yukon,"66° 35' 9.5""","134° 45' 40.0""","66° 35' 8.9""","134° 45' 48.2"""
881,TRAIL RIVER Y.T. H-37,300H376640134450,Shell Canada Resources Limited,Abandoned,Exploratory Well,1973-11-27 0:00,1974-03-26 0:00,3612,Yukon,"66° 36' 16.1""","134° 50' 58.7""","66° 36' 15.5""","134° 51' 6.9"""
343,PEEL R. YT H-59,300H596640134300,Shell Canada Resources Limited,Abandoned,Exploratory Well,1967-03-12 0:00,1967-04-01 0:00,3611,Yukon,"66° 38' 17.9""","134° 39' 33.1""","66° 38' 17.4""","134° 39' 41.3"""
316,PEEL R YT L-19,300L196650135150,Shell Canada Resources Limited,Abandoned,Exploratory Well,1966-04-11 0:00,1966-06-12 0:00,3617,Yukon,"66° 48' 39.3""","135° 18' 23.7""","66° 48' 38.7""","135° 18' 32.0"""
415,WOLVERINE CREEK D-61,300D616520124000,Sinclair Canada Oil Company,Abandoned,Exploratory Well,1968-12-01 0:00,1969-01-20 0:00,5003,NWT Mainland,"65° 10' 14.0""","124° 12' 52.0""","65° 10' 14.4""","124° 12' 58.3"""
456,MAHONY LAKE I-74,300I746530124300,Sinclair Canada Oil Company,Abandoned,Exploratory Well,1969-03-24 0:00,1969-05-02 0:00,4998,NWT Mainland,"65° 23' 36.0""","124° 43' 30.0""","65° 23' 36.4""","124° 43' 36.4"""
435,WHITEFISH RIVER K-76,300K766540124150,Sinclair Canada Oil Company,Abandoned,Exploratory Well,1969-01-30 0:00,1969-03-18 0:00,4990,NWT Mainland,"65° 35' 32.0""","124° 29' 16.0""","65° 35' 32.5""","124° 29' 22.5"""
717,FT. MCPHERSON C-78,300C786740134000,Skelly Oil of Canada Ltd,Abandoned,Exploratory Well,1972-04-09 0:00,1972-07-17 0:00,6247,NWT Mainland,"67° 37' 4.0""","134° 14' 20.0""","67° 37' 3.6""","134° 14' 28.8"""
684,ARCTIC RED Y.T. C-60,300C606650133450,Skelly Oil of Canada Ltd,Abandoned,Exploratory Well,1972-01-15 0:00,1972-03-26 0:00,6481,Yukon,"66° 49' 0.0""","133° 55' 19.0""","66° 48' 59.5""","133° 55' 27.2"""
1010,NORTH ELLICE J-23,300J236920135451,Standard Oil Company Of British Columbia Ltd.,Abandoned,Exploratory Well,1995-09-15 0:00,1995-09-16 0:00,W905,NWT Mackenzie Delta,"69° 12' 34.0""","135° 51' 14.0""","69° 12' 33.6""","135° 51' 23.9"""
570,ST. CHARLES CREEK H-61,300H616500123450,Standard Oil Company Of British Columbia Ltd.,Abandoned,Exploratory Well,1970-12-17 0:00,1971-01-14 0:00,4982,NWT Mainland,"64° 50' 24.0""","123° 56' 28.0""","64° 50' 24.4""","123° 56' 34.2"""
658,GREAT BEAR RIVER N-30,300N306500124000,Standard Oil Company Of British Columbia Ltd.,Abandoned,Exploratory Well,1971-11-22 0:00,1971-12-11 0:00,4983,NWT Mainland,"64° 59' 45.0""","124° 4' 51.0""","64° 59' 45.4""","124° 4' 57.3"""
208,BEAVERCROW YT K-02,300K026010125000,Standard Oil Company Of British Columbia Ltd.,Abandoned,Exploratory Well,1962-03-20 0:00,1963-01-11 0:00,1470,Yukon,"60° 1' 41.5""","125° 1' 10.6""","60° 1' 40.7""","125° 1' 16.6"""
207,BLACKSTONE Y.T. D-77,300D776550137000,Standard Oil Company Of British Columbia Ltd.,Abandoned,Exploratory Well,1962-03-10 0:00,1963-01-08 0:00,1073,Yukon,"65° 46' 10.8""","137° 14' 54.8""","65° 46' 10.0""","137° 15' 3.2"""
601,E. PORCUPINE YT I-13,300I136610137450,Standard Oil Company Of British Columbia Ltd.,Abandoned,Exploratory Well,1971-02-10 0:00,1971-05-02 0:00,3362,Yukon,"66° 2' 35.0""","137° 46' 58.0""","66° 2' 34.2""","137° 47' 6.5"""
586,SHAEFFER CK YT O-22,300O226650137150,Standard Oil Company Of British Columbia Ltd.,Abandoned,Exploratory Well,1971-01-12 0:00,1971-05-09 0:00,3324,Yukon,"66° 41' 54.0""","137° 19' 40.0""","66° 41' 53.3""","137° 19' 48.6"""
1181,TROUT LAKE P-34,300P346030121000,Sulpetro Limited,Abandoned,Exploratory Well,1981-01-15 0:00,1981-02-25 0:00,,NWT Mainland,"60° 23' 52.0""","121° 5' 55.0""","60° 23' 52.2""","121° 6' 0.5"""
1577,TROUT LAKE F-08,300F086040121000,Sulpetro Limited,Abandoned,Exploratory Well,1986-01-13 0:00,1986-02-15 0:00,,NWT Mainland,"60° 37' 15.0""","121° 1' 24.0""","60° 37' 15.3""","121° 1' 29.4"""
1604,TROUT LAKE J-29,300J296040121150,Sulpetro Limited,Abandoned,Exploratory Well,1986-02-23 0:00,1986-03-20 0:00,,NWT Mainland,"60° 38' 34.0""","121° 19' 12.0""","60° 38' 34.3""","121° 19' 17.5"""
950,UNARK L-24,300L246940134300,Sun Oil Company,Abandoned,Exploratory Well,1974-09-26 0:00,1975-05-24 0:00,W947,Beaufort Sea,"69° 33' 30.2""","134° 37' 0.1""","69° 33' 30.0""","134° 37' 10.2"""
1051,UNARK 2L-24,302L246940134300,Sun Oil Company,Abandoned,Exploratory Well,1976-10-19 0:00,1977-05-08 0:00,W947,Beaufort Sea,"69° 33' 30.4""","134° 37' 1.6""","69° 33' 30.2""","134° 37' 11.7"""
951,PELLY B-35,300B356940135150,Sun Oil Company,Abandoned,Exploratory Well,1974-10-05 0:00,1975-02-14 0:00,W948,Beaufort Sea,"69° 34' 11.0""","135° 23' 27.3""","69° 34' 10.7""","135° 23' 37.5"""
555,ALLISON R. N-12,300N127520098300,Sun Oil Company,Abandoned,Exploratory Well,1970-10-11 0:00,1971-03-18 0:00,A-398,"Nunavut Arctic Islands Onshore, Foxe Basin","75° 11' 52.4""","98° 35' 42.6""","75° 11' 55.2""","98° 35' 46.2"""
640,YOUNG INLET D-21,300D217630098300,Sun Oil Company,Abandoned,Exploratory Well,1971-05-10 0:00,1971-07-12 0:00,A419,"Nunavut Arctic Islands Onshore, Foxe Basin","76° 20' 10.0""","98° 40' 30.0""","76° 20' 13.0""","98° 40' 33.9"""
561,KITSON R. C-71,300C717620112300,Sun Oil Company,Abandoned,Exploratory Well,1970-11-14 0:00,1971-02-06 0:00,A-791,NWT Arctic Islands Onshore,"76° 10' 12.5""","112° 58' 55.9""","76° 10' 15.1""","112° 59' 5.4"""
1006,GARRY P-04,300P046930135301,Sun Oil Company,Abandoned,Exploratory Well,1997-03-24 0:00,1997-03-24 0:00,W949,NWT Mackenzie Delta,"69° 23' 45.8""","135° 30' 19.4""","69° 23' 45.5""","135° 30' 29.4"""
1088,GARRY G-07,300G076930135301,Sun Oil Company,Abandoned,Delineation Well,1997-03-26 0:00,1997-03-29 0:00,W949,NWT Mackenzie Delta,"69° 26' 23.0""","135° 30' 56.0""","69° 26' 22.7""","135° 31' 6.1"""
988,EAST DRAKE I-55,300I557630107300,Suncor Energy Inc.,Abandoned,Development Well,1975-03-06 0:00,1975-04-16 0:00,,Nunavut Arctic Islands Offshore,"76° 24' 39.8""","107° 48' 54.5""","76° 24' 42.6""","107° 49' 2.0"""
1091,DRAKE F-76,300F767630108001,Suncor Energy Inc.,Abandoned,Development Well,1995-12-19 0:00,1996-01-08 0:00,,Nunavut Arctic Islands Offshore,"76° 25' 22.4""","108° 28' 47.8""","76° 25' 25.2""","108° 28' 55.6"""
1490,EAST DRAKE L-06,300L067630107300,Suncor Energy Inc.,Abandoned,Exploratory Well,1985-02-15 0:00,1985-04-16 0:00,,Nunavut Arctic Islands Offshore,"76° 25' 34.9""","107° 33' 11.1""","76° 25' 37.7""","107° 33' 18.5"""
1119,DESBARATS B-73,300B737650105300,Suncor Energy Inc.,Abandoned,Exploratory Well,1979-02-17 0:00,1979-03-27 0:00,,Nunavut Arctic Islands Offshore,"76° 42' 13.0""","105° 57' 15.4""","76° 42' 15.9""","105° 57' 22.4"""
1085,ROCHE PT. O-43,300J437650109300,Suncor Energy Inc.,Abandoned,Exploratory Well,1978-01-18 0:00,1978-04-18 0:00,,Nunavut Arctic Islands Offshore,"76° 42' 45.0""","109° 46' 22.0""","76° 42' 47.8""","109° 46' 30.6"""
1206,CISCO C-42,300C427730106000,Suncor Energy Inc.,Abandoned,Delineation Well,1982-03-02 0:00,1982-04-20 0:00,,Nunavut Arctic Islands Offshore,"77° 21' 12.9""","106° 17' 6.6""","77° 21' 15.9""","106° 17' 14.4"""
1205,SCULPIN K-08,300K087810104300,Suncor Energy Inc.,Abandoned,Exploratory Well,1982-01-27 0:00,1982-05-03 0:00,,Nunavut Arctic Islands Offshore,"78° 7' 40.7""","104° 33' 34.1""","78° 7' 44.6""","104° 33' 45.1"""
635,GARNIER O-21,300O217350090300,Suncor Energy Inc.,Abandoned,Exploratory Well,1971-04-23 0:00,1971-07-09 0:00,,"Nunavut Arctic Islands Onshore, Foxe Basin","73° 40' 52.1""","90° 36' 45.2""","73° 40' 54.8""","90° 36' 45.1"""
1082,BEVERLEY INLET G-13,300G137510108000,Suncor Energy Inc.,Abandoned,Exploratory Well,1977-11-20 0:00,1978-06-09 0:00,,"Nunavut Arctic Islands Onshore, Foxe Basin","75° 2' 20.0""","108° 5' 23.0""","75° 2' 22.5""","108° 5' 30.1"""
642,CORNWALLIS CENTRAL DOME K-40,300K407510094300,Suncor Energy Inc.,Abandoned,Exploratory Well,1971-05-26 0:00,1971-08-02 0:00,,"Nunavut Arctic Islands Onshore, Foxe Basin","75° 9' 40.3""","94° 43' 13.7""","75° 9' 43.2""","94° 43' 16.1"""
929,REA POINT STRAT K-32,300K327530105301,Suncor Energy Inc.,Abandoned,Test Hole,1996-07-29 0:00,1996-07-29 0:00,,"Nunavut Arctic Islands Onshore, Foxe Basin","75° 21' 33.6""","105° 43' 38.1""","75° 21' 36.3""","105° 43' 44.6"""
1080,RICHARDSON POINT G-12,300G127550105300,Suncor Energy Inc.,Abandoned,Exploratory Well,1977-10-23 0:00,1978-01-25 0:00,,"Nunavut Arctic Islands Onshore, Foxe Basin","75° 41' 15.8""","105° 34' 51.5""","75° 41' 18.6""","105° 34' 57.8"""
455,TOWSON POINT F-63,300F637600106000,Suncor Energy Inc.,Abandoned,Exploratory Well,1970-03-23 0:00,1970-06-16 0:00,,"Nunavut Arctic Islands Onshore, Foxe Basin","75° 52' 17.2""","106° 24' 37.1""","75° 52' 20.0""","106° 24' 43.7"""
811,ELDRIDGE BAY E-79,300E797600109000,Suncor Energy Inc.,Abandoned,Exploratory Well,1973-03-06 0:00,1973-05-06 0:00,,"Nunavut Arctic Islands Onshore, Foxe Basin","75° 58' 21.0""","109° 29' 38.4""","75° 58' 23.6""","109° 29' 46.4"""
1036,KEY POINT O-51,300O517620104000,Suncor Energy Inc.,Abandoned,Exploratory Well,1976-05-25 0:00,1976-09-06 0:00,,"Nunavut Arctic Islands Onshore, Foxe Basin","76° 10' 54.5""","104° 20' 4.4""","76° 10' 57.3""","104° 20' 10.4"""
953,SHERARD BAY F-14,300F147620108300,Suncor Energy Inc.,Abandoned,Exploratory Well,1974-10-07 0:00,1974-10-31 0:00,,"Nunavut Arctic Islands Onshore, Foxe Basin","76° 13' 19.5""","108° 35' 51.8""","76° 13' 22.2""","108° 35' 59.5"""
1331,SHERARD BAY F-34,300F347620108300,Suncor Energy Inc.,Abandoned,Exploratory Well,1983-10-08 0:00,1984-05-01 0:00,,"Nunavut Arctic Islands Onshore, Foxe Basin","76° 13' 21.6""","108° 43' 39.4""","76° 13' 24.3""","108° 43' 47.2"""
1074,SOPHIE PT. G-19,300G197620103000,Suncor Energy Inc.,Abandoned,Exploratory Well,1977-05-29 0:00,1977-09-30 0:00,,"Nunavut Arctic Islands Onshore, Foxe Basin","76° 18' 23.3""","103° 4' 55.7""","76° 18' 26.1""","103° 5' 1.3"""
1063,W. BENT HORN I-01A,302I017630104001,Suncor Energy Inc.,Abandoned,Exploratory Well,1996-10-07 0:00,1996-10-07 0:00,,"Nunavut Arctic Islands Onshore, Foxe Basin","76° 20' 33.3""","104° 0' 35.8""","76° 20' 36.1""","104° 0' 41.8"""
1053,W. BENT HORN I-01,300I017630104000,Suncor Energy Inc.,Abandoned,Exploratory Well,1976-12-01 0:00,1977-02-15 0:00,,"Nunavut Arctic Islands Onshore, Foxe Basin","76° 20' 33.3""","104° 0' 35.8""","76° 20' 36.1""","104° 0' 41.8"""
1097,STOKES RANGE J-11,300J117630101300,Suncor Energy Inc.,Abandoned,Exploratory Well,1978-05-31 0:00,1978-09-17 0:00,,"Nunavut Arctic Islands Onshore, Foxe Basin","76° 20' 34.3""","101° 35' 4.0""","76° 20' 37.2""","101° 35' 9.0"""
1235,MARRYATT K-71,300K717630108300,Suncor Energy Inc.,Abandoned,Exploratory Well,1982-10-14 0:00,1983-07-17 0:00,,"Nunavut Arctic Islands Onshore, Foxe Basin","76° 20' 37.5""","108° 58' 25.9""","76° 20' 40.2""","108° 58' 33.9"""
1034,W. BENT HORN A-02,300A027630104001,Suncor Energy Inc.,Abandoned,Development Well,1996-10-09 0:00,1996-10-09 0:00,,"Nunavut Arctic Islands Onshore, Foxe Basin","76° 21' 5.7""","104° 0' 53.1""","76° 21' 8.5""","104° 0' 59.1"""
1187,W. BENT HORN G-02,300G027630104000,Suncor Energy Inc.,Abandoned,Delineation Well,1981-05-29 0:00,1981-09-04 0:00,,"Nunavut Arctic Islands Onshore, Foxe Basin","76° 21' 21.6""","104° 1' 14.1""","76° 21' 24.4""","104° 1' 20.1"""
1685,BENT HORN F-72,300F727630103300,Suncor Energy Inc.,Abandoned,Development Well,1975-05-21 0:00,1975-08-24 0:00,,"Nunavut Arctic Islands Onshore, Foxe Basin","76° 21' 27.2""","103° 58' 15.0""","76° 21' 30.0""","103° 58' 21.0"""
1005,BENT HORN F-72A,302F727630103301,Suncor Energy Inc.,Abandoned,Development Well,1987-10-04 0:00,1987-10-25 0:00,,"Nunavut Arctic Islands Onshore, Foxe Basin","76° 21' 27.2""","103° 58' 15.0""","76° 21' 30.0""","103° 58' 21.0"""
1664,BENT HORN F-72B,303F727630103301,Suncor Energy Inc.,Abandoned,Exploratory Well,1993-09-26 0:00,1993-09-27 0:00,,"Nunavut Arctic Islands Onshore, Foxe Basin","76° 21' 27.2""","103° 58' 15.0""","76° 21' 30.0""","103° 58' 21.0"""
878,BENT HORN N-72,300N727630103301,Suncor Energy Inc.,Abandoned,Exploratory Well,1985-10-18 0:00,1985-10-18 0:00,,"Nunavut Arctic Islands Onshore, Foxe Basin","76° 21' 51.0""","103° 58' 12.0""","76° 21' 53.8""","103° 58' 18.0"""
1065,W. BENT HORN M-12,300M127630104000,Suncor Energy Inc.,Abandoned,Exploratory Well,1977-03-04 0:00,1977-06-03 0:00,,"Nunavut Arctic Islands Onshore, Foxe Basin","76° 21' 54.1""","104° 6' 56.8""","76° 21' 56.9""","104° 7' 2.9"""
994,DRAKE D-73,300D737630108001,Suncor Energy Inc.,Abandoned,Development Well,1993-04-29 0:00,1993-04-29 0:00,,"Nunavut Arctic Islands Onshore, Foxe Basin","76° 22' 6.1""","108° 29' 29.5""","76° 22' 8.9""","108° 29' 37.3"""
1022,W. BENT HORN E-43,300E437630104000,Suncor Energy Inc.,Abandoned,Exploratory Well,1976-01-16 0:00,1976-04-19 0:00,,"Nunavut Arctic Islands Onshore, Foxe Basin","76° 22' 15.9""","104° 18' 44.5""","76° 22' 18.7""","104° 18' 50.6"""
961,CHADS CREEK B-64,300B647630109301,Suncor Energy Inc.,Abandoned,Exploratory Well,1985-08-09 0:00,1985-08-09 0:00,,"Nunavut Arctic Islands Onshore, Foxe Basin","76° 23' 8.2""","109° 54' 21.0""","76° 23' 10.9""","109° 54' 29.4"""
745,DRAKE B-44,300B447630108001,Suncor Energy Inc.,Abandoned,Delineation Well,1993-04-18 0:00,1993-04-19 0:00,,"Nunavut Arctic Islands Onshore, Foxe Basin","76° 23' 8.9""","108° 16' 3.4""","76° 23' 11.7""","108° 16' 11.1"""
971,WEST BENT HORN C-44,300C447630104000,Suncor Energy Inc.,Abandoned,Exploratory Well,1975-01-09 0:00,1975-04-12 0:00,,"Nunavut Arctic Islands Onshore, Foxe Basin","76° 23' 9.3""","104° 17' 10.0""","76° 23' 12.1""","104° 17' 16.1"""
732,DRAKE F-16,300F167630108302,Suncor Energy Inc.,Abandoned,Exploratory Well,1993-04-18 0:00,1993-04-22 0:00,,"Nunavut Arctic Islands Onshore, Foxe Basin","76° 25' 15.5""","108° 35' 38.5""","76° 25' 18.3""","108° 35' 46.4"""
1096,BENT HORN A-57,300A577630103300,Suncor Energy Inc.,Abandoned,Exploratory Well,1978-05-21 0:00,1979-08-29 0:00,,"Nunavut Arctic Islands Onshore, Foxe Basin","76° 26' 1.0""","103° 49' 19.0""","76° 26' 3.8""","103° 49' 25.0"""
1049,CHARLES POINT G-07,300G077630103000,Suncor Energy Inc.,Abandoned,Exploratory Well,1976-10-10 0:00,1977-02-07 0:00,,"Nunavut Arctic Islands Onshore, Foxe Basin","76° 26' 26.8""","103° 1' 3.1""","76° 26' 29.7""","103° 1' 8.7"""
472,DRAKE POINT L-67,300L677630108302,Suncor Energy Inc.,Abandoned,Delineation Well,1993-04-13 0:00,1993-04-16 0:00,,"Nunavut Arctic Islands Onshore, Foxe Basin","76° 26' 36.9""","108° 55' 23.0""","76° 26' 39.7""","108° 55' 31.0"""
544,DRAKE POINT K-67,300K677630108301,Suncor Energy Inc.,Abandoned,Service Well,1985-07-16 0:00,1985-07-16 0:00,,"Nunavut Arctic Islands Onshore, Foxe Basin","76° 26' 44.9""","108° 55' 13.0""","76° 26' 47.7""","108° 55' 21.0"""
428,DRAKE POINT N-67,300N677630108301,Suncor Energy Inc.,Abandoned,Exploratory Well,1971-10-17 0:00,1971-10-17 0:00,,"Nunavut Arctic Islands Onshore, Foxe Basin","76° 26' 46.5""","108° 55' 1.8""","76° 26' 49.3""","108° 55' 9.8"""
851,DRAKE POINT D-68,300D687630108301,Suncor Energy Inc.,Abandoned,Development Well,1993-04-03 0:00,1993-05-03 0:00,,"Nunavut Arctic Islands Onshore, Foxe Basin","76° 27' 4.9""","108° 55' 42.7""","76° 27' 7.7""","108° 55' 50.7"""
926,DRAKE E-78,300E787630108001,Suncor Energy Inc.,Abandoned,Development Well,1993-04-17 0:00,1993-04-17 0:00,,"Nunavut Arctic Islands Onshore, Foxe Basin","76° 27' 19.3""","108° 29' 25.2""","76° 27' 22.1""","108° 29' 33.0"""
1095,DRAKE POINT K-79,300K797630108300,Suncor Energy Inc.,Abandoned,Development Well,1978-05-18 0:00,1978-06-23 0:00,,"Nunavut Arctic Islands Onshore, Foxe Basin","76° 28' 35.9""","108° 58' 48.7""","76° 28' 38.7""","108° 58' 56.8"""
949,CAPE FLEETWOOD M-21,300M217640103300,Suncor Energy Inc.,Abandoned,Exploratory Well,1974-09-23 0:00,1974-12-07 0:00,,"Nunavut Arctic Islands Onshore, Foxe Basin","76° 30' 47.8""","103° 40' 37.0""","76° 30' 50.6""","103° 40' 43.0"""
967,COLLINGWOOD K-33,300K337640108300,Suncor Energy Inc.,Abandoned,Exploratory Well,1974-12-28 0:00,1975-02-18 0:00,,"Nunavut Arctic Islands Onshore, Foxe Basin","76° 32' 44.7""","108° 43' 27.5""","76° 32' 47.5""","108° 43' 35.5"""
925,ROBERT HARBOUR K-07,300K077640104000,Suncor Energy Inc.,Abandoned,Exploratory Well,1974-04-26 0:00,1974-08-17 0:00,,"Nunavut Arctic Islands Onshore, Foxe Basin","76° 36' 32.2""","104° 2' 14.1""","76° 36' 35.0""","104° 2' 20.3"""
928,N. SABINE H-49,300H497650108300,Suncor Energy Inc.,Abandoned,Exploratory Well,1974-05-03 0:00,1974-07-08 0:00,,"Nunavut Arctic Islands Onshore, Foxe Basin","76° 48' 15.1""","108° 45' 11.3""","76° 48' 17.9""","108° 45' 19.6"""
1164,VESEY A-27,300A277700109000,Suncor Energy Inc.,Abandoned,Exploratory Well,1980-06-08 0:00,1980-09-09 0:00,,"Nunavut Arctic Islands Onshore, Foxe Basin","76° 56' 4.6""","109° 8' 7.1""","76° 56' 7.5""","109° 8' 15.8"""
1550,SKYBATTLE BAY M-11,300M117720105000,Suncor Energy Inc.,Abandoned,Exploratory Well,1985-10-17 0:00,1985-12-30 0:00,,"Nunavut Arctic Islands Onshore, Foxe Basin","77° 10' 55.7""","105° 6' 44.4""","77° 10' 58.7""","105° 6' 51.6"""
985,PAT BAY A-72,300A727730105000,Suncor Energy Inc.,Abandoned,Exploratory Well,1975-02-28 0:00,1975-05-06 0:00,,"Nunavut Arctic Islands Onshore, Foxe Basin","77° 21' 1.6""","105° 26' 57.0""","77° 21' 4.6""","105° 27' 4.5"""
641,KING CHRISTIAN N-06,300N067750101001,Suncor Energy Inc.,Abandoned,Delineation Well,1992-05-11 0:00,1992-05-16 0:00,,"Nunavut Arctic Islands Onshore, Foxe Basin","77° 45' 53.9""","101° 2' 18.8""","77° 45' 57.5""","101° 2' 30.4"""
556,KING CHRISTIAN D-18,300D187750101000,Suncor Energy Inc.,Abandoned,Exploratory Well,1970-10-14 0:00,1970-10-25 0:00,,"Nunavut Arctic Islands Onshore, Foxe Basin","77° 47' 3.4""","101° 7' 5.9""","77° 47' 7.0""","101° 7' 17.5"""
563,KING CHRISTIAN 2D-18,302D187750101001,Suncor Energy Inc.,Abandoned,Relief Well,1992-04-22 0:00,1992-04-25 0:00,,"Nunavut Arctic Islands Onshore, Foxe Basin","77° 47' 9.0""","101° 6' 43.5""","77° 47' 12.6""","101° 6' 55.1"""
848,JACKSON STRAT P-44,300P447810100300,Suncor Energy Inc.,Abandoned,Test Hole,1973-05-30 0:00,1973-06-06 0:00,,"Nunavut Arctic Islands Onshore, Foxe Basin","78° 3' 49.4""","100° 50' 0.1""","78° 3' 53.1""","100° 50' 11.4"""
1110,HOODOO E-05,300E057810099300,Suncor Energy Inc.,Abandoned,Exploratory Well,1978-11-08 0:00,1979-01-03 0:00,,"Nunavut Arctic Islands Onshore, Foxe Basin","78° 4' 16.6""","99° 33' 47.6""","78° 4' 20.1""","99° 33' 58.5"""
479,HOODOO DOME H-37,300H377810099300,Suncor Energy Inc.,Abandoned,Exploratory Well,1969-12-20 0:00,1970-08-17 0:00,,"Nunavut Arctic Islands Onshore, Foxe Basin","78° 6' 27.1""","99° 45' 37.9""","78° 6' 30.6""","99° 45' 48.7"""
803,THOR H-28,300H287810103001,Suncor Energy Inc.,Abandoned,Delineation Well,1992-04-12 0:00,1992-04-20 0:00,,"Nunavut Arctic Islands Onshore, Foxe Basin","78° 7' 22.8""","103° 10' 33.4""","78° 7' 26.7""","103° 10' 44.6"""
714,THOR P-38,300P387810103001,Suncor Energy Inc.,Abandoned,Exploratory Well,1989-09-17 0:00,1989-09-17 0:00,,"Nunavut Arctic Islands Onshore, Foxe Basin","78° 7' 51.3""","103° 15' 13.9""","78° 7' 55.2""","103° 15' 25.0"""
842,ELVE PT. STRAT A-41,300A417820101300,Suncor Energy Inc.,Abandoned,Test Hole,1973-05-08 0:00,1973-05-14 0:00,,"Nunavut Arctic Islands Onshore, Foxe Basin","78° 10' 6.7""","101° 50' 13.2""","78° 10' 10.5""","101° 50' 24.3"""
1194,HOODOO N-52,300N527820099300,Suncor Energy Inc.,Abandoned,Exploratory Well,1981-09-29 0:00,1981-11-11 0:00,,"Nunavut Arctic Islands Onshore, Foxe Basin","78° 11' 59.3""","99° 58' 22.4""","78° 12' 2.9""","99° 58' 32.8"""
656,KRISTOFFER BAY B-06,300B067820102301,Suncor Energy Inc.,Abandoned,Exploratory Well,1992-04-06 0:00,1992-04-10 0:00,,"Nunavut Arctic Islands Onshore, Foxe Basin","78° 15' 1.1""","102° 32' 25.2""","78° 15' 5.0""","102° 32' 36.4"""
822,KRISTOFFER STRAT C-56,300C567820102000,Suncor Energy Inc.,Abandoned,Test Hole,1973-03-27 0:00,1973-04-07 0:00,,"Nunavut Arctic Islands Onshore, Foxe Basin","78° 15' 6.3""","102° 27' 54.4""","78° 15' 10.2""","102° 28' 5.6"""
813,KRISTOFFER STRAT H-17,300H177820102300,Suncor Energy Inc.,Abandoned,Test Hole,1973-03-10 0:00,1973-03-27 0:00,,"Nunavut Arctic Islands Onshore, Foxe Basin","78° 16' 21.6""","102° 35' 17.5""","78° 16' 25.6""","102° 35' 28.7"""
840,KRISTOFFER STRAT E-27,300E277820102000,Suncor Energy Inc.,Abandoned,Test Hole,1973-04-30 0:00,1973-05-07 0:00,,"Nunavut Arctic Islands Onshore, Foxe Basin","78° 16' 25.4""","102° 14' 51.6""","78° 16' 29.3""","102° 15' 2.8"""
832,KRISTOFFER STRAT I-47,300I477820102000,Suncor Energy Inc.,Abandoned,Test Hole,1973-04-17 0:00,1973-04-22 0:00,,"Nunavut Arctic Islands Onshore, Foxe Basin","78° 16' 31.3""","102° 20' 9.2""","78° 16' 35.2""","102° 20' 20.4"""
560,AMUND CENTRAL DOME H-40,300H407820096000,Suncor Energy Inc.,Abandoned,Exploratory Well,1970-11-10 0:00,1971-04-25 0:00,,"Nunavut Arctic Islands Onshore, Foxe Basin","78° 19' 28.3""","96° 15' 50.8""","78° 19' 31.6""","96° 15' 56.3"""
1109,NOICE D-41,300D417830104000,Suncor Energy Inc.,Abandoned,Exploratory Well,1978-11-04 0:00,1979-01-02 0:00,,"Nunavut Arctic Islands Onshore, Foxe Basin","78° 20' 3.6""","104° 24' 13.6""","78° 20' 7.8""","104° 24' 25.5"""
868,NOICE STRAT H-41,300H417830104000,Suncor Energy Inc.,Abandoned,Test Hole,1973-10-10 0:00,1973-10-25 0:00,,"Nunavut Arctic Islands Onshore, Foxe Basin","78° 20' 18.6""","104° 20' 48.6""","78° 20' 22.8""","104° 21' 0.4"""
998,MOCKLIN POINT D-23,300D237830104300,Suncor Energy Inc.,Abandoned,Exploratory Well,1975-06-05 0:00,1975-07-21 0:00,,"Nunavut Arctic Islands Onshore, Foxe Basin","78° 22' 8.0""","104° 44' 50.0""","78° 22' 12.2""","104° 45' 1.8"""
874,NOICE W. STRAT N-33,300N337830104300,Suncor Energy Inc.,Abandoned,Test Hole,1973-11-02 0:00,1973-11-07 0:00,,"Nunavut Arctic Islands Onshore, Foxe Basin","78° 22' 49.2""","104° 48' 33.5""","78° 22' 53.4""","104° 48' 45.3"""
873,NOICE W. STRAT B-24,300B247830104300,Suncor Energy Inc.,Abandoned,Test Hole,1973-10-27 0:00,1973-11-01 0:00,,"Nunavut Arctic Islands Onshore, Foxe Basin","78° 23' 2.9""","104° 41' 16.6""","78° 23' 7.1""","104° 41' 28.4"""
746,NOICE G-44,300G447830104000,Suncor Energy Inc.,Abandoned,Exploratory Well,1972-09-27 0:00,1972-10-29 0:00,,"Nunavut Arctic Islands Onshore, Foxe Basin","78° 23' 23.4""","104° 21' 39.3""","78° 23' 27.6""","104° 21' 51.0"""
712,WEST AMUND I-44,300I447830097300,Suncor Energy Inc.,Abandoned,Exploratory Well,1972-03-30 0:00,1972-04-21 0:00,,"Nunavut Arctic Islands Onshore, Foxe Basin","78° 23' 41.0""","97° 50' 16.0""","78° 23' 44.2""","97° 50' 22.4"""
733,DOME BAY P-36,300P367830103001,Suncor Energy Inc.,Abandoned,Exploratory Well,1985-09-18 0:00,1985-09-18 0:00,,"Nunavut Arctic Islands Onshore, Foxe Basin","78° 25' 52.4""","103° 15' 47.5""","78° 25' 56.5""","103° 15' 58.6"""
867,DOME BAY STRAT P-58,300P587830103000,Suncor Energy Inc.,Abandoned,Test Hole,1973-09-29 0:00,1973-10-07 0:00,,"Nunavut Arctic Islands Onshore, Foxe Basin","78° 27' 46.6""","103° 25' 5.2""","78° 27' 50.7""","103° 25' 16.1"""
680,DUMBBELLS E-49,300E497830100000,Suncor Energy Inc.,Abandoned,Exploratory Well,1972-01-10 0:00,1972-05-18 0:00,,"Nunavut Arctic Islands Onshore, Foxe Basin","78° 28' 24.2""","100° 24' 12.4""","78° 28' 27.8""","100° 24' 22.1"""
735,HELICOPTER J-12,300J127850100300,Suncor Energy Inc.,Abandoned,Exploratory Well,1972-06-03 0:00,1972-11-18 0:00,,"Nunavut Arctic Islands Onshore, Foxe Basin","78° 41' 33.2""","100° 36' 49.0""","78° 41' 36.9""","100° 36' 57.8"""
756,LOUISE O-25,300O257850102301,Suncor Energy Inc.,Abandoned,Exploratory Well,1984-01-01 0:00,1984-12-31 0:00,,"Nunavut Arctic Islands Onshore, Foxe Basin","78° 44' 57.0""","102° 41' 58.0""","78° 45' 0.8""","102° 42' 6.9"""
869,W. POLLUX E-59,300E597910105000,Suncor Energy Inc.,Abandoned,Exploratory Well,1973-10-13 0:00,1973-10-28 0:00,,"Nunavut Arctic Islands Onshore, Foxe Basin","79° 8' 24.1""","105° 29' 18.9""","79° 8' 27.7""","105° 29' 29.2"""
772,POLLUX G-60,300G607910104300,Suncor Energy Inc.,Abandoned,Exploratory Well,1972-12-27 0:00,1973-03-31 0:00,,"Nunavut Arctic Islands Onshore, Foxe Basin","79° 9' 23.5""","104° 57' 23.4""","79° 9' 27.2""","104° 57' 33.5"""
835,ISACHSEN J-37,300J377920105000,Suncor Energy Inc.,Abandoned,Exploratory Well,1973-04-22 0:00,1973-07-22 0:00,,"Nunavut Arctic Islands Onshore, Foxe Basin","79° 16' 39.6""","105° 16' 35.7""","79° 16' 43.3""","105° 16' 46.0"""
880,SIRIUS K-28,300K287920103300,Suncor Energy Inc.,Abandoned,Exploratory Well,1973-11-26 0:00,1974-02-27 0:00,,"Nunavut Arctic Islands Onshore, Foxe Basin","79° 17' 34.2""","103° 43' 37.9""","79° 17' 37.9""","103° 43' 47.6"""
853,MAY POINT H-02,300H027930085000,Suncor Energy Inc.,Abandoned,Exploratory Well,1973-06-13 0:00,1973-08-29 0:00,,"Nunavut Arctic Islands Onshore, Foxe Basin","79° 21' 23.9""","85° 0' 47.3""","79° 21' 27.5""","85° 0' 45.5"""
636,FOSHEIM N-27,300N277940084300,Suncor Energy Inc.,Abandoned,Exploratory Well,1971-03-25 0:00,1971-12-25 0:00,,"Nunavut Arctic Islands Onshore, Foxe Basin","79° 36' 54.2""","84° 43' 18.9""","79° 36' 57.8""","84° 43' 17.0"""
690,ROMULUS C-42,300C428000084001,Suncor Energy Inc.,Abandoned,Exploratory Well,1985-09-18 0:00,1985-09-18 0:00,,"Nunavut Arctic Islands Onshore, Foxe Basin","79° 51' 4.7""","84° 22' 41.9""","79° 51' 8.3""","84° 22' 39.9"""
872,TALEMEN J-34,300J348000083300,Suncor Energy Inc.,Abandoned,Exploratory Well,1973-10-28 0:00,1974-02-05 0:00,,"Nunavut Arctic Islands Onshore, Foxe Basin","79° 53' 40.7""","83° 46' 52.8""","79° 53' 44.3""","83° 46' 50.5"""
748,GEMINI E-10,300E108000084000,Suncor Energy Inc.,Abandoned,Exploratory Well,1972-10-14 0:00,1973-03-15 0:00,,"Nunavut Arctic Islands Onshore, Foxe Basin","79° 59' 22.0""","84° 4' 10.0""","79° 59' 25.6""","84° 4' 7.9"""
831,HALCYON O-16,300O168020084000,Suncor Energy Inc.,Abandoned,Exploratory Well,1973-04-12 0:00,1973-05-19 0:00,,"Nunavut Arctic Islands Onshore, Foxe Basin","80° 15' 53.2""","84° 6' 39.9""","80° 15' 56.9""","84° 6' 37.8"""
1020,W. HECLA P-62,300P627630110300,Suncor Energy Inc.,Abandoned,Delineation Well,1976-01-07 0:00,1976-02-26 0:00,,NWT Arctic Islands Offshore,"76° 21' 51.0""","110° 52' 35.0""","76° 21' 53.7""","110° 52' 43.8"""
913,W. HECLA N-52,300N527630110300,Suncor Energy Inc.,Abandoned,Delineation Well,1974-03-05 0:00,1974-04-15 0:00,,NWT Arctic Islands Offshore,"76° 21' 53.2""","110° 50' 53.0""","76° 21' 55.9""","110° 51' 1.8"""
1092,GRASSY I-34,300I347630113000,Suncor Energy Inc.,Abandoned,Exploratory Well,1978-03-11 0:00,1978-04-18 0:00,,NWT Arctic Islands Offshore,"76° 23' 43.4""","113° 11' 22.4""","76° 23' 46.0""","113° 11' 32.1"""
1024,N.W. HECLA M-25,300M257630111000,Suncor Energy Inc.,Abandoned,Delineation Well,1976-03-14 0:00,1976-04-18 0:00,,NWT Arctic Islands Offshore,"76° 24' 54.4""","111° 11' 13.2""","76° 24' 57.1""","111° 11' 22.1"""
975,CASTEL BAY C-68,300C687410120300,Suncor Energy Inc.,Abandoned,Exploratory Well,1975-01-29 0:00,1975-04-05 0:00,,NWT Arctic Islands Onshore,"74° 7' 11.0""","120° 49' 59.0""","74° 7' 13.0""","120° 50' 10.1"""
1015,BAR HARBOUR E-76,300E767420123300,Suncor Energy Inc.,Abandoned,Exploratory Well,1975-11-24 0:00,1976-01-02 0:00,,NWT Arctic Islands Onshore,"74° 15' 27.0""","123° 53' 50.0""","74° 15' 28.8""","123° 54' 2.2"""
744,DUNDAS C-80,300C807440113000,Suncor Energy Inc.,Abandoned,Exploratory Well,1972-10-14 0:00,1973-01-19 0:00,,NWT Arctic Islands Onshore,"74° 39' 2.0""","113° 22' 59.8""","74° 39' 4.3""","113° 23' 8.6"""
1011,SABINE BAY A-07,300A077530110000,Suncor Energy Inc.,Abandoned,Exploratory Well,1975-10-23 0:00,1976-02-24 0:00,,NWT Arctic Islands Onshore,"75° 26' 6.0""","110° 0' 50.0""","75° 26' 8.5""","110° 0' 58.0"""
843,APOLLO C-73,300C737540111300,Suncor Energy Inc.,Abandoned,Exploratory Well,1973-05-13 0:00,1973-08-10 0:00,,NWT Arctic Islands Onshore,"75° 32' 0.0""","111° 58' 58.0""","75° 32' 2.5""","111° 59' 6.8"""
955,PEDDER POINT D-49,300D497540118300,Suncor Energy Inc.,Abandoned,Exploratory Well,1974-10-12 0:00,1974-11-10 0:00,,NWT Arctic Islands Onshore,"75° 38' 9.0""","118° 48' 16.0""","75° 38' 11.3""","118° 48' 27.1"""
841,ZEUS F-11,300F117600113300,Suncor Energy Inc.,Abandoned,Exploratory Well,1973-05-02 0:00,1973-05-27 0:00,,NWT Arctic Islands Onshore,"75° 50' 22.6""","113° 36' 24.5""","75° 50' 25.1""","113° 36' 34.0"""
934,EGLINTON P-24,300P247600118000,Suncor Energy Inc.,Abandoned,Exploratory Well,1974-06-06 0:00,1974-07-03 0:00,,NWT Arctic Islands Onshore,"75° 53' 53.0""","118° 7' 39.0""","75° 53' 55.4""","118° 7' 50.1"""
799,HECLA I-69,300I697620110001,Suncor Energy Inc.,Abandoned,Delineation Well,1991-05-16 0:00,1991-05-16 0:00,,NWT Arctic Islands Onshore,"76° 18' 36.6""","110° 23' 15.2""","76° 18' 39.3""","110° 23' 23.7"""
540,HECLA J-60,300J607620110000,Suncor Energy Inc.,Abandoned,Exploratory Well,1970-05-31 0:00,1970-09-16 0:00,,NWT Arctic Islands Onshore,"76° 19' 37.9""","110° 19' 49.1""","76° 19' 40.6""","110° 19' 57.6"""
470,MARIE BAY D-02,300D027630115300,Suncor Energy Inc.,Abandoned,Exploratory Well,1969-08-13 0:00,1969-09-24 0:00,,NWT Arctic Islands Onshore,"76° 21' 1.1""","115° 33' 31.2""","76° 21' 3.6""","115° 33' 41.8"""
1013,E. HECLA C-32,300C327630110002,Suncor Energy Inc.,Abandoned,Delineation Well,1995-10-01 0:00,1995-10-04 0:00,,NWT Arctic Islands Onshore,"76° 21' 9.4""","110° 13' 46.2""","76° 21' 12.1""","110° 13' 54.7"""
754,E. HECLA F-62,300F627630110002,Suncor Energy Inc.,Abandoned,Exploratory Well,1995-10-01 0:00,1995-10-05 0:00,,NWT Arctic Islands Onshore,"76° 21' 15.9""","110° 24' 38.5""","76° 21' 18.6""","110° 24' 47.1"""
1073,DEPOT ISLAND C-44,300C447630114000,Suncor Energy Inc.,Abandoned,Exploratory Well,1977-04-19 0:00,1977-06-10 0:00,,NWT Arctic Islands Onshore,"76° 23' 14.5""","114° 17' 44.7""","76° 23' 17.1""","114° 17' 54.9"""
1033,W. HECLA C-05,300C057630110300,Suncor Energy Inc.,Abandoned,Delineation Well,1976-04-28 0:00,1976-05-16 0:00,,NWT Arctic Islands Onshore,"76° 24' 9.0""","110° 31' 55.0""","76° 24' 11.7""","110° 32' 3.6"""
462,SANDY POINT L-46,300L467630115000,Suncor Energy Inc.,Abandoned,Exploratory Well,1969-05-09 0:00,1969-08-02 0:00,,NWT Arctic Islands Onshore,"76° 25' 38.4""","115° 18' 14.2""","76° 25' 41.0""","115° 18' 24.7"""
657,BROCK C-50,300C507750114000,Suncor Energy Inc.,Abandoned,Exploratory Well,1971-11-12 0:00,1972-03-22 0:00,,NWT Arctic Islands Onshore,"77° 49' 0.1""","114° 17' 24.1""","77° 49' 2.9""","114° 17' 35.6"""
719,BROCK I-20,300I207800114300,Suncor Energy Inc.,Abandoned,Exploratory Well,1972-04-14 0:00,1972-06-28 0:00,,NWT Arctic Islands Onshore,"77° 59' 40.0""","114° 33' 51.0""","77° 59' 42.9""","114° 34' 2.8"""
1942,KUGPIK L-46,300L466900135150,Suncor Energy Inc.,Abandoned,Exploratory Well,2009-09-09 0:00,2009-09-12 0:00,,NWT Mackenzie Delta,"68° 55' 41.5""","135° 27' 12.9""","68° 55' 41.1""","135° 27' 22.5"""
1901,KURK M-15,300M156910135151,Suncor Energy Inc.,Abandoned,Exploratory Well,2002-01-07 0:00,2002-02-16 0:00,,NWT Mackenzie Delta,"69° 4' 51.3""","135° 19' 23.7""","69° 4' 51.0""","135° 19' 33.5"""
1977,NUNA I-30,300I306910133150,Suncor Energy Inc.,Abandoned,Exploratory Well,2009-09-15 0:00,2009-09-17 0:00,,NWT Mackenzie Delta,"69° 9' 34.5""","133° 20' 9.0""","69° 9' 34.3""","133° 20' 18.8"""
1668,N. CAMERON HILLS C-24,300C246010116450,Suncor Energy Inc.,Abandoned,Exploratory Well,1987-08-26 0:00,1987-09-14 0:00,,NWT Mainland,"60° 3' 12.3""","116° 50' 2.9""","60° 3' 12.7""","116° 50' 7.9"""
1752,ISLAND LAKE N-45,300N456010120450,Suncor Energy Inc.,Abandoned,Exploratory Well,1990-02-21 0:00,1990-03-07 0:00,,NWT Mainland,"60° 4' 56.4""","120° 53' 33.7""","60° 4' 56.5""","120° 53' 39.7"""
1745,SWEDE E-02,300E026020117300,Suncor Energy Inc.,Abandoned,Exploratory Well,1990-01-19 0:00,1990-02-17 0:00,,NWT Mainland,"60° 11' 26.0""","117° 31' 24.7""","60° 11' 26.4""","117° 31' 29.8"""
611,N CAMERON HILLS M-05,300M056020118150,Suncor Energy Inc.,Abandoned,Exploratory Well,1971-02-26 0:00,1971-03-21 0:00,,NWT Mainland,"60° 14' 57.5""","118° 16' 47.0""","60° 14' 57.8""","118° 16' 52.2"""
897,N. TATHLINA I-72,300I726030118000,Suncor Energy Inc.,Abandoned,Exploratory Well,1974-01-26 0:00,1974-02-09 0:00,,NWT Mainland,"60° 21' 30.5""","118° 13' 17.0""","60° 21' 30.9""","118° 13' 22.2"""
905,N TATHLINA 2I-72,302I726030118000,Suncor Energy Inc.,Abandoned,Exploratory Well,1974-02-12 0:00,1974-03-05 0:00,,NWT Mainland,"60° 21' 30.5""","118° 13' 17.0""","60° 21' 30.9""","118° 13' 22.2"""
798,ALEXANDRA O-54,300O546030117450,Suncor Energy Inc.,Abandoned,Exploratory Well,1973-02-22 0:00,1973-03-10 0:00,,NWT Mainland,"60° 23' 48.0""","117° 55' 10.0""","60° 23' 48.4""","117° 55' 15.2"""
487,CARLSON LK A-50,300A506230123450,Suncor Energy Inc.,Abandoned,Exploratory Well,1970-01-17 0:00,1970-03-11 0:00,,NWT Mainland,"62° 29' 8.0""","123° 52' 40.0""","62° 29' 8.3""","123° 52' 45.7"""
2050,BLACKWATER KWIJIKA M-59,300M596440122300,Suncor Energy Inc.,Abandoned,Exploratory Well,2008-02-11 0:00,2008-03-04 0:00,,NWT Mainland,"64° 38' 45.3""","122° 40' 56.8""","64° 38' 45.8""","122° 41' 2.8"""
1583,KALO B-62,300B626520125150,Suncor Energy Inc.,Abandoned,Exploratory Well,1986-01-24 0:00,1986-03-18 0:00,,NWT Mainland,"65° 11' 2.6""","125° 27' 4.9""","65° 11' 3.0""","125° 27' 11.3"""
1463,MORROW CREEK J-71,300J716530127150,Suncor Energy Inc.,Abandoned,Exploratory Well,1984-12-04 0:00,1984-12-26 0:00,,NWT Mainland,"65° 20' 43.7""","127° 28' 41.7""","65° 20' 43.9""","127° 28' 48.5"""
1369,HOOSIER RIDGE N-22,300N226530127302,Suncor Energy Inc.,Abandoned,Exploratory Well,1985-02-24 0:00,1985-02-26 0:00,,NWT Mainland,"65° 21' 56.6""","127° 34' 48.7""","65° 21' 56.8""","127° 34' 55.6"""
1386,SAMMONS H-55,300H556530128150,Suncor Energy Inc.,Abandoned,Exploratory Well,1984-03-14 0:00,1984-05-20 0:00,,NWT Mainland,"65° 24' 27.6""","128° 24' 45.2""","65° 24' 27.8""","128° 24' 52.1"""
353,OSCAR CREEK H-77,300H776530127150,Suncor Energy Inc.,Abandoned,Exploratory Well,1967-07-20 0:00,1967-08-08 0:00,,NWT Mainland,"65° 26' 22.0""","127° 28' 15.0""","65° 26' 22.3""","127° 28' 21.9"""
360,JUDILE O-17,300O176530127300,Suncor Energy Inc.,Abandoned,Exploratory Well,1967-08-24 0:00,1967-09-10 0:00,,NWT Mainland,"65° 26' 53.0""","127° 32' 35.0""","65° 26' 53.3""","127° 32' 41.9"""
356,JUDILE O-41,300O416540127300,Suncor Energy Inc.,Abandoned,Exploratory Well,1967-08-09 0:00,1967-08-21 0:00,,NWT Mainland,"65° 30' 45.0""","127° 38' 0.0""","65° 30' 45.3""","127° 38' 6.9"""
709,WEST WHITEFISH RIVER H-34,300H346540124300,Suncor Energy Inc.,Abandoned,Exploratory Well,1972-03-14 0:00,1972-04-13 0:00,,NWT Mainland,"65° 33' 24.0""","124° 35' 45.0""","65° 33' 24.4""","124° 35' 51.5"""
692,LOST HILL LAKE F-62,300F626550123000,Suncor Energy Inc.,Abandoned,Exploratory Well,1972-02-02 0:00,1972-03-07 0:00,,NWT Mainland,"65° 41' 23.0""","123° 12' 30.0""","65° 41' 23.5""","123° 12' 36.4"""
663,MOUNTAIN RIVER H-47,300H476550129000,Suncor Energy Inc.,Abandoned,Exploratory Well,1971-12-03 0:00,1972-01-13 0:00,,NWT Mainland,"65° 46' 23.0""","129° 7' 50.0""","65° 46' 23.1""","129° 7' 57.2"""
318,SHOALS C-31,300C316600128450,Suncor Energy Inc.,Abandoned,Exploratory Well,1966-04-18 0:00,1966-05-22 0:00,,NWT Mainland,"65° 50' 7.5""","128° 51' 45.0""","65° 50' 7.6""","128° 51' 52.2"""
687,HUME RIVER D-53,300D536600129000,Suncor Energy Inc.,Abandoned,Exploratory Well,1972-01-20 0:00,1972-02-11 0:00,,NWT Mainland,"65° 52' 3.0""","129° 11' 0.0""","65° 52' 3.1""","129° 11' 7.2"""
306,BEAVERTAIL G-26,300G266600128300,Suncor Energy Inc.,Abandoned,Exploratory Well,1966-02-18 0:00,1966-04-05 0:00,,NWT Mainland,"65° 55' 25.0""","128° 34' 25.0""","65° 55' 25.2""","128° 34' 32.2"""
895,SAINVILLE RIVER D-08,300D086620133300,Suncor Energy Inc.,Abandoned,Exploratory Well,1974-01-09 0:00,1974-03-06 0:00,,NWT Mainland,"66° 17' 7.0""","133° 31' 39.0""","66° 17' 6.5""","133° 31' 47.0"""
291,MANITOU LAKE L-61,300L616630128450,Suncor Energy Inc.,Abandoned,Exploratory Well,1965-11-19 0:00,1966-02-05 0:00,,NWT Mainland,"66° 20' 40.0""","128° 58' 0.0""","66° 20' 40.1""","128° 58' 7.4"""
184,S.W. AIRPORT CREEK NO.1(D-72),300D726630129000,Suncor Energy Inc.,Abandoned,Exploratory Well,1960-11-21 0:00,1960-12-15 0:00,,NWT Mainland,"66° 21' 10.0""","129° 14' 44.0""","66° 21' 10.1""","129° 14' 51.5"""
221,ARCTIC CIRCLE ONTARATUE H-34,300H346630132000,Suncor Energy Inc.,Abandoned,Exploratory Well,1963-12-20 0:00,1964-04-01 0:00,,NWT Mainland,"66° 23' 22.5""","132° 5' 51.5""","66° 23' 22.3""","132° 5' 59.4"""
185,N.CIRCLE RIVER NO.1(A-37),300A376630129300,Suncor Energy Inc.,Abandoned,Exploratory Well,1960-12-21 0:00,1961-01-23 0:00,,NWT Mainland,"66° 26' 9.5""","129° 35' 53.0""","66° 26' 9.6""","129° 36' 0.5"""
192,CIRCLE RIVER NO.1(K-47),300K476630130000,Suncor Energy Inc.,Abandoned,Exploratory Well,1961-01-26 0:00,1961-02-25 0:00,,NWT Mainland,"66° 26' 38.0""","130° 8' 50.0""","66° 26' 38.1""","130° 8' 57.6"""
236,ARCTIC CIRCLE ONTARATUE K-04,300K046640130450,Suncor Energy Inc.,Abandoned,Exploratory Well,1964-11-14 0:00,1965-02-23 0:00,,NWT Mainland,"66° 33' 37.5""","130° 46' 10.3""","66° 33' 37.5""","130° 46' 18.1"""
1579,NOGHA O-47,300O476640125450,Suncor Energy Inc.,Abandoned,Exploratory Well,1986-01-13 0:00,1986-02-17 0:00,,NWT Mainland,"66° 36' 52.2""","125° 53' 18.9""","66° 36' 52.6""","125° 53' 26.0"""
1605,N.W. TWEED LAKE C-12,300C126710126000,Suncor Energy Inc.,Abandoned,Exploratory Well,1986-02-25 0:00,1986-04-01 0:00,,NWT Mainland,"67° 1' 1.9""","126° 3' 3.4""","67° 1' 2.4""","126° 3' 10.8"""
320,LITTLE CHICAGO N-32,300N326720130000,Suncor Energy Inc.,Abandoned,Exploratory Well,1966-06-16 0:00,1966-07-18 0:00,,NWT Mainland,"67° 11' 46.0""","130° 6' 55.0""","67° 11' 46.1""","130° 7' 3.0"""
1087,N. COLVILLE L-21,300L216750126000,Suncor Energy Inc.,Abandoned,Exploratory Well,1978-01-27 0:00,1978-03-28 0:00,,NWT Mainland,"67° 40' 37.0""","126° 5' 37.0""","67° 40' 37.5""","126° 5' 44.8"""
1497,KAHBAMI H-56,300H566750127150,Suncor Energy Inc.,Abandoned,Exploratory Well,1985-03-05 0:00,1985-04-08 0:00,,NWT Mainland,"67° 45' 27.4""","127° 24' 49.4""","67° 45' 27.8""","127° 24' 57.3"""
943,SMOKING HILLS A-23,300A236930126150,Suncor Energy Inc.,Abandoned,Exploratory Well,1974-08-04 0:00,1974-08-22 0:00,,NWT Mainland,"69° 22' 6.0""","126° 20' 30.0""","69° 22' 6.7""","126° 20' 39.0"""
790,TATHLINA N-18,300N186020118000,Suncor Energy Inc.,Abandoned,Exploratory Well,1973-01-28 0:00,1973-02-19 0:00,,NWT Mainland,"60° 17' 46.0""","118° 3' 0.0""","60° 17' 46.4""","118° 3' 5.2"""
665,RUSSELL E-82,300E827400098300,Sunoco E&P Limited,Abandoned,Exploratory Well,1971-12-07 0:00,1972-01-27 0:00,A383,"Nunavut Arctic Islands Onshore, Foxe Basin","73° 51' 29.4""","98° 56' 48.9""","73° 51' 32.0""","98° 56' 51.5"""
812,LINCKENS ISLAND P-46,300P467750097300,Sunoco E&P Limited,Abandoned,Exploratory Well,1973-03-06 0:00,1973-05-12 0:00,A2003,"Nunavut Arctic Islands Onshore, Foxe Basin","77° 45' 47.0""","97° 45' 26.5""","77° 45' 50.3""","97° 45' 32.9"""
916,ELVE M-40,300M407810101300,Sunoco E&P Limited,Abandoned,Exploratory Well,1974-03-21 0:00,1974-05-19 0:00,A2522,"Nunavut Arctic Islands Onshore, Foxe Basin","78° 9' 59.0""","101° 49' 43.0""","78° 10' 2.8""","101° 49' 54.1"""
1150,BOVIE LAKE M-78,300M786020122450,Texaco Canada Inc.,Abandoned,Exploratory Well,1980-01-20 0:00,1980-03-28 0:00,,NWT Mainland,"60° 17' 52.5""","122° 59' 45.9""","60° 17' 52.7""","122° 59' 51.3"""
1008,KING POINT WEST B-53,300B537540108000,Texaco Canada Resources Ltd.,Abandoned,Exploratory Well,1975-09-23 0:00,1976-01-02 0:00,A629,"Nunavut Arctic Islands Onshore, Foxe Basin","75° 32' 3.0""","108° 20' 27.0""","75° 32' 5.6""","108° 20' 34.4"""
133,BOVIE LAKE NO.1 (B-73),300B736010122450,Texaco Canada Resources Ltd.,Abandoned,Exploratory Well,1957-01-21 0:00,1957-03-01 0:00,227,NWT Mainland,"60° 2' 9.0""","122° 58' 36.0""","60° 2' 9.2""","122° 58' 41.8"""
299,BOVIE LAKE J-72,300J726020122452,Texaco Canada Resources Ltd.,Abandoned,Exploratory Well,1987-02-07 0:00,1987-02-13 0:00,8-59,NWT Mainland,"60° 11' 39.0""","122° 58' 44.0""","60° 11' 39.1""","122° 58' 49.6"""
418,RAM PLATEAU N-44,300N446200123450,Texaco Canada Resources Ltd.,Abandoned,Exploratory Well,1968-12-20 0:00,1969-01-12 0:00,4632,NWT Mainland,"61° 53' 47.0""","123° 53' 36.0""","61° 53' 47.3""","123° 53' 41.9"""
424,NORTH NAHANNI N-42,300N426210124000,Texaco Canada Resources Ltd.,Abandoned,Exploratory Well,1969-01-19 0:00,1969-02-16 0:00,4634,NWT Mainland,"62° 1' 54.0""","124° 8' 36.0""","62° 1' 54.2""","124° 8' 42.0"""
442,IVERSON LAKE M-69,300M696230124150,Texaco Canada Resources Ltd.,Abandoned,Exploratory Well,1969-02-21 0:00,1969-03-27 0:00,3379,NWT Mainland,"62° 28' 57.5""","124° 27' 59.2""","62° 28' 57.7""","124° 28' 5.2"""
212,NICHOLSON N-45,300N457000128450,Texaco Canada Resources Ltd.,Abandoned,Exploratory Well,1962-10-30 0:00,1962-11-07 0:00,3090,NWT Mainland,"69° 54' 59.0""","128° 56' 18.8""","69° 54' 59.3""","128° 56' 28.5"""
211,NICHOLSON G-56,300G567000128450,Texaco Canada Resources Ltd.,Abandoned,Exploratory Well,1962-09-04 0:00,1962-09-19 0:00,3090,NWT Mainland,"69° 55' 28.8""","128° 58' 34.1""","69° 55' 29.1""","128° 58' 43.8"""
410,PEEL RIVER YT N-77,300N776600134152,Toltec Mines Limited,Abandoned,Exploratory Well,1970-06-21 0:00,1970-06-23 0:00,5714,Yukon,"65° 56' 46.0""","134° 29' 12.0""","65° 56' 45.5""","134° 29' 20.0"""
899,CARCAJOU J-27,300J276540128300,Trans-Prairie Pipelines Ltd,Abandoned,Exploratory Well,1974-02-01 0:00,1974-02-27 0:00,540,NWT Mainland,"65° 36' 38.0""","128° 34' 26.0""","65° 36' 38.1""","128° 34' 33.0"""
476,CARCAJOU L-24,300L246540128450,Triad Oil Company Ltd,Abandoned,Exploratory Well,1969-12-10 0:00,1970-01-26 0:00,3668,NWT Mainland,"65° 33' 34.0""","128° 50' 20.0""","65° 33' 34.1""","128° 50' 27.0"""
503,HUME R. O-62,300O626600129000,Triad Oil Company Ltd,Abandoned,Exploratory Well,1970-02-09 0:00,1970-03-15 0:00,3290,NWT Mainland,"65° 51' 46.0""","129° 12' 4.0""","65° 51' 46.1""","129° 12' 11.2"""
460,HUME R. A-53,300A536610129000,Triad Oil Company Ltd,Abandoned,Exploratory Well,1969-07-04 0:00,1969-07-26 0:00,1273,NWT Mainland,"66° 2' 12.0""","129° 9' 46.0""","66° 2' 12.1""","129° 9' 53.3"""
218,BATHURST CALEDONIAN R. J-34,300J347540098300,United Canso Oil & Gas Ltd,Abandoned,Exploratory Well,1963-09-24 0:00,1964-02-19 0:00,A-396,"Nunavut Arctic Islands Onshore, Foxe Basin","75° 33' 31.0""","98° 43' 0.0""","75° 33' 33.9""","98° 43' 3.7"""
509,GRUMBLER J-13,300J136020116150,United Canso Oil & Gas Ltd,Abandoned,Exploratory Well,1970-02-23 0:00,1970-03-12 0:00,4588,NWT Mainland,"60° 12' 43.0""","116° 17' 40.0""","60° 12' 43.4""","116° 17' 45.1"""
777,AKLAVIK F-17,300F176810135000,Unocal Canada Limited,Abandoned,Exploratory Well,1973-01-06 0:00,1973-02-08 0:00,3880,NWT Mackenzie Delta,"68° 6' 20.0""","135° 4' 0.0""","68° 6' 19.5""","135° 4' 9.1"""
817,AKLAVIK F-38,300F386810135000,Unocal Canada Limited,Abandoned,Exploratory Well,1973-03-17 0:00,1973-06-11 0:00,3880,NWT Mackenzie Delta,"68° 7' 15.0""","135° 9' 11.0""","68° 7' 14.5""","135° 9' 20.1"""
612,S. CELIBETA J-13,300J136010122150,Unocal Canada Limited,Abandoned,Exploratory Well,1971-02-27 0:00,1971-03-19 0:00,55669,NWT Mainland,"60° 2' 44.0""","122° 17' 29.0""","60° 2' 43.8""","122° 17' 35.1"""
300,TRAINOR K-30,300K306010121000,Unocal Canada Limited,Abandoned,Exploratory Well,1966-02-08 0:00,1966-03-19 0:00,2709,NWT Mainland,"60° 9' 31.0""","121° 4' 45.0""","60° 9' 31.1""","121° 4' 50.9"""
294,TRAINOR K-70,300K706010120150,Unocal Canada Limited,Abandoned,Exploratory Well,1966-01-10 0:00,1966-02-21 0:00,2706,NWT Mainland,"60° 9' 40.0""","120° 27' 36.0""","60° 9' 40.2""","120° 27' 41.8"""
425,TRAINOR O-72,300O726020120000,Unocal Canada Limited,Abandoned,Exploratory Well,1969-01-19 0:00,1969-03-01 0:00,2696,NWT Mainland,"60° 11' 48.0""","120° 13' 50.0""","60° 11' 48.2""","120° 13' 55.6"""
323,TRAINOR E-35,300E356020120150,Unocal Canada Limited,Abandoned,Exploratory Well,1966-12-20 0:00,1967-01-30 0:00,2697,NWT Mainland,"60° 14' 21.0""","120° 22' 29.0""","60° 14' 21.2""","120° 22' 34.7"""
374,TRAINOR H-28,300H286020120300,Unocal Canada Limited,Abandoned,Exploratory Well,1968-01-23 0:00,1968-02-22 0:00,2698,NWT Mainland,"60° 17' 16.0""","120° 34' 10.0""","60° 17' 16.2""","120° 34' 15.8"""
1700,ALEXANDRA FALLS NO.3(B-05),300B056030116300,Unocal Canada Limited,Abandoned,Test Hole,1955-02-06 0:00,1955-02-13 0:00,637,NWT Mainland,"60° 24' 10.0""","116° 30' 30.0""","60° 24' 10.4""","116° 30' 35.0"""
1699,ALEXANDRA FALLS NO.2(F-35),300F356030116150,Unocal Canada Limited,Abandoned,Test Hole,1955-02-01 0:00,1955-02-05 0:00,637,NWT Mainland,"60° 24' 20.0""","116° 21' 50.0""","60° 24' 20.4""","116° 21' 55.0"""
1701,ALEXANDRA FALLS NO.4(K-16),300K166030116000,Unocal Canada Limited,Abandoned,Test Hole,1955-02-13 0:00,1955-02-17 0:00,637,NWT Mainland,"60° 25' 35.0""","116° 3' 0.0""","60° 25' 35.4""","116° 3' 4.9"""
1698,ALEXANDRA FALLS NO.1(H-38),300H386030116150,Unocal Canada Limited,Abandoned,Test Hole,1955-01-14 0:00,1955-01-31 0:00,637,NWT Mainland,"60° 27' 15.0""","116° 21' 0.0""","60° 27' 15.4""","116° 21' 5.0"""
296,TRAINOR L-59,300L596030120300,Unocal Canada Limited,Abandoned,Exploratory Well,1966-01-21 0:00,1966-02-28 0:00,2690,NWT Mainland,"60° 28' 33.0""","120° 40' 50.0""","60° 28' 33.2""","120° 40' 55.6"""
1702,ALEXANDRA FALLS NO.5(A-60),300A606030116000,Unocal Canada Limited,Abandoned,Test Hole,1955-02-18 0:00,1955-02-21 0:00,637,NWT Mainland,"60° 29' 0.0""","116° 9' 30.0""","60° 29' 0.4""","116° 9' 34.9"""
1703,ALEXANDRA FALLS #6 D-44,300D446040116000,Unocal Canada Limited,Abandoned,Test Hole,1955-02-23 0:00,1955-03-07 0:00,637,NWT Mainland,"60° 33' 5.0""","116° 9' 15.0""","60° 33' 5.4""","116° 9' 19.9"""
391,TROUT RIVER O-80,300O806050120150,Unocal Canada Limited,Abandoned,Exploratory Well,1968-02-27 0:00,1968-03-17 0:00,NWT52,NWT Mainland,"60° 49' 46.0""","120° 28' 50.0""","60° 49' 46.3""","120° 28' 55.4"""
704,BLACKWATER E-11,300E116350123000,Unocal Canada Limited,Abandoned,Exploratory Well,1972-02-22 0:00,1972-04-04 0:00,4898,NWT Mainland,"63° 40' 20.0""","123° 3' 30.0""","63° 40' 20.4""","123° 3' 36.0"""
963,GOOD HOPE A-40,300A406630124300,Unocal Canada Limited,Abandoned,Exploratory Well,1974-12-15 0:00,1975-01-28 0:00,,NWT Mainland,"66° 29' 10.0""","124° 35' 52.0""","66° 29' 10.5""","124° 35' 58.9"""
896,E. MAUNOIR M-48,300M486700124150,Unocal Canada Limited,Abandoned,Exploratory Well,1974-01-21 0:00,1974-03-18 0:00,6601,NWT Mainland,"66° 57' 54.0""","124° 24' 0.0""","66° 57' 54.6""","124° 24' 7.1"""
678,MCPHERSON B-25,300B256720135301,Unocal Canada Limited,Abandoned,Exploratory Well,1972-12-06 0:00,1973-03-12 0:00,6239,NWT Mainland,"67° 14' 0.8""","135° 34' 22.4""","67° 14' 0.2""","135° 34' 31.1"""
824,LAC MAUNOIR D-45,300D456720125000,Unocal Canada Limited,Abandoned,Exploratory Well,1973-03-29 0:00,1973-05-07 0:00,5499,NWT Mainland,"67° 14' 8.6""","125° 9' 20.9""","67° 14' 9.2""","125° 9' 28.2"""
979,STOPOVER K-44,300K446740123300,Unocal Canada Limited,Abandoned,Exploratory Well,1975-02-15 0:00,1975-03-24 0:00,6573,NWT Mainland,"67° 33' 31.0""","123° 38' 32.0""","67° 33' 31.7""","123° 38' 39.4"""
904,WOLVERINE H-34,300H346830130300,Unocal Canada Limited,Abandoned,Exploratory Well,1974-02-05 0:00,1974-04-02 0:00,4479,NWT Mainland,"68° 23' 19.0""","130° 38' 0.0""","68° 23' 19.1""","130° 38' 8.9"""
1153,SILT LAKE G-62,300G626010119000,Westcoast Petroleum Ltd.,Abandoned,Exploratory Well,1980-01-27 0:00,1980-02-27 0:00,2804,NWT Mainland,"60° 1' 29.2""","119° 12' 9.8""","60° 1' 29.5""","119° 12' 15.1"""
785,PORCUPINE Y.T. F-72,300F726740137450,Westcoast Petroleum Ltd.,Abandoned,Exploratory Well,1973-01-17 0:00,1974-04-06 0:00,5885,Yukon,"67° 31' 23.0""","137° 59' 6.0""","67° 31' 22.3""","137° 59' 15.0"""
664,WRIGLEY I-54,300I546320123450,Western Decalta Petroleum Ltd.,Abandoned,Exploratory Well,1971-12-06 0:00,1972-02-05 0:00,5516,NWT Mainland,"63° 13' 33.0""","123° 54' 32.0""","63° 13' 33.3""","123° 54' 38.0"""
809,JOHNSON A-12,300A126340124000,Western Decalta Petroleum Ltd.,Abandoned,Exploratory Well,1973-03-09 0:00,1973-04-11 0:00,5518,NWT Mainland,"63° 31' 2.0""","124° 2' 15.0""","63° 31' 2.3""","124° 2' 21.1"""
659,DAHADINNI D-65,300D656400124150,Western Decalta Petroleum Ltd.,Abandoned,Exploratory Well,1971-11-27 0:00,1972-01-24 0:00,5361,NWT Mainland,"63° 54' 12.0""","124° 27' 55.0""","63° 54' 12.3""","124° 28' 1.2"""
695,KEELE S. A-28,300A286410125000,Western Decalta Petroleum Ltd.,Abandoned,Exploratory Well,1972-02-09 0:00,1972-05-20 0:00,5418,NWT Mainland,"64° 7' 3.0""","125° 4' 10.0""","64° 7' 3.3""","125° 4' 16.4"""
778,REDSTONE P-78,300P786410124150,Western Decalta Petroleum Ltd.,Abandoned,Exploratory Well,1973-01-07 0:00,1973-02-13 0:00,5520,NWT Mainland,"64° 7' 57.0""","124° 28' 15.0""","64° 7' 57.3""","124° 28' 21.2"""
564,KEELE RIVER I-01,300I016430125000,Western Decalta Petroleum Ltd.,Abandoned,Exploratory Well,1970-12-03 0:00,1971-01-09 0:00,5424,NWT Mainland,"64° 20' 40.1""","125° 0' 7.3""","64° 20' 40.4""","125° 0' 13.6"""
864,KEELE N-62,300N626430124450,Western Decalta Petroleum Ltd.,Abandoned,Exploratory Well,1973-09-20 0:00,1973-10-21 0:00,5423,NWT Mainland,"64° 21' 48.0""","124° 57' 12.0""","64° 21' 48.3""","124° 57' 18.3"""
743,ONTARATUE I-38,300I386620131450,Western Decalta Petroleum Ltd.,Abandoned,Exploratory Well,1972-09-09 0:00,1972-11-06 0:00,4814,NWT Mainland,"66° 17' 40.0""","131° 51' 0.0""","66° 17' 39.8""","131° 51' 7.8"""
160,ROND LAKE NO.1(P-75),300P756710128150,Western Decalta Petroleum Ltd.,Abandoned,Exploratory Well,1960-01-07 0:00,1960-02-17 0:00,1484,NWT Mainland,"67° 4' 47.9""","128° 28' 28.1""","67° 4' 48.1""","128° 28' 35.8"""
167,ROND LAKE NO.2(F-56),300F566710128150,Western Decalta Petroleum Ltd.,Abandoned,Exploratory Well,1960-02-19 0:00,1960-03-05 0:00,1484,NWT Mainland,"67° 5' 27.0""","128° 25' 42.0""","67° 5' 27.2""","128° 25' 49.7"""
179,ROND LAKE NO.5(B-57),300B576710128150,Western Decalta Petroleum Ltd.,Abandoned,Exploratory Well,1960-08-05 0:00,1960-08-22 0:00,1484,NWT Mainland,"67° 6' 0.0""","128° 24' 55.0""","67° 6' 0.2""","128° 25' 2.7"""
175,ROND LAKE NO.4(L-47),300L476710128150,Western Decalta Petroleum Ltd.,Abandoned,Exploratory Well,1960-03-13 0:00,1960-03-15 0:00,1484,NWT Mainland,"67° 6' 30.0""","128° 24' 0.0""","67° 6' 30.2""","128° 24' 7.8"""
172,ROND LAKE NO.3(A-48),300A486710128150,Western Decalta Petroleum Ltd.,Abandoned,Exploratory Well,1960-03-07 0:00,1960-03-12 0:00,1484,NWT Mainland,"67° 7' 0.0""","128° 22' 36.0""","67° 7' 0.3""","128° 22' 43.8"""
102,WESTEROL 3-A G-77,300G776150120300,Western Homestead Oils Ltd.,Abandoned,Exploratory Well,1952-07-13 0:00,1952-07-31 0:00,383,NWT Mainland,"61° 46' 26.0""","120° 43' 48.0""","61° 46' 26.4""","120° 43' 53.3"""
530,N HOPE YT N-53,300N536640138150,Western Minerals Ltd,Abandoned,Exploratory Well,1970-04-18 0:00,1970-08-13 0:00,3330,Yukon,"66° 32' 54.0""","138° 25' 30.0""","66° 32' 53.2""","138° 25' 38.8"""
136,EAGLE PLAINS YT NO.1 N-49,300N496650138002,Western Minerals Ltd,Abandoned,Exploratory Well,1995-08-20 0:00,1995-08-28 0:00,,Yukon,"66° 48' 54.0""","138° 8' 30.0""","66° 48' 53.2""","138° 8' 38.9"""
8,HAY RIVER NO.1(J-43),300J436050115450,White Beaver Oil Company Ltd.,Abandoned,Exploratory Well,1922-07-22 0:00,1922-08-25 0:00,,NWT Mainland,"60° 42' 29.0""","115° 53' 13.0""","60° 42' 29.4""","115° 53' 17.9"""
1839,IKHIL J-35,300J356850134002,Utility Group Facilities Inc.,Producer,Delineation Well,1999-02-18 0:00,1999-02-26 0:00,,NWT Mackenzie Delta,"68° 44' 35.6""","134° 8' 34.9""","68° 44' 35.3""","134° 8' 44.4"""
1606,IKHIL K-35,300K356850134002,Utility Group Facilities Inc.,Producer,Exploratory Well,2011-03-13 0:00,2011-03-28 0:00,,NWT Mackenzie Delta,"68° 44' 43.7""","134° 9' 16.1""","68° 44' 43.4""","134° 9' 25.6"""
1995,LAC MAUNOIR C-34,300C346720125001,Apache Canada Ltd.,Suspended,Exploratory Well,2004-03-10 0:00,2004-03-28 0:00,EL399,NWT Mainland,"67° 13' 2.2""","125° 6' 56.7""","67° 13' 2.8""","125° 7' 4.0"""
2021,LAC MAUNOIR E-35,300E356720125001,Apache Canada Ltd.,Suspended,Exploratory Well,2005-03-14 0:00,2005-03-19 0:00,EL399,NWT Mainland,"67° 14' 27.6""","125° 7' 15.8""","67° 14' 28.2""","125° 7' 23.1"""
367,CHANCE YT J-19,300J196610137301,Canoe River Exploration Ltd.,Suspended,Delineation Well,1998-03-11 0:00,1998-03-17 0:00,3363,Yukon,"66° 8' 31.2""","137° 32' 28.0""","66° 8' 30.4""","137° 32' 36.4"""
1069,KOTANEELEE YT B-38,300B386010124001,Columbia Gas Development Of Canada Ltd.,Suspended,Delineation Well,1990-09-22 0:00,1990-11-22 0:00,41168,Yukon,"60° 7' 14.1""","124° 6' 32.2""","60° 7' 13.7""","124° 6' 38.2"""
1771,KOTANEELEE YT I-48A,300I486010124000,Columbia Gas Development Of Canada Ltd.,Suspended,Development Well,1991-05-19 0:00,1991-07-18 0:00,41168,Yukon,"60° 7' 35.9""","124° 7' 36.5""","60° 7' 35.5""","124° 7' 42.5"""
1933,TUK M-18,300M186920133001,Devon ARL Corporation,Suspended,Delineation Well,2002-02-24 0:00,2002-03-30 0:00,,NWT Mackenzie Delta,"69° 17' 50.6""","133° 4' 34.6""","69° 17' 50.5""","133° 4' 44.5"""
1795,NORMAN WELLS R-27X,302J566520126450,Esso Resources Canada Limited,Suspended,Development Well,1987-09-16 0:00,1987-09-21 0:00,EA,NWT Mainland,"65° 15' 45.4""","126° 55' 40.3""","65° 15' 45.6""","126° 55' 47.0"""
1796,NORMAN WELLS S-26X,303K566520126450,Esso Resources Canada Limited,Suspended,Development Well,1987-09-21 0:00,1987-09-28 0:00,EA,NWT Mainland,"65° 15' 45.4""","126° 55' 40.7""","65° 15' 45.6""","126° 55' 47.4"""
1797,NORMAN WELLS S-06X,300A776520126451,Esso Resources Canada Limited,Suspended,Development Well,2010-03-09 0:00,2010-03-15 0:00,EA,NWT Mainland,"65° 16' 17.7""","126° 57' 38.5""","65° 16' 17.9""","126° 57' 45.2"""
131,NORMAN WELLS F-33X,304M376520126450,Imperial Oil Limited,Suspended,Development Well,1956-10-11 0:00,1956-10-20 0:00,,NWT Mainland,"65° 14' 0.0""","126° 37' 0.0""","65° 14' 0.3""","126° 37' 6.6"""
1808,NORMAN WELLS P-48X,300D266520126450,Imperial Oil Limited,Suspended,Development Well,1996-04-16 0:00,1996-05-11 0:00,EA,NWT Mainland,"65° 15' 10.8""","126° 52' 13.4""","65° 15' 11.0""","126° 52' 20.1"""
63,CANOL GOOSE ISLAND P-17X,300D576520126450,Imperial Oil Limited,Suspended,Development Well,1944-06-22 0:00,1944-07-19 0:00,,NWT Mainland,"65° 15' 12.0""","126° 56' 12.0""","65° 15' 12.2""","126° 56' 18.7"""
1658,NORMAN WELLS P-46X,302D366520126450,Imperial Oil Limited,Suspended,Development Well,1987-07-25 0:00,1987-08-04 0:00,,NWT Mainland,"65° 15' 12.1""","126° 53' 12.4""","65° 15' 12.3""","126° 53' 19.1"""
84,CANOL BEAR ISLAND Q-42X,303H466520126450,Imperial Oil Limited,Suspended,Development Well,1945-01-06 0:00,1945-02-10 0:00,,NWT Mainland,"65° 15' 15.0""","126° 52' 53.0""","65° 15' 15.2""","126° 52' 59.7"""
1526,NORMAN WELLS P-45X,300D366520126450,Imperial Oil Limited,Suspended,Development Well,1985-07-09 0:00,1985-07-15 0:00,,NWT Mainland,"65° 15' 15.3""","126° 52' 30.7""","65° 15' 15.5""","126° 52' 37.4"""
77,CANOL BEAR ISLAND R-36X,300E466520126450,Imperial Oil Limited,Suspended,Development Well,1944-11-15 0:00,1944-12-31 0:00,146,NWT Mainland,"65° 15' 16.0""","126° 54' 1.0""","65° 15' 16.2""","126° 54' 7.7"""
87,CANOL BEAR ISLAND P-44X,304H466520126450,Imperial Oil Limited,Suspended,Development Well,1945-02-12 0:00,1945-03-06 0:00,,NWT Mainland,"65° 15' 16.0""","126° 52' 35.0""","65° 15' 16.2""","126° 52' 41.7"""
1692,NORMAN WELLS T-31X,303G566520126450,Imperial Oil Limited,Suspended,Development Well,1988-03-13 0:00,1988-03-18 0:00,EA,NWT Mainland,"65° 15' 20.0""","126° 54' 44.2""","65° 15' 20.2""","126° 54' 50.9"""
1655,NORMAN WELLS R-39X,300C466520126450,Imperial Oil Limited,Suspended,Development Well,1987-07-05 0:00,1987-07-11 0:00,,NWT Mainland,"65° 15' 20.0""","126° 53' 21.3""","65° 15' 20.2""","126° 53' 28.0"""
1693,NORMAN WELLS T-29X,304G566520126450,Imperial Oil Limited,Suspended,Development Well,1988-03-18 0:00,1988-03-25 0:00,EA,NWT Mainland,"65° 15' 20.1""","126° 54' 43.9""","65° 15' 20.3""","126° 54' 50.6"""
1656,NORMAN WELLS R-42X,302B466520126450,Imperial Oil Limited,Suspended,Development Well,1987-07-11 0:00,1987-07-23 0:00,,NWT Mainland,"65° 15' 20.1""","126° 53' 21.0""","65° 15' 20.3""","126° 53' 27.7"""
1691,NORMAN WELLS T-27X,303F566520126450,Imperial Oil Limited,Suspended,Development Well,1988-03-07 0:00,1988-03-13 0:00,EA,NWT Mainland,"65° 15' 20.2""","126° 54' 43.5""","65° 15' 20.4""","126° 54' 50.2"""
1683,NORMAN WELLS R-29X,303J566520126450,Imperial Oil Limited,Suspended,Development Well,1988-02-19 0:00,1988-02-25 0:00,EA,NWT Mainland,"65° 15' 20.4""","126° 54' 42.5""","65° 15' 20.6""","126° 54' 49.2"""
1682,NORMAN WELLS R-31X,300H566520126450,Imperial Oil Limited,Suspended,Development Well,1988-02-13 0:00,1988-02-19 0:00,EA,NWT Mainland,"65° 15' 20.4""","126° 54' 41.8""","65° 15' 20.6""","126° 54' 48.5"""
1694,NORMAN WELLS S-32X,302H566520126450,Imperial Oil Limited,Suspended,Development Well,1988-03-25 0:00,1988-03-28 0:00,EA,NWT Mainland,"65° 15' 20.6""","126° 54' 41.5""","65° 15' 20.8""","126° 54' 48.2"""
61,CANOL BEAR ISLAND Q-39X,300G466520126450,Imperial Oil Limited,Suspended,Development Well,1944-05-24 0:00,1944-06-17 0:00,146,NWT Mainland,"65° 15' 21.0""","126° 53' 16.0""","65° 15' 21.2""","126° 53' 22.7"""
80,CANOL BEAR ISLAND N-47X,300F366520126450,Imperial Oil Limited,Suspended,Development Well,1944-12-09 0:00,1945-01-04 0:00,,NWT Mainland,"65° 15' 21.0""","126° 51' 46.0""","65° 15' 21.2""","126° 51' 52.7"""
1847,NORMAN WELLS P-39X,302G466520126450,Imperial Oil Limited,Suspended,Development Well,1998-06-24 0:00,1998-06-30 0:00,EA,NWT Mainland,"65° 15' 21.1""","126° 53' 21.5""","65° 15' 21.3""","126° 53' 28.2"""
1287,NORMAN WELLS N-45X,302E366520126450,Imperial Oil Limited,Suspended,Development Well,1983-03-28 0:00,1983-03-31 0:00,,NWT Mainland,"65° 15' 24.7""","126° 52' 5.6""","65° 15' 24.9""","126° 52' 12.3"""
1142,BEAR ISLAND R-34X,302E466520126450,Imperial Oil Limited,Suspended,Development Well,1979-10-07 0:00,1979-10-25 0:00,,NWT Mainland,"65° 15' 24.9""","126° 54' 9.0""","65° 15' 25.1""","126° 54' 15.7"""
1627,NORMAN WELLS P-33X,302L466520126450,Imperial Oil Limited,Suspended,Development Well,1986-10-19 0:00,1986-10-27 0:00,,NWT Mainland,"65° 15' 26.5""","126° 53' 31.1""","65° 15' 26.7""","126° 53' 37.8"""
1292,NORMAN WELLS P-37X,300F466520126450,Imperial Oil Limited,Suspended,Development Well,1983-04-11 0:00,1983-04-16 0:00,,NWT Mainland,"65° 15' 28.1""","126° 53' 34.8""","65° 15' 28.3""","126° 53' 41.5"""
1285,NORMAN WELLS N-43X,303E366520126450,Imperial Oil Limited,Suspended,Development Well,1983-03-18 0:00,1983-03-26 0:00,,NWT Mainland,"65° 15' 28.5""","126° 52' 19.1""","65° 15' 28.7""","126° 52' 25.8"""
1825,NORMAN WELLS N-40X,305I466520126450,Imperial Oil Limited,Suspended,Development Well,1997-08-30 0:00,1997-09-05 0:00,EA,NWT Mainland,"65° 15' 30.5""","126° 52' 31.2""","65° 15' 30.7""","126° 52' 37.9"""
34,CANOL BEAR ISLAND N-42X,300I466520126450,Imperial Oil Limited,Suspended,Development Well,1943-03-28 0:00,1943-04-23 0:00,,NWT Mainland,"65° 15' 33.0""","126° 52' 32.0""","65° 15' 33.2""","126° 52' 38.7"""
62,CANOL BEAR ISLAND P-35X,300K466520126450,Imperial Oil Limited,Suspended,Development Well,1944-06-05 0:00,1944-07-03 0:00,,NWT Mainland,"65° 15' 35.0""","126° 53' 44.0""","65° 15' 35.2""","126° 53' 50.7"""
1297,NORMAN WELLS L-45X,303K366520126450,Imperial Oil Limited,Suspended,Development Well,1983-06-10 0:00,1983-06-20 0:00,,NWT Mainland,"65° 15' 35.2""","126° 51' 58.0""","65° 15' 35.4""","126° 52' 4.7"""
1301,NORMAN WELLS L-43X,304K366520126450,Imperial Oil Limited,Suspended,Development Well,1983-06-28 0:00,1983-07-04 0:00,,NWT Mainland,"65° 15' 35.4""","126° 51' 58.8""","65° 15' 35.6""","126° 52' 5.5"""
1632,NORMAN WELLS L-47X,302J366520126450,Imperial Oil Limited,Suspended,Development Well,1986-12-29 0:00,1987-01-05 0:00,,NWT Mainland,"65° 15' 36.1""","126° 51' 11.0""","65° 15' 36.3""","126° 51' 17.7"""
1633,NORMAN WELLS J-45X,302O366520126450,Imperial Oil Limited,Suspended,Development Well,1987-01-07 0:00,1987-01-15 0:00,,NWT Mainland,"65° 15' 36.4""","126° 51' 10.0""","65° 15' 36.6""","126° 51' 16.7"""
1634,NORMAN WELLS J-47X,303O366520126450,Imperial Oil Limited,Suspended,Development Well,1987-01-15 0:00,1987-01-21 0:00,,NWT Mainland,"65° 15' 36.5""","126° 51' 9.7""","65° 15' 36.7""","126° 51' 16.4"""
1630,NORMAN WELLS N-33X,303N466520126450,Imperial Oil Limited,Suspended,Development Well,1986-11-04 0:00,1986-11-12 0:00,,NWT Mainland,"65° 15' 36.6""","126° 53' 30.4""","65° 15' 36.8""","126° 53' 37.1"""
54,CANOL BEAR ISLAND N-39X,303I466520126450,Imperial Oil Limited,Suspended,Development Well,1944-04-01 0:00,1944-04-28 0:00,,NWT Mainland,"65° 15' 37.0""","126° 52' 57.0""","65° 15' 37.2""","126° 53' 3.7"""
1488,NORMAN WELLS I-50X,302M266520126450,Imperial Oil Limited,Suspended,Development Well,1985-02-02 0:00,1985-02-26 0:00,,NWT Mainland,"65° 15' 37.0""","126° 51' 10.3""","65° 15' 37.2""","126° 51' 17.0"""
1810,NORMAN WELLS L-52X,300J266520126450,Imperial Oil Limited,Suspended,Development Well,1996-07-09 0:00,1996-08-15 0:00,EA,NWT Mainland,"65° 15' 37.4""","126° 51' 8.2""","65° 15' 37.6""","126° 51' 14.9"""
1848,NORMAN WELLS O-33X,304N466520126450,Imperial Oil Limited,Suspended,Development Well,1998-07-04 0:00,1998-07-10 0:00,EA,NWT Mainland,"65° 15' 37.7""","126° 53' 31.2""","65° 15' 37.9""","126° 53' 37.9"""
1849,NORMAN WELLS N-38X,304J466520126450,Imperial Oil Limited,Suspended,Development Well,1998-07-12 0:00,1998-07-20 0:00,EA,NWT Mainland,"65° 15' 37.8""","126° 53' 30.8""","65° 15' 38.0""","126° 53' 37.5"""
1306,NORMAN WELLS N-35X,300O466520126450,Imperial Oil Limited,Suspended,Development Well,1983-07-15 0:00,1983-07-21 0:00,,NWT Mainland,"65° 15' 38.0""","126° 53' 12.9""","65° 15' 38.2""","126° 53' 19.6"""
1313,NORMAN WELLS N-37X,303O466520126450,Imperial Oil Limited,Suspended,Development Well,1983-07-28 0:00,1983-08-01 0:00,,NWT Mainland,"65° 15' 38.0""","126° 53' 12.0""","65° 15' 38.2""","126° 53' 18.7"""
1660,NORMAN WELLS T-23X,302L566520126450,Imperial Oil Limited,Suspended,Development Well,1987-09-28 0:00,1987-10-04 0:00,,NWT Mainland,"65° 15' 45.4""","126° 55' 41.0""","65° 15' 45.6""","126° 55' 47.7"""
1662,NORMAN WELLS T-25X,302F566520126450,Imperial Oil Limited,Suspended,Development Well,1987-10-05 0:00,1987-10-11 0:00,EA,NWT Mainland,"65° 15' 45.4""","126° 55' 39.9""","65° 15' 45.6""","126° 55' 46.6"""
1511,NORMAN WELLS L-41X,300M366520126450,Imperial Oil Limited,Suspended,Development Well,1985-04-28 0:00,1985-05-04 0:00,,NWT Mainland,"65° 15' 50.5""","126° 52' 12.8""","65° 15' 50.7""","126° 52' 19.5"""
1557,NORMAN WELLS R-25X,302K566520126450,Imperial Oil Limited,Suspended,Development Well,1985-11-18 0:00,1985-11-25 0:00,,NWT Mainland,"65° 15' 50.7""","126° 54' 53.0""","65° 15' 50.9""","126° 54' 59.7"""
1564,NORMAN WELLS P-25X,302O566520126450,Imperial Oil Limited,Suspended,Development Well,1985-12-09 0:00,1985-12-13 0:00,,NWT Mainland,"65° 15' 50.8""","126° 54' 52.4""","65° 15' 51.0""","126° 54' 59.1"""
1573,NORMAN WELLS P-27X,300P566520126450,Imperial Oil Limited,Suspended,Development Well,1986-01-02 0:00,1986-01-06 0:00,,NWT Mainland,"65° 15' 51.0""","126° 54' 51.3""","65° 15' 51.2""","126° 54' 58.0"""
1582,NORMAN WELLS P-29X,302P566520126450,Imperial Oil Limited,Suspended,Development Well,1986-01-16 0:00,1986-01-24 0:00,,NWT Mainland,"65° 15' 51.1""","126° 54' 50.7""","65° 15' 51.3""","126° 54' 57.4"""
1591,NORMAN WELLS P-31X,300L466520126450,Imperial Oil Limited,Suspended,Development Well,1986-02-02 0:00,1986-03-20 0:00,,NWT Mainland,"65° 15' 51.2""","126° 54' 50.1""","65° 15' 51.4""","126° 54' 56.8"""
1539,NORMAN WELLS R-19X,302P666520126450,Imperial Oil Limited,Suspended,Development Well,1985-09-15 0:00,1985-09-20 0:00,,NWT Mainland,"65° 15' 53.5""","126° 56' 2.4""","65° 15' 53.7""","126° 56' 9.1"""
1548,NORMAN WELLS R-21X,300M566520126450,Imperial Oil Limited,Suspended,Development Well,1985-10-08 0:00,1985-10-12 0:00,,NWT Mainland,"65° 15' 53.6""","126° 56' 1.2""","65° 15' 53.8""","126° 56' 7.9"""
1552,NORMAN WELLS R-23X,302N566520126450,Imperial Oil Limited,Suspended,Development Well,1985-10-27 0:00,1985-11-02 0:00,,NWT Mainland,"65° 15' 53.6""","126° 56' 0.3""","65° 15' 53.8""","126° 56' 7.0"""
33,CANOL GOOSE ISLAND O-29X,300M466520126450,Imperial Oil Limited,Suspended,Development Well,1943-02-19 0:00,1943-04-02 0:00,,NWT Mainland,"65° 15' 54.0""","126° 54' 20.0""","65° 15' 54.2""","126° 54' 26.7"""
1507,NORMAN WELLS J-41X,300C376520126450,Imperial Oil Limited,Suspended,Development Well,1985-04-21 0:00,1985-04-27 0:00,,NWT Mainland,"65° 15' 58.5""","126° 52' 12.6""","65° 15' 58.7""","126° 52' 19.3"""
1504,NORMAN WELLS J-43X,302N366520126450,Imperial Oil Limited,Suspended,Development Well,1985-03-31 0:00,1985-04-14 0:00,,NWT Mainland,"65° 15' 58.5""","126° 52' 12.3""","65° 15' 58.7""","126° 52' 19.0"""
1523,NORMAN WELLS L-39X,303P466520126450,Imperial Oil Limited,Suspended,Development Well,1985-06-24 0:00,1985-06-29 0:00,,NWT Mainland,"65° 15' 58.6""","126° 52' 13.8""","65° 15' 58.8""","126° 52' 20.5"""
1521,NORMAN WELLS J-37X,302D376520126450,Imperial Oil Limited,Suspended,Development Well,1985-06-16 0:00,1985-06-24 0:00,,NWT Mainland,"65° 15' 58.6""","126° 52' 13.7""","65° 15' 58.8""","126° 52' 20.4"""
1518,NORMAN WELLS J-39X,300D376520126450,Imperial Oil Limited,Suspended,Development Well,1985-06-10 0:00,1985-06-16 0:00,,NWT Mainland,"65° 15' 58.6""","126° 52' 13.5""","65° 15' 58.8""","126° 52' 20.2"""
1760,NORMAN WELLS T-21X,302I666520126450,Imperial Oil Limited,Suspended,Development Well,1987-08-07 0:00,1987-08-14 0:00,,NWT Mainland,"65° 15' 59.4""","126° 56' 37.1""","65° 15' 59.6""","126° 56' 43.8"""
1641,NORMAN WELLS T-19X,300I666520126450,Imperial Oil Limited,Suspended,Development Well,1987-02-28 0:00,1987-03-06 0:00,,NWT Mainland,"65° 15' 59.4""","126° 56' 36.8""","65° 15' 59.6""","126° 56' 43.5"""
1639,NORMAN WELLS T-15X,302O666520126450,Imperial Oil Limited,Suspended,Development Well,1987-02-21 0:00,1987-02-27 0:00,,NWT Mainland,"65° 15' 59.6""","126° 56' 36.8""","65° 15' 59.8""","126° 56' 43.5"""
1269,NORMAN WELLS N-31X,302N466520126450,Imperial Oil Limited,Suspended,Development Well,1983-02-10 0:00,1983-02-16 0:00,,NWT Mainland,"65° 16' 1.0""","126° 54' 12.2""","65° 16' 1.2""","126° 54' 18.9"""
1275,NORMAN WELLS N-29X,300D476520126450,Imperial Oil Limited,Suspended,Development Well,1983-02-17 0:00,1983-02-21 0:00,,NWT Mainland,"65° 16' 1.1""","126° 54' 12.6""","65° 16' 1.3""","126° 54' 19.3"""
1280,NORMAN WELLS R-15X,300B676520126450,Imperial Oil Limited,Suspended,Development Well,1983-02-27 0:00,1983-03-03 0:00,,NWT Mainland,"65° 16' 3.4""","126° 56' 44.1""","65° 16' 3.6""","126° 56' 50.8"""
1237,NORMAN WELLS O-23X,303B576520126450,Imperial Oil Limited,Suspended,Development Well,1982-10-23 0:00,1982-10-29 0:00,,NWT Mainland,"65° 16' 4.3""","126° 55' 15.7""","65° 16' 4.5""","126° 55' 22.4"""
1232,NORMAN WELLS N-27X,300A576520126450,Imperial Oil Limited,Suspended,Development Well,1982-10-01 0:00,1982-10-12 0:00,,NWT Mainland,"65° 16' 5.4""","126° 54' 29.0""","65° 16' 5.6""","126° 54' 35.7"""
1239,NORMAN WELLS P-21X,303C576520126450,Imperial Oil Limited,Suspended,Development Well,1982-11-01 0:00,1982-11-09 0:00,,NWT Mainland,"65° 16' 7.0""","126° 55' 35.8""","65° 16' 7.2""","126° 55' 42.5"""
1245,NORMAN WELLS P-19X,302D576520126450,Imperial Oil Limited,Suspended,Development Well,1982-11-12 0:00,1982-11-19 0:00,,NWT Mainland,"65° 16' 7.7""","126° 56' 1.3""","65° 16' 7.9""","126° 56' 8.0"""
1281,NORMAN WELLS R-13X,302B676520126450,Imperial Oil Limited,Suspended,Development Well,1983-03-04 0:00,1983-03-08 0:00,,NWT Mainland,"65° 16' 8.3""","126° 57' 2.9""","65° 16' 8.5""","126° 57' 9.6"""
1636,NORMAN WELLS T-13X,300N666520126450,Imperial Oil Limited,Suspended,Development Well,1987-02-04 0:00,1987-02-10 0:00,,NWT Mainland,"65° 16' 8.5""","126° 57' 13.0""","65° 16' 8.7""","126° 57' 19.7"""
1638,NORMAN WELLS T-11X,300M666520126450,Imperial Oil Limited,Suspended,Development Well,1987-02-11 0:00,1987-02-18 0:00,,NWT Mainland,"65° 16' 8.7""","126° 57' 12.9""","65° 16' 8.9""","126° 57' 19.6"""
1234,NORMAN WELLS N-25X,302A576520126450,Imperial Oil Limited,Suspended,Development Well,1982-10-14 0:00,1982-10-20 0:00,,NWT Mainland,"65° 16' 9.7""","126° 54' 45.4""","65° 16' 9.9""","126° 54' 52.1"""
1892,NORMAN WELLS J-36X,303A476520126450,Imperial Oil Limited,Suspended,Development Well,2000-06-26 0:00,2000-07-04 0:00,,NWT Mainland,"65° 16' 11.4""","126° 52' 59.4""","65° 16' 11.6""","126° 53' 6.1"""
1451,NORMAN WELLS L-37X,302P466520126450,Imperial Oil Limited,Suspended,Development Well,1984-10-20 0:00,1984-10-26 0:00,,NWT Mainland,"65° 16' 11.4""","126° 53' 1.8""","65° 16' 11.6""","126° 53' 8.5"""
1446,NORMAN WELLS J-35X,300H476520126450,Imperial Oil Limited,Suspended,Development Well,1984-09-28 0:00,1984-10-05 0:00,,NWT Mainland,"65° 16' 11.4""","126° 53' 1.4""","65° 16' 11.6""","126° 53' 8.1"""
1897,NORMAN WELLS L-34X,305B476520126450,Imperial Oil Limited,Suspended,Development Well,2000-08-11 0:00,2000-08-18 0:00,,NWT Mainland,"65° 16' 11.5""","126° 53' 0.1""","65° 16' 11.7""","126° 53' 6.8"""
1894,NORMAN WELLS L-36X,305P466520126450,Imperial Oil Limited,Suspended,Development Well,2000-07-14 0:00,2000-07-20 0:00,,NWT Mainland,"65° 16' 11.5""","126° 52' 59.7""","65° 16' 11.7""","126° 53' 6.4"""
1457,NORMAN WELLS L-35X,302B476520126450,Imperial Oil Limited,Suspended,Development Well,1984-11-06 0:00,1984-11-12 0:00,,NWT Mainland,"65° 16' 11.5""","126° 53' 2.2""","65° 16' 11.7""","126° 53' 8.9"""
1453,NORMAN WELLS J-33X,300G476520126450,Imperial Oil Limited,Suspended,Development Well,1984-10-26 0:00,1984-11-01 0:00,,NWT Mainland,"65° 16' 11.5""","126° 53' 1.9""","65° 16' 11.7""","126° 53' 8.6"""
1464,NORMAN WELLS L-33X,303B476520126450,Imperial Oil Limited,Suspended,Development Well,1984-12-06 0:00,1984-12-12 0:00,,NWT Mainland,"65° 16' 11.6""","126° 53' 2.8""","65° 16' 11.8""","126° 53' 9.5"""
1462,NORMAN WELLS J-31X,302G476520126450,Imperial Oil Limited,Suspended,Development Well,1984-11-30 0:00,1984-12-05 0:00,,NWT Mainland,"65° 16' 11.6""","126° 53' 2.7""","65° 16' 11.8""","126° 53' 9.4"""
594,NORMAN WELLS T-09X,302D676520126450,Imperial Oil Limited,Suspended,Development Well,1987-09-01 0:00,1987-09-07 0:00,,NWT Mainland,"65° 16' 12.1""","126° 57' 27.4""","65° 16' 12.3""","126° 57' 34.1"""
1282,NORMAN WELLS R-11X,300C676520126450,Imperial Oil Limited,Suspended,Development Well,1983-03-04 0:00,1983-03-09 0:00,,NWT Mainland,"65° 16' 12.6""","126° 57' 19.0""","65° 16' 12.8""","126° 57' 25.7"""
1265,NORMAN WELLS N-23X,304B576520126450,Imperial Oil Limited,Suspended,Development Well,1983-01-25 0:00,1983-01-30 0:00,,NWT Mainland,"65° 16' 14.5""","126° 55' 1.0""","65° 16' 14.7""","126° 55' 7.7"""
1246,NORMAN WELLS P-15X,302H676520126450,Imperial Oil Limited,Suspended,Development Well,1982-11-23 0:00,1982-12-01 0:00,,NWT Mainland,"65° 16' 16.7""","126° 56' 23.4""","65° 16' 16.9""","126° 56' 30.1"""
1635,NORMAN WELLS R-07X,302E676520126450,Imperial Oil Limited,Suspended,Development Well,1987-01-25 0:00,1987-01-31 0:00,,NWT Mainland,"65° 16' 17.5""","126° 57' 38.1""","65° 16' 17.7""","126° 57' 44.8"""
1262,NORMAN WELLS N-21X,300G576520126450,Imperial Oil Limited,Suspended,Development Well,1983-01-18 0:00,1983-01-23 0:00,,NWT Mainland,"65° 16' 18.5""","126° 55' 18.6""","65° 16' 18.7""","126° 55' 25.3"""
1532,NORMAN WELLS R-09X,304F676520126450,Imperial Oil Limited,Suspended,Development Well,1985-08-06 0:00,1985-08-13 0:00,,NWT Mainland,"65° 16' 18.8""","126° 57' 51.2""","65° 16' 19.0""","126° 57' 57.9"""
1806,NORMAN WELLS F-52X,300D176520126450,Imperial Oil Limited,Suspended,Development Well,1996-01-01 0:00,1996-02-19 0:00,EA,NWT Mainland,"65° 16' 19.1""","126° 50' 50.2""","65° 16' 19.3""","126° 50' 56.9"""
1807,NORMAN WELLS H-52X,300P266520126450,Imperial Oil Limited,Suspended,Development Well,1996-02-25 0:00,1996-04-01 0:00,EA,NWT Mainland,"65° 16' 19.3""","126° 50' 48.7""","65° 16' 19.5""","126° 50' 55.4"""
1429,NORMAN WELLS H-49X,300M266520126450,Imperial Oil Limited,Suspended,Development Well,1984-07-11 0:00,1984-07-17 0:00,,NWT Mainland,"65° 16' 19.4""","126° 50' 49.7""","65° 16' 19.6""","126° 50' 56.4"""
1430,NORMAN WELLS F-45X,303H376520126450,Imperial Oil Limited,Suspended,Development Well,1984-07-18 0:00,1984-07-22 0:00,,NWT Mainland,"65° 16' 19.4""","126° 50' 49.3""","65° 16' 19.6""","126° 50' 56.0"""
1433,NORMAN WELLS F-47X,303E276520126450,Imperial Oil Limited,Suspended,Development Well,1984-07-22 0:00,1984-07-26 0:00,,NWT Mainland,"65° 16' 19.4""","126° 50' 49.1""","65° 16' 19.6""","126° 50' 55.8"""
1420,NORMAN WELLS H-41X,303F376520126450,Imperial Oil Limited,Suspended,Development Well,1984-06-21 0:00,1984-06-26 0:00,,NWT Mainland,"65° 16' 19.5""","126° 50' 51.3""","65° 16' 19.7""","126° 50' 58.0"""
1403,NORMAN WELLS H-45X,302A376520126450,Imperial Oil Limited,Suspended,Development Well,1984-04-21 0:00,1984-04-27 0:00,,NWT Mainland,"65° 16' 19.5""","126° 50' 50.5""","65° 16' 19.7""","126° 50' 57.2"""
1426,NORMAN WELLS H-47X,303A376520126450,Imperial Oil Limited,Suspended,Development Well,1984-07-06 0:00,1984-07-11 0:00,,NWT Mainland,"65° 16' 19.5""","126° 50' 50.3""","65° 16' 19.7""","126° 50' 57.0"""
1421,NORMAN WELLS H-43X,302B376520126450,Imperial Oil Limited,Suspended,Development Well,1984-06-26 0:00,1984-07-01 0:00,,NWT Mainland,"65° 16' 19.6""","126° 50' 51.2""","65° 16' 19.8""","126° 50' 57.9"""
1425,NORMAN WELLS F-41X,303G376520126450,Imperial Oil Limited,Suspended,Development Well,1984-07-02 0:00,1984-07-06 0:00,,NWT Mainland,"65° 16' 19.6""","126° 50' 51.1""","65° 16' 19.8""","126° 50' 57.8"""
1405,NORMAN WELLS F-43X,300H376520126450,Imperial Oil Limited,Suspended,Development Well,1984-04-28 0:00,1984-05-03 0:00,,NWT Mainland,"65° 16' 19.6""","126° 50' 50.8""","65° 16' 19.8""","126° 50' 57.5"""
404,CANOL GOOSE ISLAND R-05X,300E676520126450,Imperial Oil Limited,Suspended,Development Well,1968-07-30 0:00,1968-08-24 0:00,,NWT Mainland,"65° 16' 19.9""","126° 57' 46.5""","65° 16' 20.1""","126° 57' 53.2"""
1667,NORMAN WELLS T-07X,302A776520126450,Imperial Oil Limited,Suspended,Development Well,1987-11-09 0:00,1987-11-17 0:00,EA,NWT Mainland,"65° 16' 20.3""","126° 57' 56.1""","65° 16' 20.5""","126° 58' 2.8"""
85,CANOL GOOSE ISLAND N-19X,300F576520126450,Imperial Oil Limited,Suspended,Development Well,1945-01-19 0:00,1945-02-14 0:00,,NWT Mainland,"65° 16' 23.0""","126° 55' 32.0""","65° 16' 23.2""","126° 55' 38.7"""
1248,NORMAN WELLS P-13X,303H676520126450,Imperial Oil Limited,Suspended,Development Well,1982-12-04 0:00,1982-12-11 0:00,,NWT Mainland,"65° 16' 23.3""","126° 56' 42.8""","65° 16' 23.5""","126° 56' 49.5"""
1377,NORMAN WELLS L-31X,303C476520126450,Imperial Oil Limited,Suspended,Development Well,1984-02-16 0:00,1984-02-28 0:00,,NWT Mainland,"65° 16' 24.0""","126° 53' 49.5""","65° 16' 24.2""","126° 53' 56.2"""
1366,NORMAN WELLS H-29-1X,302J476520126450,Imperial Oil Limited,Suspended,Development Well,1984-01-29 0:00,1984-02-15 0:00,,NWT Mainland,"65° 16' 24.0""","126° 53' 49.4""","65° 16' 24.2""","126° 53' 56.1"""
1364,NORMAN WELLS J-29-1X,303F476520126450,Imperial Oil Limited,Suspended,Development Well,1984-01-22 0:00,1984-01-29 0:00,,NWT Mainland,"65° 16' 24.0""","126° 52' 49.5""","65° 16' 24.2""","126° 52' 56.2"""
1353,NORMAN WELLS J-27X,303K476520126450,Imperial Oil Limited,Suspended,Development Well,1983-12-31 0:00,1984-01-13 0:00,,NWT Mainland,"65° 16' 24.1""","126° 53' 49.9""","65° 16' 24.3""","126° 53' 56.6"""
1359,NORMAN WELLS L-29X,302C476520126450,Imperial Oil Limited,Suspended,Development Well,1984-01-14 0:00,1984-01-21 0:00,,NWT Mainland,"65° 16' 24.1""","126° 53' 49.8""","65° 16' 24.3""","126° 53' 56.5"""
1348,NORMAN WELLS L-27X,302E476520126450,Imperial Oil Limited,Suspended,Development Well,1983-12-17 0:00,1983-12-23 0:00,,NWT Mainland,"65° 16' 24.2""","126° 53' 50.8""","65° 16' 24.4""","126° 53' 57.5"""
1351,NORMAN WELLS J-25X,300L476520126450,Imperial Oil Limited,Suspended,Development Well,1983-12-23 0:00,1983-12-31 0:00,,NWT Mainland,"65° 16' 24.2""","126° 53' 50.7""","65° 16' 24.4""","126° 53' 57.4"""
1345,NORMAN WELLS L-25X,302H576520126450,Imperial Oil Limited,Suspended,Development Well,1983-12-02 0:00,1983-12-15 0:00,,NWT Mainland,"65° 16' 24.3""","126° 53' 51.2""","65° 16' 24.5""","126° 53' 57.9"""
1913,NORMAN WELLS N-18X,302F576520126450,Imperial Oil Limited,Suspended,Development Well,2001-08-05 0:00,2001-08-11 0:00,,NWT Mainland,"65° 16' 24.7""","126° 55' 41.1""","65° 16' 24.9""","126° 55' 47.8"""
1481,NORMAN WELLS O-14X,304H676520126450,Imperial Oil Limited,Suspended,Development Well,1985-01-21 0:00,1985-01-25 0:00,,NWT Mainland,"65° 16' 27.8""","126° 56' 20.6""","65° 16' 28.0""","126° 56' 27.3"""
1273,NORMAN WELLS P-11X,302G676520126450,Imperial Oil Limited,Suspended,Development Well,1983-02-16 0:00,1983-02-22 0:00,,NWT Mainland,"65° 16' 28.0""","126° 56' 58.2""","65° 16' 28.2""","126° 57' 4.9"""
400,GOOSE ISLAND N-17X,302E576520126450,Imperial Oil Limited,Suspended,Development Well,1968-06-30 0:00,1968-07-10 0:00,,NWT Mainland,"65° 16' 28.8""","126° 55' 49.7""","65° 16' 29.0""","126° 55' 56.4"""
1256,NORMAN WELLS N-15X,303E576520126450,Imperial Oil Limited,Suspended,Development Well,1982-12-29 0:00,1983-01-02 0:00,,NWT Mainland,"65° 16' 29.6""","126° 56' 5.1""","65° 16' 29.8""","126° 56' 11.8"""
1252,NORMAN WELLS P-09X,302F676520126450,Imperial Oil Limited,Suspended,Development Well,1982-12-14 0:00,1982-12-25 0:00,,NWT Mainland,"65° 16' 30.1""","126° 57' 15.6""","65° 16' 30.3""","126° 57' 22.3"""
69,CANOL GOOSE ISLAND P-07X,300K676520126451,Imperial Oil Limited,Suspended,Development Well,1998-08-30 0:00,1998-09-06 0:00,,NWT Mainland,"65° 16' 31.0""","126° 57' 36.0""","65° 16' 31.2""","126° 57' 42.7"""
1259,NORMAN WELLS L-15X,303L576520126450,Imperial Oil Limited,Suspended,Development Well,1983-01-05 0:00,1983-01-15 0:00,,NWT Mainland,"65° 16' 31.5""","126° 56' 3.3""","65° 16' 31.7""","126° 56' 10.0"""
1419,NORMAN WELLS F-37X,300K376520126450,Imperial Oil Limited,Suspended,Development Well,1984-06-17 0:00,1984-06-22 0:00,,NWT Mainland,"65° 16' 33.7""","126° 52' 3.8""","65° 16' 33.9""","126° 52' 10.5"""
1417,NORMAN WELLS F-39X,300J376520126450,Imperial Oil Limited,Suspended,Development Well,1984-06-13 0:00,1984-06-17 0:00,,NWT Mainland,"65° 16' 33.7""","126° 52' 3.5""","65° 16' 33.9""","126° 52' 10.2"""
1413,NORMAN WELLS H-37X,304E376520126450,Imperial Oil Limited,Suspended,Development Well,1984-06-02 0:00,1984-06-07 0:00,,NWT Mainland,"65° 16' 33.8""","126° 52' 4.7""","65° 16' 34.0""","126° 52' 11.4"""
1415,NORMAN WELLS H-39X,302F376520126450,Imperial Oil Limited,Suspended,Development Well,1984-06-08 0:00,1984-06-12 0:00,,NWT Mainland,"65° 16' 33.8""","126° 52' 4.1""","65° 16' 34.0""","126° 52' 10.8"""
1408,NORMAN WELLS H-33X,302I476520126450,Imperial Oil Limited,Suspended,Development Well,1984-05-08 0:00,1984-06-02 0:00,,NWT Mainland,"65° 16' 33.9""","126° 52' 5.3""","65° 16' 34.1""","126° 52' 12.0"""
1409,NORMAN WELLS H-35X,303E376520126450,Imperial Oil Limited,Suspended,Development Well,1984-05-10 0:00,1984-05-28 0:00,,NWT Mainland,"65° 16' 33.9""","126° 52' 5.1""","65° 16' 34.1""","126° 52' 11.8"""
1385,NORMAN WELLS L-23X,304H576520126450,Imperial Oil Limited,Suspended,Development Well,1984-03-09 0:00,1984-03-16 0:00,,NWT Mainland,"65° 16' 36.2""","126° 54' 40.8""","65° 16' 36.4""","126° 54' 47.5"""
1379,NORMAN WELLS L-21X,303J576520126450,Imperial Oil Limited,Suspended,Development Well,1984-02-22 0:00,1984-03-01 0:00,,NWT Mainland,"65° 16' 36.3""","126° 54' 41.7""","65° 16' 36.5""","126° 54' 48.4"""
1375,NORMAN WELLS J-19X,303O576520126450,Imperial Oil Limited,Suspended,Development Well,1984-02-15 0:00,1984-02-22 0:00,,NWT Mainland,"65° 16' 36.3""","126° 54' 41.6""","65° 16' 36.5""","126° 54' 48.3"""
1367,NORMAN WELLS J-21X,302P576520126450,Imperial Oil Limited,Suspended,Development Well,1984-01-30 0:00,1984-02-14 0:00,,NWT Mainland,"65° 16' 36.3""","126° 54' 41.3""","65° 16' 36.5""","126° 54' 48.0"""
1382,NORMAN WELLS J-23X,303L476520126450,Imperial Oil Limited,Suspended,Development Well,1984-03-02 0:00,1984-03-08 0:00,,NWT Mainland,"65° 16' 36.3""","126° 54' 41.3""","65° 16' 36.5""","126° 54' 48.0"""
1321,NORMAN WELLS L-19X,300J576520126450,Imperial Oil Limited,Suspended,Development Well,1983-09-01 0:00,1983-09-10 0:00,,NWT Mainland,"65° 16' 36.4""","126° 54' 42.4""","65° 16' 36.6""","126° 54' 49.1"""
1268,NORMAN WELLS M-13X,304L576520126450,Imperial Oil Limited,Suspended,Development Well,1983-02-02 0:00,1983-02-07 0:00,,NWT Mainland,"65° 16' 36.5""","126° 56' 21.4""","65° 16' 36.7""","126° 56' 28.1"""
1663,NORMAN WELLS L-11X,302P676520126450,Imperial Oil Limited,Suspended,Development Well,1987-10-15 0:00,1987-10-20 0:00,EA,NWT Mainland,"65° 16' 38.9""","126° 56' 24.7""","65° 16' 39.1""","126° 56' 31.4"""
1257,NORMAN WELLS N-11X,302I676520126450,Imperial Oil Limited,Suspended,Development Well,1982-12-29 0:00,1983-01-04 0:00,,NWT Mainland,"65° 16' 39.3""","126° 56' 39.3""","65° 16' 39.5""","126° 56' 46.0"""
1431,NORMAN WELLS L-13X,300M576520126450,Imperial Oil Limited,Suspended,Development Well,1984-07-18 0:00,1984-07-24 0:00,,NWT Mainland,"65° 16' 39.8""","126° 56' 26.8""","65° 16' 40.0""","126° 56' 33.5"""
1436,NORMAN WELLS N-09X,303J676520126450,Imperial Oil Limited,Suspended,Development Well,1984-08-04 0:00,1984-08-09 0:00,,NWT Mainland,"65° 16' 40.1""","126° 56' 27.9""","65° 16' 40.3""","126° 56' 34.6"""
71,CANOL GOOSE ISLAND O-07X,302K676520126450,Imperial Oil Limited,Suspended,Development Well,1944-09-10 0:00,1944-10-01 0:00,,NWT Mainland,"65° 16' 45.0""","126° 57' 40.0""","65° 16' 45.2""","126° 57' 46.7"""
1803,NORMAN WELLS D-52X,300E176520126450,Imperial Oil Limited,Suspended,Development Well,1995-10-20 0:00,1995-11-30 0:00,EA,NWT Mainland,"65° 16' 48.0""","126° 50' 15.0""","65° 16' 48.2""","126° 50' 21.7"""
1216,NORMAN WELLS D-45X,303M276520126450,Imperial Oil Limited,Suspended,Development Well,1982-07-16 0:00,1982-08-09 0:00,,NWT Mainland,"65° 16' 48.3""","126° 50' 17.6""","65° 16' 48.5""","126° 50' 24.3"""
1243,NORMAN WELLS D-47X,306M276520126450,Imperial Oil Limited,Suspended,Development Well,1982-11-07 0:00,1982-11-21 0:00,,NWT Mainland,"65° 16' 48.3""","126° 50' 17.1""","65° 16' 48.5""","126° 50' 23.8"""
1805,NORMAN WELLS A-43X,300E286520126450,Imperial Oil Limited,Suspended,Development Well,1995-12-04 0:00,1995-12-21 0:00,EA,NWT Mainland,"65° 16' 48.5""","126° 50' 15.4""","65° 16' 48.7""","126° 50' 22.1"""
29,CANOL E-35X,303N376520126450,Imperial Oil Limited,Suspended,Development Well,1942-12-02 0:00,1943-09-29 0:00,,NWT Mainland,"65° 16' 50.0""","126° 51' 51.0""","65° 16' 50.2""","126° 51' 57.7"""
1128,NORMAN WELLS E-43X,300I376520126450,Imperial Oil Limited,Suspended,Development Well,1979-05-19 0:00,1979-06-05 0:00,,NWT Mainland,"65° 16' 51.3""","126° 50' 1.7""","65° 16' 51.5""","126° 50' 8.4"""
1161,NORMAN WELLS B-39X,305P376520126450,Imperial Oil Limited,Suspended,Development Well,1980-03-27 0:00,1980-04-16 0:00,,NWT Mainland,"65° 16' 54.2""","126° 51' 2.2""","65° 16' 54.4""","126° 51' 8.9"""
1162,NORMAN WELLS D-41X,306P376520126450,Imperial Oil Limited,Suspended,Development Well,1980-04-19 0:00,1980-07-06 0:00,,NWT Mainland,"65° 16' 54.2""","126° 51' 1.8""","65° 16' 54.4""","126° 51' 8.5"""
1286,NORMAN WELLS H-31X,306M376520126450,Imperial Oil Limited,Suspended,Development Well,1983-03-23 0:00,1983-03-31 0:00,,NWT Mainland,"65° 16' 54.3""","126° 52' 23.5""","65° 16' 54.5""","126° 52' 30.2"""
1229,NORMAN WELLS D-39X,305O376520126450,Imperial Oil Limited,Suspended,Development Well,1982-09-17 0:00,1982-09-27 0:00,,NWT Mainland,"65° 16' 54.8""","126° 51' 6.2""","65° 16' 55.0""","126° 51' 12.9"""
74,CANOL C-44X,300M276520126450,Imperial Oil Limited,Suspended,Development Well,1944-10-26 0:00,1944-11-10 0:00,,NWT Mainland,"65° 16' 55.0""","126° 50' 30.0""","65° 16' 55.2""","126° 50' 36.7"""
76,CANOL B-42X,302M276520126450,Imperial Oil Limited,Suspended,Development Well,1944-11-15 0:00,1944-12-02 0:00,,NWT Mainland,"65° 16' 55.0""","126° 50' 30.0""","65° 16' 55.2""","126° 50' 36.7"""
1134,NORMAN WELLS F-35X,305N376520126450,Imperial Oil Limited,Suspended,Development Well,1979-07-04 0:00,1979-08-19 0:00,,NWT Mainland,"65° 16' 56.6""","126° 51' 45.5""","65° 16' 56.8""","126° 51' 52.2"""
1231,NORMAN WELLS C-37X,306O376520126450,Imperial Oil Limited,Suspended,Development Well,1982-09-30 0:00,1982-10-14 0:00,,NWT Mainland,"65° 16' 57.0""","126° 51' 16.6""","65° 16' 57.2""","126° 51' 23.3"""
129,NORMAN WELLS F-29X,306A486520126450,Imperial Oil Limited,Suspended,Development Well,1956-09-10 0:00,1956-10-08 0:00,,NWT Mainland,"65° 17' 0.0""","126° 52' 38.0""","65° 17' 0.2""","126° 52' 44.7"""
20,CANOL E-30X,300A486520126450,Imperial Oil Limited,Suspended,Development Well,1942-08-03 0:00,1942-08-18 0:00,,NWT Mainland,"65° 17' 0.0""","126° 52' 30.0""","65° 17' 0.2""","126° 52' 36.7"""
1227,NORMAN WELLS F-31X,305M376520126450,Imperial Oil Limited,Suspended,Development Well,1982-08-29 0:00,1982-09-15 0:00,,NWT Mainland,"65° 17' 0.1""","126° 52' 19.3""","65° 17' 0.3""","126° 52' 26.0"""
1224,NORMAN WELLS H-29X,308A486520126450,Imperial Oil Limited,Suspended,Development Well,1982-08-13 0:00,1982-08-24 0:00,,NWT Mainland,"65° 17' 0.7""","126° 52' 40.7""","65° 17' 0.9""","126° 52' 47.4"""
1222,NORMAN WELLS E-29X,307A486520126450,Imperial Oil Limited,Suspended,Development Well,1982-08-07 0:00,1982-08-12 0:00,,NWT Mainland,"65° 17' 0.8""","126° 52' 41.1""","65° 17' 1.0""","126° 52' 47.8"""
48,CANOL D-31X,300D386520126450,Imperial Oil Limited,Suspended,Development Well,1944-01-26 0:00,1944-03-06 0:00,,NWT Mainland,"65° 17' 4.0""","126° 52' 17.0""","65° 17' 4.2""","126° 52' 23.7"""
23,CANOL D-32X,302C386520126450,Imperial Oil Limited,Suspended,Development Well,1942-08-28 0:00,1942-09-10 0:00,,NWT Mainland,"65° 17' 4.0""","126° 52' 0.0""","65° 17' 4.2""","126° 52' 6.7"""
1151,NORMAN WELLS F-25X,305B486520126450,Imperial Oil Limited,Suspended,Development Well,1980-01-24 0:00,1980-03-21 0:00,,NWT Mainland,"65° 17' 7.1""","126° 53' 5.9""","65° 17' 7.3""","126° 53' 12.6"""
1217,NORMAN WELLS H-27X,307B486520126450,Imperial Oil Limited,Suspended,Development Well,1982-07-17 0:00,1982-08-04 0:00,,NWT Mainland,"65° 17' 7.2""","126° 53' 5.8""","65° 17' 7.4""","126° 53' 12.5"""
1253,NORMAN WELLS H-25X,304C486520126450,Imperial Oil Limited,Suspended,Development Well,1982-12-17 0:00,1982-12-25 0:00,,NWT Mainland,"65° 17' 8.0""","126° 53' 34.0""","65° 17' 8.2""","126° 53' 40.7"""
1249,NORMAN WELLS H-23X,303C486520126450,Imperial Oil Limited,Suspended,Development Well,1982-12-04 0:00,1982-12-16 0:00,,NWT Mainland,"65° 17' 8.1""","126° 53' 34.9""","65° 17' 8.3""","126° 53' 41.6"""
1247,NORMAN WELLS F-23X,302C486520126450,Imperial Oil Limited,Suspended,Development Well,1982-11-26 0:00,1982-12-04 0:00,,NWT Mainland,"65° 17' 8.2""","126° 53' 35.3""","65° 17' 8.4""","126° 53' 42.0"""
1106,NORMAN WELLS E-26X,303B486520126450,Imperial Oil Limited,Suspended,Development Well,1978-10-25 0:00,1978-12-12 0:00,,NWT Mainland,"65° 17' 8.9""","126° 53' 1.0""","65° 17' 9.1""","126° 53' 7.7"""
1646,NORMAN WELLS H-21X,303M476520126450,Imperial Oil Limited,Suspended,Development Well,1987-04-08 0:00,1987-04-13 0:00,,NWT Mainland,"65° 17' 9.8""","126° 53' 53.5""","65° 17' 10.0""","126° 54' 0.2"""
52,CANOL D-27X,304A486520126450,Imperial Oil Limited,Suspended,Development Well,1944-03-14 0:00,1944-03-31 0:00,,NWT Mainland,"65° 17' 12.0""","126° 52' 51.0""","65° 17' 12.2""","126° 52' 57.7"""
1304,NORMAN WELLS J-16X,300N576520126450,Imperial Oil Limited,Suspended,Development Well,1983-07-12 0:00,1983-07-22 0:00,,NWT Mainland,"65° 17' 15.8""","126° 54' 47.7""","65° 17' 16.0""","126° 54' 54.4"""
24,CANOL C-27X,300H486520126450,Imperial Oil Limited,Suspended,Development Well,1942-08-28 0:00,1942-09-20 0:00,,NWT Mainland,"65° 17' 17.0""","126° 52' 39.0""","65° 17' 17.2""","126° 52' 45.7"""
14,CANOL C-41X,302P376520126450,Imperial Oil Limited,Suspended,Development Well,1942-07-04 0:00,1942-08-12 0:00,,NWT Mainland,"65° 16' 31.0""","126° 57' 7.0""","65° 16' 31.2""","126° 57' 13.7"""
1626,NORMAN WELLS Q-43-1X,302A466520126450,Imperial Oil Limited,Suspended,Development Well,1986-10-07 0:00,1986-10-15 0:00,,NWT Mainland,"65° 15' 12.6""","126° 52' 52.2""","65° 15' 12.8""","126° 52' 58.9"""
1529,NORMAN WELLS Q-43X,300A466520126450,Imperial Oil Limited,Suspended,Development Well,1985-07-27 0:00,1985-08-02 0:00,,NWT Mainland,"65° 15' 14.3""","126° 52' 49.3""","65° 15' 14.5""","126° 52' 56.0"""
1498,NORMAN WELLS Q-41X,300B466520126450,Imperial Oil Limited,Suspended,Development Well,1985-03-13 0:00,1985-03-25 0:00,,NWT Mainland,"65° 15' 14.5""","126° 52' 48.9""","65° 15' 14.7""","126° 52' 55.6"""
58,CANOL BEAR ISLAND O-46X,300E366520126450,Imperial Oil Limited,Suspended,Development Well,1944-04-28 0:00,1944-05-24 0:00,,NWT Mainland,"65° 15' 18.0""","126° 52' 2.0""","65° 15' 18.2""","126° 52' 8.7"""
1809,NORMAN WELLS M-50X,300F266520126450,Imperial Oil Limited,Suspended,Development Well,1996-06-14 0:00,1996-07-09 0:00,EA,NWT Mainland,"65° 15' 19.3""","126° 51' 46.7""","65° 15' 19.5""","126° 51' 53.4"""
1288,NORMAN WELLS O-45X,304E366520126450,Imperial Oil Limited,Suspended,Development Well,1983-04-02 0:00,1983-04-09 0:00,,NWT Mainland,"65° 15' 20.1""","126° 52' 17.5""","65° 15' 20.3""","126° 52' 24.2"""
1688,NORMAN WELLS S-28X,302G566520126450,Imperial Oil Limited,Suspended,Development Well,1988-03-01 0:00,1988-03-06 0:00,EA,NWT Mainland,"65° 15' 20.2""","126° 54' 23.2""","65° 15' 20.4""","126° 54' 29.9"""
1684,NORMAN WELLS S-30X,300G566520126450,Imperial Oil Limited,Suspended,Development Well,1988-03-01 0:00,1988-03-06 0:00,EA,NWT Mainland,"65° 15' 20.3""","126° 54' 42.9""","65° 15' 20.5""","126° 54' 49.6"""
1695,NORMAN WELLS S-34X,304E466520126450,Imperial Oil Limited,Suspended,Development Well,1988-03-28 0:00,1988-04-01 0:00,EA,NWT Mainland,"65° 15' 20.5""","126° 54' 41.8""","65° 15' 20.7""","126° 54' 48.5"""
50,CANOL BEAR ISLAND O-43X,302H466520126450,Imperial Oil Limited,Suspended,Development Well,1944-02-24 0:00,1944-03-30 0:00,,NWT Mainland,"65° 15' 21.0""","126° 52' 32.0""","65° 15' 21.2""","126° 52' 38.7"""
1631,NORMAN WELLS K-50X,300L266520126450,Imperial Oil Limited,Suspended,Development Well,1986-11-16 0:00,1986-12-24 0:00,,NWT Mainland,"65° 15' 23.4""","126° 51' 54.9""","65° 15' 23.6""","126° 52' 1.6"""
1624,NORMAN WELLS Q-38X,302F466520126450,Imperial Oil Limited,Suspended,Development Well,1986-09-25 0:00,1986-10-03 0:00,,NWT Mainland,"65° 15' 25.6""","126° 53' 21.2""","65° 15' 25.8""","126° 53' 27.9"""
47,CANOL BEAR ISLAND O-41X,300H466520126450,Imperial Oil Limited,Suspended,Development Well,1944-01-12 0:00,1944-02-22 0:00,146,NWT Mainland,"65° 15' 26.0""","126° 52' 53.0""","65° 15' 26.2""","126° 52' 59.7"""
1642,NORMAN WELLS Q-36X,303F466520126450,Imperial Oil Limited,Suspended,Development Well,1987-03-10 0:00,1987-03-15 0:00,,NWT Mainland,"65° 15' 27.6""","126° 56' 53.0""","65° 15' 27.8""","126° 56' 59.7"""
1643,NORMAN WELLS Q-34X,303E466520126450,Imperial Oil Limited,Suspended,Development Well,1987-03-15 0:00,1987-03-20 0:00,,NWT Mainland,"65° 15' 27.8""","126° 53' 53.1""","65° 15' 28.0""","126° 53' 59.8"""
1644,NORMAN WELLS Q-32X,303L466520126450,Imperial Oil Limited,Suspended,Development Well,1987-03-21 0:00,1987-03-25 0:00,,NWT Mainland,"65° 15' 27.9""","126° 53' 53.3""","65° 15' 28.1""","126° 54' 0.0"""
1821,NORMAN WELLS P-32X,304M466520126450,Imperial Oil Limited,Suspended,Development Well,1997-06-16 0:00,1997-07-07 0:00,EA,NWT Mainland,"65° 15' 28.9""","126° 53' 56.4""","65° 15' 29.1""","126° 54' 3.1"""
1828,NORMAN WELLS Q-37X,304F466520126450,Imperial Oil Limited,Suspended,Development Well,1997-09-15 0:00,1997-09-21 0:00,EA,NWT Mainland,"65° 15' 28.9""","126° 53' 55.9""","65° 15' 29.1""","126° 54' 2.6"""
1829,NORMAN WELLS O-38X,303J466520126450,Imperial Oil Limited,Suspended,Development Well,1997-09-22 0:00,1997-09-29 0:00,EA,NWT Mainland,"65° 15' 28.9""","126° 53' 55.6""","65° 15' 29.1""","126° 54' 2.3"""
1528,NORMAN WELLS M-48X,300G366520126450,Imperial Oil Limited,Suspended,Development Well,1985-07-18 0:00,1985-07-24 0:00,,NWT Mainland,"65° 15' 29.1""","126° 51' 41.2""","65° 15' 29.3""","126° 51' 47.9"""
59,CANOL BEAR ISLAND P-38X,300J466520126450,Imperial Oil Limited,Suspended,Development Well,1944-04-30 0:00,1944-05-23 0:00,,NWT Mainland,"65° 15' 30.0""","126° 53' 19.0""","65° 15' 30.2""","126° 53' 25.7"""
38,CANOL BEAR ISLAND N-44X,300L366520126450,Imperial Oil Limited,Suspended,Development Well,1943-06-26 0:00,1943-08-14 0:00,,NWT Mainland,"65° 15' 30.0""","126° 52' 10.0""","65° 15' 30.2""","126° 52' 16.7"""
1826,NORMAN WELLS O-40X,302J466520126450,Imperial Oil Limited,Suspended,Development Well,1997-09-07 0:00,1997-09-13 0:00,EA,NWT Mainland,"65° 15' 30.4""","126° 52' 31.3""","65° 15' 30.6""","126° 52' 38.0"""
1824,NORMAN WELLS M-39X,304P466520126450,Imperial Oil Limited,Suspended,Development Well,1997-08-17 0:00,1997-08-29 0:00,EA,NWT Mainland,"65° 15' 30.7""","126° 52' 31.0""","65° 15' 30.9""","126° 52' 37.7"""
1822,NORMAN WELLS M-42X,303L366520126450,Imperial Oil Limited,Suspended,Development Well,1997-07-13 0:00,1997-08-16 0:00,EA,NWT Mainland,"65° 15' 30.8""","126° 52' 30.9""","65° 15' 31.0""","126° 52' 37.6"""
75,CANOL BEAR ISLAND M-46X,300K366520126450,Imperial Oil Limited,Suspended,Development Well,1944-11-11 0:00,1944-12-07 0:00,,NWT Mainland,"65° 15' 31.9""","126° 51' 48.8""","65° 15' 32.1""","126° 51' 55.5"""
1303,NORMAN WELLS K-46X,300O366520126450,Imperial Oil Limited,Suspended,Development Well,1983-07-05 0:00,1983-07-12 0:00,,NWT Mainland,"65° 15' 34.8""","126° 51' 57.6""","65° 15' 35.0""","126° 52' 4.3"""
1144,CANOL BEAR ISLAND M-44X,302K366520126450,Imperial Oil Limited,Suspended,Development Well,1979-11-01 0:00,1979-11-19 0:00,,NWT Mainland,"65° 15' 35.2""","126° 51' 59.0""","65° 15' 35.4""","126° 52' 5.7"""
1298,NORMAN WELLS K-44X,300N366520126450,Imperial Oil Limited,Suspended,Development Well,1983-06-21 0:00,1983-06-28 0:00,,NWT Mainland,"65° 15' 35.3""","126° 51' 58.4""","65° 15' 35.5""","126° 52' 5.1"""
1629,NORMAN WELLS O-34X,303K466520126450,Imperial Oil Limited,Suspended,Development Well,1986-10-27 0:00,1986-11-03 0:00,,NWT Mainland,"65° 15' 36.6""","126° 53' 30.8""","65° 15' 36.8""","126° 53' 37.5"""
1261,NORMAN WELLS K-48X,300J366520126450,Imperial Oil Limited,Suspended,Development Well,1983-01-16 0:00,1983-01-28 0:00,,NWT Mainland,"65° 15' 37.1""","126° 51' 10.2""","65° 15' 37.3""","126° 51' 16.9"""
1811,NORMAN WELLS J-52X,302P266520126450,Imperial Oil Limited,Suspended,Development Well,1996-08-17 0:00,1996-09-13 0:00,EA,NWT Mainland,"65° 15' 37.4""","126° 51' 8.7""","65° 15' 37.6""","126° 51' 15.4"""
73,CANOL BEAR ISLAND M-43X,302L366520126450,Imperial Oil Limited,Suspended,Development Well,1944-10-18 0:00,1944-11-09 0:00,,NWT Mainland,"65° 15' 37.6""","126° 52' 14.3""","65° 15' 37.8""","126° 52' 21.0"""
1309,NORMAN WELLS M-36X,302O466520126450,Imperial Oil Limited,Suspended,Development Well,1983-07-21 0:00,1983-07-27 0:00,,NWT Mainland,"65° 15' 38.0""","126° 53' 12.4""","65° 15' 38.2""","126° 53' 19.1"""
1315,NORMAN WELLS M-38X,300P466520126450,Imperial Oil Limited,Suspended,Development Well,1983-08-01 0:00,1983-08-07 0:00,,NWT Mainland,"65° 15' 38.0""","126° 53' 11.5""","65° 15' 38.2""","126° 53' 18.2"""
1267,NORMAN WELLS O-36X,302K466520126450,Imperial Oil Limited,Suspended,Development Well,1983-02-01 0:00,1983-02-13 0:00,,NWT Mainland,"65° 15' 38.6""","126° 53' 26.3""","65° 15' 38.8""","126° 53' 33.0"""
41,CANOL BEAR ISLAND N-34X,300N466520126450,Imperial Oil Limited,Suspended,Development Well,1943-08-20 0:00,1943-10-15 0:00,,NWT Mainland,"65° 15' 39.0""","126° 53' 22.0""","65° 15' 39.2""","126° 53' 28.7"""
1559,NORMAN WELLS Q-26X,300O566520126450,Imperial Oil Limited,Suspended,Development Well,1985-11-27 0:00,1985-12-08 0:00,,NWT Mainland,"65° 15' 50.7""","126° 54' 52.7""","65° 15' 50.9""","126° 54' 59.4"""
1565,NORMAN WELLS Q-28X,300J566520126450,Imperial Oil Limited,Suspended,Development Well,1985-12-14 0:00,1985-12-19 0:00,,NWT Mainland,"65° 15' 50.8""","126° 54' 52.1""","65° 15' 51.0""","126° 54' 58.8"""
1568,NORMAN WELLS O-24X,305B576520126450,Imperial Oil Limited,Suspended,Development Well,1985-12-20 0:00,1985-12-26 0:00,,NWT Mainland,"65° 15' 50.9""","126° 54' 51.8""","65° 15' 51.1""","126° 54' 58.5"""
1572,NORMAN WELLS O-26X,304A576520126450,Imperial Oil Limited,Suspended,Development Well,1985-12-27 0:00,1986-01-01 0:00,,NWT Mainland,"65° 15' 50.9""","126° 54' 51.5""","65° 15' 51.1""","126° 54' 58.2"""
1574,NORMAN WELLS Q-30X,300I566520126450,Imperial Oil Limited,Suspended,Development Well,1986-01-07 0:00,1986-01-14 0:00,,NWT Mainland,"65° 15' 51.0""","126° 54' 50.7""","65° 15' 51.2""","126° 54' 57.4"""
1585,NORMAN WELLS O-28X,303P566520126450,Imperial Oil Limited,Suspended,Development Well,1986-01-25 0:00,1986-02-01 0:00,,NWT Mainland,"65° 15' 51.2""","126° 54' 52.4""","65° 15' 51.4""","126° 54' 59.1"""
1602,NORMAN WELLS O-32X,302M466520126450,Imperial Oil Limited,Suspended,Development Well,1986-02-17 0:00,1986-03-04 0:00,,NWT Mainland,"65° 15' 51.3""","126° 54' 49.8""","65° 15' 51.5""","126° 54' 56.5"""
1607,NORMAN WELLS O-30X,303M466520126450,Imperial Oil Limited,Suspended,Development Well,1986-03-05 0:00,1986-03-13 0:00,,NWT Mainland,"65° 15' 51.3""","126° 54' 49.6""","65° 15' 51.5""","126° 54' 56.3"""
1538,NORMAN WELLS S-17X,300P666520126450,Imperial Oil Limited,Suspended,Development Well,1985-09-06 0:00,1985-09-14 0:00,,NWT Mainland,"65° 15' 53.5""","126° 56' 2.7""","65° 15' 53.7""","126° 56' 9.4"""
1541,NORMAN WELLS S-20X,303P666520126450,Imperial Oil Limited,Suspended,Development Well,1985-09-20 0:00,1985-09-26 0:00,,NWT Mainland,"65° 15' 53.5""","126° 56' 2.0""","65° 15' 53.7""","126° 56' 8.7"""
1544,NORMAN WELLS Q-20X,303D576520126450,Imperial Oil Limited,Suspended,Development Well,1985-09-26 0:00,1985-10-01 0:00,,NWT Mainland,"65° 15' 53.5""","126° 56' 1.8""","65° 15' 53.7""","126° 56' 8.5"""
1546,NORMAN WELLS S-22X,300L566520126450,Imperial Oil Limited,Suspended,Development Well,1985-10-02 0:00,1985-10-08 0:00,,NWT Mainland,"65° 15' 53.6""","126° 56' 1.5""","65° 15' 53.8""","126° 56' 8.2"""
1549,NORMAN WELLS S-24X,300K566520126450,Imperial Oil Limited,Suspended,Development Well,1985-10-13 0:00,1985-10-19 0:00,,NWT Mainland,"65° 15' 53.6""","126° 56' 0.9""","65° 15' 53.8""","126° 56' 7.6"""
1551,NORMAN WELLS Q-22X,300N566520126450,Imperial Oil Limited,Suspended,Development Well,1985-10-20 0:00,1985-10-27 0:00,,NWT Mainland,"65° 15' 53.6""","126° 56' 0.6""","65° 15' 53.8""","126° 56' 7.3"""
1554,NORMAN WELLS Q-24X,303N566520126450,Imperial Oil Limited,Suspended,Development Well,1985-11-03 0:00,1985-11-11 0:00,,NWT Mainland,"65° 15' 53.7""","126° 55' 59.9""","65° 15' 53.9""","126° 56' 6.6"""
1513,NORMAN WELLS I-40X,303C376520126450,Imperial Oil Limited,Suspended,Development Well,1985-05-11 0:00,1985-06-03 0:00,,NWT Mainland,"65° 15' 58.5""","126° 52' 13.2""","65° 15' 58.7""","126° 52' 19.9"""
1514,NORMAN WELLS K-40X,302M366520126450,Imperial Oil Limited,Suspended,Development Well,1985-05-13 0:00,1985-05-29 0:00,,NWT Mainland,"65° 15' 58.5""","126° 52' 13.0""","65° 15' 58.7""","126° 52' 19.7"""
1512,NORMAN WELLS I-42X,302C376520126450,Imperial Oil Limited,Suspended,Development Well,1985-05-04 0:00,1985-05-10 0:00,,NWT Mainland,"65° 15' 58.5""","126° 52' 12.9""","65° 15' 58.7""","126° 52' 19.6"""
1506,NORMAN WELLS K-42X,303N366520126450,Imperial Oil Limited,Suspended,Development Well,1985-04-15 0:00,1985-04-21 0:00,,NWT Mainland,"65° 15' 58.5""","126° 52' 12.5""","65° 15' 58.7""","126° 52' 19.2"""
1524,NORMAN WELLS K-38X,303D376520126450,Imperial Oil Limited,Suspended,Development Well,1985-06-29 0:00,1985-07-03 0:00,,NWT Mainland,"65° 15' 58.6""","126° 52' 14.0""","65° 15' 58.8""","126° 52' 20.7"""
1517,NORMAN WELLS M-40X,304I466520126450,Imperial Oil Limited,Suspended,Development Well,1985-06-04 0:00,1985-06-10 0:00,,NWT Mainland,"65° 15' 58.6""","126° 52' 13.4""","65° 15' 58.8""","126° 52' 20.1"""
1673,NORMAN WELLS T-16X,300J666520126450,Imperial Oil Limited,Suspended,Development Well,1987-12-11 0:00,1987-12-18 0:00,EA,NWT Mainland,"65° 15' 59.2""","126° 56' 31.8""","65° 15' 59.4""","126° 56' 38.5"""
1645,NORMAN WELLS E-32-1X,307M376520126450,Imperial Oil Limited,Suspended,Development Well,1987-03-29 0:00,1987-04-05 0:00,,NWT Mainland,"65° 15' 59.9""","126° 52' 13.4""","65° 16' 0.1""","126° 52' 20.1"""
88,CANOL GOOSE ISLAND P-22X,302C576520126450,Imperial Oil Limited,Suspended,Development Well,1945-02-16 0:00,1945-03-05 0:00,,NWT Mainland,"65° 16' 3.0""","126° 55' 31.0""","65° 16' 3.2""","126° 55' 37.7"""
1383,NORMAN WELLS S-12X,302C676520126450,Imperial Oil Limited,Suspended,Development Well,1984-03-02 0:00,1984-03-14 0:00,,NWT Mainland,"65° 16' 6.0""","126° 57' 19.0""","65° 16' 6.2""","126° 57' 25.7"""
1283,NORMAN WELLS Q-17-1X,303A676520126450,Imperial Oil Limited,Suspended,Development Well,1983-03-11 0:00,1983-03-16 0:00,,NWT Mainland,"65° 16' 6.3""","126° 56' 21.4""","65° 16' 6.5""","126° 56' 28.1"""
1441,NORMAN WELLS S-14X,300O666520126450,Imperial Oil Limited,Suspended,Development Well,1984-09-01 0:00,1984-09-06 0:00,,NWT Mainland,"65° 16' 6.4""","126° 57' 18.4""","65° 16' 6.6""","126° 57' 25.1"""
1440,NORMAN WELLS S-10X,303C676520126450,Imperial Oil Limited,Suspended,Development Well,1984-08-25 0:00,1984-09-01 0:00,,NWT Mainland,"65° 16' 6.5""","126° 57' 18.7""","65° 16' 6.7""","126° 57' 25.4"""
1448,NORMAN WELLS K-36X,302A476520126450,Imperial Oil Limited,Suspended,Development Well,1984-10-06 0:00,1984-10-11 0:00,,NWT Mainland,"65° 16' 11.4""","126° 58' 1.5""","65° 16' 11.6""","126° 58' 8.2"""
1449,NORMAN WELLS I-34X,302H476520126450,Imperial Oil Limited,Suspended,Development Well,1984-10-12 0:00,1984-10-19 0:00,,NWT Mainland,"65° 16' 11.4""","126° 53' 1.6""","65° 16' 11.6""","126° 53' 8.3"""
1461,NORMAN WELLS M-34X,304O466520126450,Imperial Oil Limited,Suspended,Development Well,1984-11-22 0:00,1984-11-28 0:00,,NWT Mainland,"65° 16' 11.5""","126° 53' 2.5""","65° 16' 11.7""","126° 53' 9.2"""
1459,NORMAN WELLS I-32X,303H476520126450,Imperial Oil Limited,Suspended,Development Well,1984-11-13 0:00,1984-11-22 0:00,,NWT Mainland,"65° 16' 11.5""","126° 53' 2.4""","65° 16' 11.7""","126° 53' 9.1"""
1456,NORMAN WELLS K-34X,300B476520126450,Imperial Oil Limited,Suspended,Development Well,1984-11-02 0:00,1984-11-05 0:00,,NWT Mainland,"65° 16' 11.5""","126° 53' 2.1""","65° 16' 11.7""","126° 53' 8.8"""
1896,NORMAN WELLS M-37X,306P466520126450,Imperial Oil Limited,Suspended,Development Well,2000-07-31 0:00,2000-08-10 0:00,,NWT Mainland,"65° 16' 11.5""","126° 53' 0.0""","65° 16' 11.7""","126° 53' 6.7"""
1895,NORMAN WELLS I-35X,304H476520126450,Imperial Oil Limited,Suspended,Development Well,2000-07-22 0:00,2000-07-30 0:00,,NWT Mainland,"65° 16' 11.5""","126° 52' 59.8""","65° 16' 11.7""","126° 53' 6.5"""
1893,NORMAN WELLS K-37X,304A476520126450,Imperial Oil Limited,Suspended,Development Well,2000-07-04 0:00,2000-07-13 0:00,,NWT Mainland,"65° 16' 11.5""","126° 52' 59.5""","65° 16' 11.7""","126° 53' 6.2"""
1469,NORMAN WELLS M-32X,304C476520126450,Imperial Oil Limited,Suspended,Development Well,1984-12-19 0:00,1984-12-28 0:00,,NWT Mainland,"65° 16' 11.6""","126° 53' 3.1""","65° 16' 11.8""","126° 53' 9.8"""
1465,NORMAN WELLS K-32X,304B476520126450,Imperial Oil Limited,Suspended,Development Well,1984-12-13 0:00,1984-12-19 0:00,,NWT Mainland,"65° 16' 11.6""","126° 53' 2.9""","65° 16' 11.8""","126° 53' 9.6"""
1899,NORMAN WELLS M-31X,305C476520126450,Imperial Oil Limited,Suspended,Development Well,2000-08-26 0:00,2000-09-02 0:00,,NWT Mainland,"65° 16' 11.6""","126° 53' 0.4""","65° 16' 11.8""","126° 53' 7.1"""
1898,NORMAN WELLS K-33X,306B476520126450,Imperial Oil Limited,Suspended,Development Well,2000-08-19 0:00,2000-08-25 0:00,EA,NWT Mainland,"65° 16' 11.6""","126° 53' 0.3""","65° 16' 11.8""","126° 53' 7.0"""
83,CANOL GOOSE ISLAND O-20X,300C576520126450,Imperial Oil Limited,Suspended,Development Well,1945-01-01 0:00,1945-01-29 0:00,,NWT Mainland,"65° 16' 12.0""","126° 55' 45.0""","65° 16' 12.2""","126° 55' 51.7"""
65,CANOL GOOSE ISLAND Q-15X,300A676520126450,Imperial Oil Limited,Suspended,Development Well,1944-07-20 0:00,1944-08-27 0:00,,NWT Mainland,"65° 16' 13.0""","126° 56' 35.0""","65° 16' 13.2""","126° 56' 41.7"""
86,CANOL GOOSE ISLAND N-22X,300B576520126450,Imperial Oil Limited,Suspended,Development Well,1945-02-01 0:00,1945-02-22 0:00,,NWT Mainland,"65° 16' 13.0""","126° 55' 17.0""","65° 16' 13.2""","126° 55' 23.7"""
1496,NORMAN WELLS Q-14X,303B676520126450,Imperial Oil Limited,Suspended,Development Well,1985-03-03 0:00,1985-03-09 0:00,,NWT Mainland,"65° 16' 14.0""","126° 56' 33.1""","65° 16' 14.2""","126° 56' 39.8"""
1475,NORMAN WELLS O-18X,304E576520126450,Imperial Oil Limited,Suspended,Development Well,1985-01-11 0:00,1985-01-16 0:00,,NWT Mainland,"65° 16' 17.0""","126° 56' 0.0""","65° 16' 17.2""","126° 56' 6.7"""
1279,NORMAN WELLS Q-12X,303G676520126450,Imperial Oil Limited,Suspended,Development Well,1983-02-24 0:00,1983-03-02 0:00,,NWT Mainland,"65° 16' 17.3""","126° 57' 1.0""","65° 16' 17.5""","126° 57' 7.7"""
1393,NORMAN WELLS E-46X,302E276520126450,Imperial Oil Limited,Suspended,Development Well,1984-03-28 0:00,1984-04-03 0:00,,NWT Mainland,"65° 16' 19.4""","126° 50' 49.6""","65° 16' 19.6""","126° 50' 56.3"""
1388,NORMAN WELLS G-48X,300D276520126450,Imperial Oil Limited,Suspended,Development Well,1984-03-19 0:00,1984-03-27 0:00,,NWT Mainland,"65° 16' 19.4""","126° 50' 49.4""","65° 16' 19.6""","126° 50' 56.1"""
1535,NORMAN WELLS S-08X,300D676520126450,Imperial Oil Limited,Suspended,Development Well,1985-08-15 0:00,1985-08-21 0:00,,NWT Mainland,"65° 16' 19.5""","126° 57' 53.2""","65° 16' 19.7""","126° 57' 59.9"""
1410,NORMAN WELLS I-46X,300P366520126450,Imperial Oil Limited,Suspended,Development Well,1984-05-10 0:00,1984-06-06 0:00,,NWT Mainland,"65° 16' 19.5""","126° 50' 50.3""","65° 16' 19.7""","126° 50' 57.0"""
1398,NORMAN WELLS E-42X,302I376520126450,Imperial Oil Limited,Suspended,Development Well,1984-04-15 0:00,1984-04-21 0:00,,NWT Mainland,"65° 16' 19.5""","126° 50' 50.2""","65° 16' 19.7""","126° 50' 56.9"""
1411,NORMAN WELLS I-48X,302P366520126450,Imperial Oil Limited,Suspended,Development Well,1984-05-12 0:00,1984-05-31 0:00,,NWT Mainland,"65° 16' 19.5""","126° 50' 50.2""","65° 16' 19.7""","126° 50' 56.9"""
1397,NORMAN WELLS G-46X,300A376520126450,Imperial Oil Limited,Suspended,Development Well,1984-04-10 0:00,1984-04-14 0:00,,NWT Mainland,"65° 16' 19.5""","126° 50' 50.0""","65° 16' 19.7""","126° 50' 56.7"""
1395,NORMAN WELLS E-44X,300L276520126450,Imperial Oil Limited,Suspended,Development Well,1984-04-04 0:00,1984-04-10 0:00,,NWT Mainland,"65° 16' 19.5""","126° 50' 49.9""","65° 16' 19.7""","126° 50' 56.6"""
1418,NORMAN WELLS G-44X,302H376520126450,Imperial Oil Limited,Suspended,Development Well,1984-06-14 0:00,1984-06-21 0:00,,NWT Mainland,"65° 16' 19.6""","126° 50' 50.9""","65° 16' 19.8""","126° 50' 57.6"""
1414,NORMAN WELLS I-44X,300B376520126450,Imperial Oil Limited,Suspended,Development Well,1984-06-07 0:00,1984-06-14 0:00,,NWT Mainland,"65° 16' 19.6""","126° 50' 50.6""","65° 16' 19.8""","126° 50' 57.3"""
1407,NORMAN WELLS G-42X,302G376520126450,Imperial Oil Limited,Suspended,Development Well,1984-05-03 0:00,1984-05-10 0:00,,NWT Mainland,"65° 16' 19.7""","126° 50' 51.5""","65° 16' 19.9""","126° 50' 58.2"""
70,CANOL GOOSE ISLAND Q-10X,300F676520126450,Imperial Oil Limited,Suspended,Development Well,1944-08-27 0:00,1944-09-13 0:00,,NWT Mainland,"65° 16' 20.0""","126° 57' 40.0""","65° 16' 20.2""","126° 57' 46.7"""
1669,NORMAN WELLS S-05X,303A776520126450,Imperial Oil Limited,Suspended,Development Well,1987-11-19 0:00,1987-11-28 0:00,EA,NWT Mainland,"65° 16' 20.5""","126° 57' 57.6""","65° 16' 20.7""","126° 58' 4.3"""
42,CANOL GOOSE ISLAND O-15X,300H676520126450,Imperial Oil Limited,Suspended,Development Well,1943-08-27 0:00,1943-10-06 0:00,,NWT Mainland,"65° 16' 22.0""","126° 56' 24.0""","65° 16' 22.2""","126° 56' 30.7"""
64,CANOL GOOSE ISLAND O-17X,300E576520126450,Imperial Oil Limited,Suspended,Development Well,1944-06-28 0:00,1944-07-17 0:00,,NWT Mainland,"65° 16' 22.0""","126° 55' 56.0""","65° 16' 22.2""","126° 56' 2.7"""
51,CANOL GOOSE ISLAND P-12X,300G676520126450,Imperial Oil Limited,Suspended,Development Well,1944-03-06 0:00,1944-04-05 0:00,,NWT Mainland,"65° 16' 23.0""","126° 56' 54.0""","65° 16' 23.2""","126° 57' 0.7"""
1324,NORMAN WELLS I-30X,300J476520126450,Imperial Oil Limited,Suspended,Development Well,1983-09-16 0:00,1983-09-24 0:00,,NWT Mainland,"65° 16' 23.9""","126° 53' 49.2""","65° 16' 24.1""","126° 53' 55.9"""
1325,NORMAN WELLS K-30X,300F476520126450,Imperial Oil Limited,Suspended,Development Well,1983-09-25 0:00,1983-10-01 0:00,,NWT Mainland,"65° 16' 23.9""","126° 53' 49.1""","65° 16' 24.1""","126° 53' 55.8"""
1328,NORMAN WELLS I-28X,300K476520126450,Imperial Oil Limited,Suspended,Development Well,1983-10-02 0:00,1983-10-12 0:00,,NWT Mainland,"65° 16' 24.0""","126° 53' 49.7""","65° 16' 24.2""","126° 53' 56.4"""
1336,NORMAN WELLS I-26X,302K476520126450,Imperial Oil Limited,Suspended,Development Well,1983-10-28 0:00,1983-11-08 0:00,,NWT Mainland,"65° 16' 24.1""","126° 53' 50.4""","65° 16' 24.3""","126° 53' 57.1"""
1334,NORMAN WELLS M-30X,302D476520126450,Imperial Oil Limited,Suspended,Development Well,1983-10-19 0:00,1983-10-28 0:00,,NWT Mainland,"65° 16' 24.1""","126° 53' 50.2""","65° 16' 24.3""","126° 53' 56.9"""
1332,NORMAN WELLS K-28X,302F476520126450,Imperial Oil Limited,Suspended,Development Well,1983-10-13 0:00,1983-10-18 0:00,,NWT Mainland,"65° 16' 24.1""","126° 53' 50.1""","65° 16' 24.3""","126° 53' 56.8"""
1341,NORMAN WELLS K-26X,300E476520126450,Imperial Oil Limited,Suspended,Development Well,1983-11-17 0:00,1983-11-23 0:00,,NWT Mainland,"65° 16' 24.2""","126° 53' 50.9""","65° 16' 24.4""","126° 53' 57.6"""
1338,NORMAN WELLS M-28X,303D476520126450,Imperial Oil Limited,Suspended,Development Well,1983-11-09 0:00,1983-11-17 0:00,,NWT Mainland,"65° 16' 24.2""","126° 53' 50.5""","65° 16' 24.4""","126° 53' 57.2"""
1343,NORMAN WELLS M-26X,303A576520126450,Imperial Oil Limited,Suspended,Development Well,1983-11-24 0:00,1983-12-01 0:00,,NWT Mainland,"65° 16' 24.3""","126° 53' 51.1""","65° 16' 24.5""","126° 53' 57.8"""
1910,NORMAN WELLS O-16X,305E576520126450,Imperial Oil Limited,Suspended,Development Well,2001-07-12 0:00,2001-07-19 0:00,,NWT Mainland,"65° 16' 24.7""","126° 55' 43.4""","65° 16' 24.9""","126° 55' 50.1"""
1911,NORMAN WELLS O-19X,304D576520126450,Imperial Oil Limited,Suspended,Development Well,2001-07-20 0:00,2001-07-27 0:00,,NWT Mainland,"65° 16' 24.7""","126° 55' 42.6""","65° 16' 24.9""","126° 55' 49.3"""
1912,NORMAN WELLS M-19X,302K576520126450,Imperial Oil Limited,Suspended,Development Well,2001-07-28 0:00,2001-08-04 0:00,,NWT Mainland,"65° 16' 24.7""","126° 55' 41.8""","65° 16' 24.9""","126° 55' 48.5"""
1437,NORMAN WELLS Q-08X,303F676520126450,Imperial Oil Limited,Suspended,Development Well,1984-08-16 0:00,1984-08-22 0:00,,NWT Mainland,"65° 16' 26.7""","126° 57' 36.7""","65° 16' 26.9""","126° 57' 43.4"""
1536,NORMAN WELLS Q-06X,302L676520126450,Imperial Oil Limited,Suspended,Development Well,1985-08-23 0:00,1985-08-31 0:00,,NWT Mainland,"65° 16' 29.6""","126° 58' 1.1""","65° 16' 29.8""","126° 58' 7.8"""
32,CANOL GOOSE ISLAND O-12X,300I676520126450,Imperial Oil Limited,Suspended,Development Well,1944-01-15 0:00,1944-03-02 0:00,,NWT Mainland,"65° 16' 32.0""","126° 56' 39.0""","65° 16' 32.2""","126° 56' 45.7"""
66,CANOL GOOSE ISLAND N-14X,300L576520126450,Imperial Oil Limited,Suspended,Development Well,1944-07-21 0:00,1944-08-16 0:00,,NWT Mainland,"65° 16' 32.0""","126° 56' 12.0""","65° 16' 32.2""","126° 56' 18.7"""
1394,NORMAN WELLS G-38X,300F376520126450,Imperial Oil Limited,Suspended,Development Well,1984-04-02 0:00,1984-04-07 0:00,,NWT Mainland,"65° 16' 33.7""","126° 52' 3.9""","65° 16' 33.9""","126° 52' 10.6"""
1390,NORMAN WELLS G-40X,300G376520126450,Imperial Oil Limited,Suspended,Development Well,1984-03-24 0:00,1984-04-01 0:00,,NWT Mainland,"65° 16' 33.7""","126° 52' 3.6""","65° 16' 33.9""","126° 52' 10.3"""
1404,NORMAN WELLS I-36X,302E376520126450,Imperial Oil Limited,Suspended,Development Well,1984-04-24 0:00,1984-05-01 0:00,,NWT Mainland,"65° 16' 33.8""","126° 52' 4.8""","65° 16' 34.0""","126° 52' 11.5"""
1399,NORMAN WELLS G-36X,300L376520126450,Imperial Oil Limited,Suspended,Development Well,1984-04-16 0:00,1984-04-23 0:00,,NWT Mainland,"65° 16' 33.8""","126° 52' 4.5""","65° 16' 34.0""","126° 52' 11.2"""
1396,NORMAN WELLS I-38X,300E376520126450,Imperial Oil Limited,Suspended,Development Well,1984-04-07 0:00,1984-04-16 0:00,,NWT Mainland,"65° 16' 33.8""","126° 52' 4.2""","65° 16' 34.0""","126° 52' 10.9"""
1406,NORMAN WELLS G-34X,302L376520126450,Imperial Oil Limited,Suspended,Development Well,1984-05-02 0:00,1984-05-07 0:00,,NWT Mainland,"65° 16' 33.9""","126° 52' 5.0""","65° 16' 34.1""","126° 52' 11.7"""
402,GOOSE ISLAND M-15X,302L576520126451,Imperial Oil Limited,Suspended,Development Well,1998-09-07 0:00,1998-09-14 0:00,,NWT Mainland,"65° 16' 34.3""","126° 56' 10.1""","65° 16' 34.5""","126° 56' 16.8"""
1260,NORMAN WELLS O-10X,302J676520126450,Imperial Oil Limited,Suspended,Development Well,1983-01-07 0:00,1983-01-12 0:00,,NWT Mainland,"65° 16' 35.2""","126° 56' 57.0""","65° 16' 35.4""","126° 57' 3.7"""
1679,NORMAN WELLS O-08X,303K676520126450,Imperial Oil Limited,Suspended,Development Well,1988-01-27 0:00,1988-02-03 0:00,EA,NWT Mainland,"65° 16' 35.4""","126° 57' 17.3""","65° 16' 35.6""","126° 57' 24.0"""
1362,NORMAN WELLS K-24X,302L476520126450,Imperial Oil Limited,Suspended,Development Well,1984-01-19 0:00,1984-01-28 0:00,,NWT Mainland,"65° 16' 36.1""","126° 54' 40.4""","65° 16' 36.3""","126° 54' 47.1"""
1347,NORMAN WELLS M-24X,303H576520126450,Imperial Oil Limited,Suspended,Development Well,1983-12-05 0:00,1983-12-18 0:00,,NWT Mainland,"65° 16' 36.2""","126° 54' 41.1""","65° 16' 36.4""","126° 54' 47.8"""
1349,NORMAN WELLS I-22X,300M476520126450,Imperial Oil Limited,Suspended,Development Well,1983-12-19 0:00,1984-01-01 0:00,,NWT Mainland,"65° 16' 36.2""","126° 54' 41.0""","65° 16' 36.4""","126° 54' 47.7"""
1354,NORMAN WELLS I-24X,302M476520126450,Imperial Oil Limited,Suspended,Development Well,1984-01-02 0:00,1984-01-13 0:00,,NWT Mainland,"65° 16' 36.2""","126° 54' 40.7""","65° 16' 36.4""","126° 54' 47.4"""
1358,NORMAN WELLS K-22X,300I576520126450,Imperial Oil Limited,Suspended,Development Well,1984-01-14 0:00,1984-01-19 0:00,,NWT Mainland,"65° 16' 36.2""","126° 54' 40.5""","65° 16' 36.4""","126° 54' 47.2"""
1333,NORMAN WELLS K-20X,302J576520126450,Imperial Oil Limited,Suspended,Development Well,1983-10-17 0:00,1983-10-25 0:00,,NWT Mainland,"65° 16' 36.3""","126° 54' 41.8""","65° 16' 36.5""","126° 54' 48.5"""
1323,NORMAN WELLS K-17X,302O576520126450,Imperial Oil Limited,Suspended,Development Well,1983-09-11 0:00,1983-09-24 0:00,,NWT Mainland,"65° 16' 36.4""","126° 54' 42.3""","65° 16' 36.6""","126° 54' 49.0"""
1326,NORMAN WELLS M-18X,300K576520126450,Imperial Oil Limited,Suspended,Development Well,1983-09-25 0:00,1983-10-07 0:00,,NWT Mainland,"65° 16' 36.4""","126° 54' 42.1""","65° 16' 36.6""","126° 54' 48.8"""
1329,NORMAN WELLS M-20X,302G576520126450,Imperial Oil Limited,Suspended,Development Well,1983-10-07 0:00,1983-10-17 0:00,,NWT Mainland,"65° 16' 36.4""","126° 54' 42.0""","65° 16' 36.6""","126° 54' 48.7"""
1335,NORMAN WELLS M-22X,303G576520126450,Imperial Oil Limited,Suspended,Development Well,1983-10-26 0:00,1983-11-04 0:00,,NWT Mainland,"65° 16' 36.4""","126° 54' 41.4""","65° 16' 36.6""","126° 54' 48.1"""
1665,NORMAN WELLS K-12X,302M576520126450,Imperial Oil Limited,Suspended,Development Well,1987-10-21 0:00,1987-10-30 0:00,EA,NWT Mainland,"65° 16' 38.7""","126° 56' 25.1""","65° 16' 38.9""","126° 56' 31.8"""
1666,NORMAN WELLS M-08X,300O676520126450,Imperial Oil Limited,Suspended,Development Well,1987-10-31 0:00,1987-11-06 0:00,EA,NWT Mainland,"65° 16' 39.0""","126° 56' 24.3""","65° 16' 39.2""","126° 56' 31.0"""
1424,NORMAN WELLS M-15-1X,305L576520126450,Imperial Oil Limited,Suspended,Development Well,1984-06-30 0:00,1984-07-06 0:00,,NWT Mainland,"65° 16' 39.7""","126° 56' 26.1""","65° 16' 39.9""","126° 56' 32.8"""
1427,NORMAN WELLS K-14X,302N576520126450,Imperial Oil Limited,Suspended,Development Well,1984-07-06 0:00,1984-07-18 0:00,,NWT Mainland,"65° 16' 39.8""","126° 56' 26.5""","65° 16' 40.0""","126° 56' 33.2"""
1434,NORMAN WELLS M-12X,303I676520126450,Imperial Oil Limited,Suspended,Development Well,1984-07-24 0:00,1984-07-29 0:00,,NWT Mainland,"65° 16' 39.9""","126° 56' 27.2""","65° 16' 40.1""","126° 56' 33.9"""
1435,NORMAN WELLS M-10X,300P676520126450,Imperial Oil Limited,Suspended,Development Well,1984-07-29 0:00,1984-08-03 0:00,,NWT Mainland,"65° 16' 40.0""","126° 56' 27.5""","65° 16' 40.2""","126° 56' 34.2"""
1677,NORMAN WELLS T-14X,303N666520126450,Imperial Oil Limited,Suspended,Development Well,1988-01-17 0:00,1988-01-24 0:00,EA,NWT Mainland,"65° 16' 45.5""","126° 56' 56.3""","65° 16' 45.7""","126° 57' 3.0"""
1236,NORMAN WELLS D-42X,304M276520126450,Imperial Oil Limited,Suspended,Development Well,1982-10-18 0:00,1982-10-27 0:00,,NWT Mainland,"65° 16' 48.3""","126° 50' 18.0""","65° 16' 48.5""","126° 50' 24.7"""
1238,NORMAN WELLS D-44X,305M276520126450,Imperial Oil Limited,Suspended,Development Well,1982-10-28 0:00,1982-11-06 0:00,,NWT Mainland,"65° 16' 48.3""","126° 50' 17.1""","65° 16' 48.5""","126° 50' 23.8"""
26,CANOL E-33-1X,302M376520126450,Imperial Oil Limited,Suspended,Development Well,1942-10-02 0:00,1942-10-16 0:00,,NWT Mainland,"65° 16' 51.0""","126° 52' 8.0""","65° 16' 51.2""","126° 52' 14.7"""
1802,NORMAN WELLS C-52X,300L176520126450,Imperial Oil Limited,Suspended,Development Well,1995-08-03 0:00,1995-09-05 0:00,EA,NWT Mainland,"65° 16' 51.4""","126° 50' 16.2""","65° 16' 51.6""","126° 50' 22.9"""
1650,NORMAN WELLS F-50X,302D276520126450,Imperial Oil Limited,Suspended,Development Well,1987-04-28 0:00,1987-06-04 0:00,,NWT Mainland,"65° 16' 51.5""","126° 50' 14.6""","65° 16' 51.7""","126° 50' 21.3"""
18,CANOL A-45X,302N276520126450,Imperial Oil Limited,Suspended,Development Well,1942-07-29 0:00,1942-08-24 0:00,,NWT Mainland,"65° 16' 52.0""","126° 49' 53.0""","65° 16' 52.2""","126° 49' 59.7"""
27,CANOL E-32X,303M376520126450,Imperial Oil Limited,Suspended,Development Well,1942-10-02 0:00,1942-10-16 0:00,,NWT Mainland,"65° 16' 54.0""","126° 52' 23.0""","65° 16' 54.2""","126° 52' 29.7"""
1131,NORMAN WELLS E-38X,304P376520126450,Imperial Oil Limited,Suspended,Development Well,1979-06-09 0:00,1979-06-28 0:00,,NWT Mainland,"65° 16' 54.5""","126° 51' 2.2""","65° 16' 54.7""","126° 51' 8.9"""
1228,NORMAN WELLS E-40X,303O376520126450,Imperial Oil Limited,Suspended,Development Well,1982-09-07 0:00,1982-09-17 0:00,,NWT Mainland,"65° 16' 54.9""","126° 51' 6.6""","65° 16' 55.1""","126° 51' 13.3"""
1864,NORMAN WELLS E-39X,302J376520126450,Imperial Oil Limited,Suspended,Development Well,1999-07-08 0:00,1999-07-18 0:00,EA,NWT Mainland,"65° 16' 56.3""","126° 51' 3.7""","65° 16' 56.5""","126° 51' 10.4"""
127,NORMAN WELLS D-34X,304N376520126450,Imperial Oil Limited,Suspended,Development Well,1956-07-16 0:00,1956-07-31 0:00,,NWT Mainland,"65° 16' 57.0""","126° 51' 50.0""","65° 16' 57.2""","126° 51' 56.7"""
15,CANOL B-40X,303P376520126450,Imperial Oil Limited,Suspended,Development Well,1942-07-10 0:00,1942-07-25 0:00,,NWT Mainland,"65° 16' 57.0""","126° 50' 46.0""","65° 16' 57.2""","126° 50' 52.7"""
1230,NORMAN WELLS E-36X,304O376520126450,Imperial Oil Limited,Suspended,Development Well,1982-09-17 0:00,1982-09-27 0:00,,NWT Mainland,"65° 16' 57.3""","126° 51' 21.2""","65° 16' 57.5""","126° 51' 27.9"""
16,CANOL E-33X,300M376520126450,Imperial Oil Limited,Suspended,Development Well,1942-07-20 0:00,1942-07-29 0:00,,NWT Mainland,"65° 16' 58.0""","126° 52' 7.0""","65° 16' 58.2""","126° 52' 13.7"""
1310,NORMAN WELLS G-32X,300I476520126450,Imperial Oil Limited,Suspended,Development Well,1983-07-25 0:00,1983-07-31 0:00,,NWT Mainland,"65° 16' 59.3""","126° 52' 15.9""","65° 16' 59.5""","126° 52' 22.6"""
1865,NORMAN WELLS G-35X,303L376520126450,Imperial Oil Limited,Suspended,Development Well,1999-07-20 0:00,1999-08-06 0:00,EA,NWT Mainland,"65° 16' 59.5""","126° 51' 40.1""","65° 16' 59.7""","126° 51' 46.8"""
1293,NORMAN WELLS C-38X,307O376520126450,Imperial Oil Limited,Suspended,Development Well,1983-04-13 0:00,1983-04-16 0:00,,NWT Mainland,"65° 16' 59.5""","126° 51' 12.9""","65° 16' 59.7""","126° 51' 19.6"""
1226,NORMAN WELLS G-30X,309A486520126450,Imperial Oil Limited,Suspended,Development Well,1982-08-24 0:00,1982-09-04 0:00,,NWT Mainland,"65° 17' 0.6""","126° 52' 40.3""","65° 17' 0.8""","126° 52' 47.0"""
1136,NORMAN WELLS J-29X,303D386520126450,Imperial Oil Limited,Suspended,Development Well,1979-07-09 0:00,1979-08-28 0:00,,NWT Mainland,"65° 17' 0.9""","126° 52' 22.2""","65° 17' 1.1""","126° 52' 28.9"""
1289,NORMAN WELLS C-40X,307P376520126450,Imperial Oil Limited,Suspended,Development Well,1983-04-02 0:00,1983-04-10 0:00,,NWT Mainland,"65° 17' 1.4""","126° 50' 50.3""","65° 17' 1.6""","126° 50' 57.0"""
17,CANOL B-38X,300A386520126450,Imperial Oil Limited,Suspended,Development Well,1942-07-22 0:00,1942-08-10 0:00,,NWT Mainland,"65° 17' 2.8""","126° 50' 59.9""","65° 17' 3.0""","126° 51' 6.6"""
128,NORMAN WELLS F-28X,305A486520126450,Imperial Oil Limited,Suspended,Development Well,1956-08-04 0:00,1956-09-08 0:00,,NWT Mainland,"65° 17' 3.7""","126° 52' 53.0""","65° 17' 3.9""","126° 52' 59.7"""
1652,NORMAN WELLS C-31X,304D386520126450,Imperial Oil Limited,Suspended,Development Well,1987-06-08 0:00,1987-06-12 0:00,,NWT Mainland,"65° 17' 3.8""","126° 52' 13.0""","65° 17' 4.0""","126° 52' 19.7"""
31,CANOL E-28X,302A486520126450,Imperial Oil Limited,Suspended,Development Well,1943-01-10 0:00,1943-06-07 0:00,,NWT Mainland,"65° 17' 4.0""","126° 52' 45.0""","65° 17' 4.2""","126° 52' 51.7"""
22,CANOL C-36X,300B386520126450,Imperial Oil Limited,Suspended,Development Well,1942-08-23 0:00,1942-09-24 0:00,,NWT Mainland,"65° 17' 4.0""","126° 51' 19.0""","65° 17' 4.2""","126° 51' 25.7"""
1649,NORMAN WELLS C-34-1X,305C386520126450,Imperial Oil Limited,Suspended,Development Well,1987-04-22 0:00,1987-04-25 0:00,,NWT Mainland,"65° 17' 4.4""","126° 51' 32.4""","65° 17' 4.6""","126° 51' 39.1"""
19,CANOL C-34X,300C386520126450,Imperial Oil Limited,Suspended,Development Well,1942-07-31 0:00,1942-08-21 0:00,,NWT Mainland,"65° 17' 6.0""","126° 51' 37.0""","65° 17' 6.2""","126° 51' 43.7"""
1124,NORMAN WELLS G-26X,304B486520126450,Imperial Oil Limited,Suspended,Development Well,1979-04-15 0:00,1979-05-14 0:00,,NWT Mainland,"65° 17' 7.2""","126° 53' 5.9""","65° 17' 7.4""","126° 53' 12.6"""
1213,NORMAN WELLS G-28X,306B486520126450,Imperial Oil Limited,Suspended,Development Well,1982-07-02 0:00,1982-07-18 0:00,,NWT Mainland,"65° 17' 7.2""","126° 53' 5.4""","65° 17' 7.4""","126° 53' 12.1"""
1647,NORMAN WELLS G-22X,302D486520126450,Imperial Oil Limited,Suspended,Development Well,1987-04-14 0:00,1987-04-19 0:00,,NWT Mainland,"65° 17' 7.7""","126° 53' 53.2""","65° 17' 7.9""","126° 53' 59.9"""
1223,NORMAN WELLS G-24X,300C486520126450,Imperial Oil Limited,Suspended,Development Well,1982-08-12 0:00,1982-08-26 0:00,,NWT Mainland,"65° 17' 8.0""","126° 53' 34.4""","65° 17' 8.2""","126° 53' 41.1"""
49,CANOL E-25X,302B486520126450,Imperial Oil Limited,Suspended,Development Well,1944-02-17 0:00,1944-03-11 0:00,,NWT Mainland,"65° 17' 9.0""","126° 53' 19.0""","65° 17' 9.2""","126° 53' 25.7"""
1284,NORMAN WELLS I-20X,300P576520126450,Imperial Oil Limited,Suspended,Development Well,1983-03-11 0:00,1983-03-21 0:00,,NWT Mainland,"65° 17' 10.5""","126° 53' 56.8""","65° 17' 10.7""","126° 54' 3.5"""
57,CANOL C-32X,303C386520126450,Imperial Oil Limited,Suspended,Development Well,1944-04-24 0:00,1944-05-09 0:00,,NWT Mainland,"65° 17' 11.0""","126° 51' 55.0""","65° 17' 11.2""","126° 52' 1.7"""
1294,NORMAN WELLS D-28X,310A486520126450,Imperial Oil Limited,Suspended,Development Well,1983-04-17 0:00,1983-04-21 0:00,,NWT Mainland,"65° 17' 11.3""","126° 52' 34.1""","65° 17' 11.5""","126° 52' 40.8"""
55,CANOL C-30X,302D386520126450,Imperial Oil Limited,Suspended,Development Well,1944-04-04 0:00,1944-04-23 0:00,,NWT Mainland,"65° 17' 13.0""","126° 52' 16.0""","65° 17' 13.2""","126° 52' 22.7"""
1302,NORMAN WELLS I-18X,300O576520126450,Imperial Oil Limited,Suspended,Development Well,1983-07-01 0:00,1983-07-12 0:00,,NWT Mainland,"65° 17' 13.6""","126° 54' 45.1""","65° 17' 13.8""","126° 54' 51.8"""
1759,NORMAN WELLS T-12X,302N676520126450,Imperial Oil Limited,Suspended,Development Well,1987-08-16 0:00,1987-08-22 0:00,,NWT Mainland,"65° 16' 5.9""","126° 57' 24.0""","65° 16' 6.1""","126° 57' 30.7"""
1758,NORMAN WELLS T-10X,302M666520126450,Imperial Oil Limited,Suspended,Development Well,1987-08-24 0:00,1987-09-01 0:00,,NWT Mainland,"65° 16' 12.7""","126° 57' 26.6""","65° 16' 12.9""","126° 57' 33.3"""
1671,NORMAN WELLS T-08X,304A776520126450,Imperial Oil Limited,Suspended,Development Well,1987-12-01 0:00,1987-12-08 0:00,EA,NWT Mainland,"65° 16' 16.1""","126° 57' 46.8""","65° 16' 16.3""","126° 57' 53.5"""
28,CANOL D-36-1X,302N376520126450,Imperial Oil Limited,Suspended,Development Well,1942-12-03 0:00,1943-09-29 0:00,,NWT Mainland,"65° 16' 52.0""","126° 51' 35.0""","65° 16' 52.2""","126° 51' 41.7"""
39,CANOL E-27X,300B486520126450,Imperial Oil Limited,Suspended,Development Well,1943-07-12 0:00,1943-08-09 0:00,,NWT Mainland,"65° 17' 6.0""","126° 53' 1.0""","65° 17' 6.2""","126° 53' 7.7"""
1214,NORMAN WELLS B-35X,302B386520126451,Imperial Oil Limited,Suspended,Development Well,2010-05-11 0:00,2010-05-14 0:00,,NWT Mainland,"65° 17' 10.2""","126° 51' 21.9""","65° 17' 10.4""","126° 51' 28.6"""
1295,NORMAN WELLS B-33X,304C386520126451,Imperial Oil Limited,Suspended,Development Well,2009-05-28 0:00,2009-06-02 0:00,,NWT Mainland,"65° 17' 13.0""","126° 51' 49.0""","65° 17' 13.2""","126° 51' 55.7"""
60,CANOL B-30X,300F386520126451,Imperial Oil Limited,Suspended,Development Well,2010-05-21 0:00,2010-05-25 0:00,,NWT Mainland,"65° 17' 18.0""","126° 52' 2.0""","65° 17' 18.2""","126° 52' 8.7"""
2061,NORMAN WELLS M-50-2X,304F366520126451,Imperial Oil Resources N.W.T. Limited,Suspended,Development Well,2009-09-29 0:00,2009-10-22 0:00,,NWT Mainland,"65° 15' 24.1""","126° 51' 56.4""",,
2062,NORMAN WELLS O-42X,305F366520126451,Imperial Oil Resources N.W.T. Limited,Suspended,Development Well,2009-09-13 0:00,2009-09-28 0:00,,NWT Mainland,"65° 15' 24.4""","126° 51' 57.4""",,
2057,NORMAN WELLS N-13X,304I676520126450,Imperial Oil Resources N.W.T. Limited,Suspended,Development Well,2008-09-15 0:00,2008-09-28 0:00,,NWT Mainland,"65° 16' 33.4""","126° 56' 26.6""","65° 16' 33.6""","126° 56' 33.3"""
2055,NORMAN WELLS M-50-1X,302F366520126450,Imperial Oil Resources N.W.T. Limited,Suspended,Development Well,2008-07-04 0:00,2008-08-28 0:00,,NWT Mainland,"65° 15' 24.1""","126° 51' 56.4""","65° 15' 24.3""","126° 52' 3.1"""
2056,NORMAN WELLS N-50X,303F366520126451,Imperial Oil Resources N.W.T. Limited,Suspended,Development Well,2009-09-15 0:00,2009-09-21 0:00,,NWT Mainland,"65° 15' 24.1""","126° 51' 56.4""","65° 15' 24.3""","126° 52' 3.0"""
2059,ELLICE J-27,300J276910135451,MGM Energy Corp.,Suspended,Exploratory Well,2009-02-03 0:00,2009-02-15 0:00,EL427-404,NWT Mackenzie Delta,"69° 6' 39.7""","135° 50' 53.7""",,
1969,ELLICE I-48,300I486910135451,MGM Energy Corp.,Suspended,Exploratory Well,2005-02-26 0:00,2005-03-28 0:00,,NWT Mackenzie Delta,"69° 7' 34.0""","135° 55' 33.5""","69° 7' 33.6""","135° 55' 43.4"""
2027,OLIVIER 3H-01,303H016920136000,MGM Energy Corp.,Suspended,Exploratory Well,2005-04-09 0:00,2005-04-25 0:00,,NWT Mackenzie Delta,"69° 10' 18.8""","136° 0' 14.5""","69° 10' 18.4""","136° 0' 24.4"""
2043,KUMAK I-25,300I256920135000,MGM Energy Corp.,Suspended,Exploratory Well,2007-02-07 0:00,2007-03-07 0:00,EL394,NWT Mackenzie Delta,"69° 14' 42.2""","135° 5' 4.6""","69° 14' 41.9""","135° 5' 14.5"""
2054,LANGLEY E-07,300E076920135301,MGM Energy Corp.,Suspended,Exploratory Well,2008-04-01 0:00,2008-04-09 0:00,EL394,NWT Mackenzie Delta,"69° 16' 24.1""","135° 32' 3.1""","69° 16' 23.8""","135° 32' 13.0"""
2058,NORTH ELLICE J-17,300J176920135450,MGM Energy Corp.,Suspended,Exploratory Well,2009-02-02 0:00,2009-02-23 0:00,EL427-404,NWT Mackenzie Delta,"69° 16' 30.7""","135° 48' 8.8""","69° 16' 30.4""","135° 48' 18.8"""
1985,LANGLEY K-30,300K306920135301,MGM Energy Corp.,Suspended,Exploratory Well,2003-04-12 0:00,2003-04-18 0:00,,NWT Mackenzie Delta,"69° 19' 30.5""","135° 36' 39.3""","69° 19' 30.2""","135° 36' 49.3"""
2018,UMIAK N-05,300N056930134150,MGM Energy Corp.,Suspended,Exploratory Well,2005-01-18 0:00,2005-04-23 0:00,,NWT Mackenzie Delta,"69° 24' 56.6""","134° 16' 20.0""","69° 24' 56.5""","134° 16' 30.1"""
2000,UMIAK N-16,300N166930134151,MGM Energy Corp.,Suspended,Exploratory Well,2005-02-02 0:00,2005-03-16 0:00,,NWT Mackenzie Delta,"69° 25' 53.1""","134° 18' 55.5""","69° 25' 53.0""","134° 19' 5.6"""
220,BLACKIE NO.1 YT M-59,300M596600137000,"Mobil Oil Canada, Ltd.",Suspended,Exploratory Well,1963-12-11 0:00,1964-03-27 0:00,761,Yukon,"65° 58' 54.9""","137° 11' 10.9""","65° 58' 54.1""","137° 11' 19.2"""
213,CHANCE YT G-08,300G086610137303,"Mobil Oil Canada, Ltd.",Suspended,Delineation Well,1998-03-18 0:00,1998-03-24 0:00,3363,Yukon,"66° 7' 18.1""","137° 30' 50.8""","66° 7' 17.3""","137° 30' 59.2"""
12,DISCOVERY D-36X,300N376520126450,Northwest Oils Ltd,Suspended,Development Well,1940-09-06 0:00,1940-09-27 0:00,,NWT Mainland,"65° 16' 58.0""","126° 51' 34.0""","65° 16' 58.2""","126° 51' 40.7"""
1600,BELE O-35,300O356640126150,Suncor Energy Inc.,Suspended,Exploratory Well,2009-09-23 0:00,2009-09-23 0:00,,NWT Mainland,"66° 34' 58.1""","126° 21' 32.1""","66° 34' 58.5""","126° 21' 39.3"""
1555,TWEED LAKE A-67,300A676700125451,Suncor Energy Inc.,Suspended,Exploratory Well,2009-09-24 0:00,2009-09-24 0:00,,NWT Mainland,"66° 56' 11.6""","125° 56' 18.9""","66° 56' 12.1""","125° 56' 26.2"""
1476,TWEED LAKE M-47,300M476700125451,Suncor Energy Inc.,Suspended,Exploratory Well,2004-02-28 0:00,2004-03-16 0:00,,NWT Mainland,"66° 56' 47.1""","125° 54' 9.4""","66° 56' 47.6""","125° 54' 16.7"""
153,CHANCE YT NO.1 M-08,300M086610137301,Western Minerals Ltd,Suspended,Exploratory Well,1998-03-23 0:00,1998-03-29 0:00,,Yukon,"66° 7' 45.9""","137° 31' 27.3""","66° 7' 45.1""","137° 31' 35.7"""